rep,assumption,subgroup,method,statistic,group_size,true_threshold,estimated_threshold,threshold_error,null_leakage,effective_purity,effective_coverage,selected_mu_min_samples_leaf,selected_b_min_samples_leaf,mean_true_tau,mean_tau_hat,pvalue,reject,stat
0,static,effective_subgroup,RV,aipw,185,3.697167441221257,3.64092269256804,-0.05624474865321716,0.0,0.9459459459459459,1.0,40,10,-0.14189189189189186,-0.06678599008552141,0.0033222591362126247,1,-0.1531833730247339
0,static,null_subgroup,RV,aipw,315,3.697167441221257,3.64092269256804,-0.05624474865321716,0.0,0.9459459459459459,1.0,40,10,0.0,-0.0019357190237585243,0.7342192691029901,0,0.003106138745664725
1,static,effective_subgroup,RV,aipw,176,3.697167441221257,3.6947372635981,-0.002430177623157004,0.0,0.9943181818181818,1.0,40,40,-0.14914772727272724,-0.0748602902219808,0.0033222591362126247,1,-0.1540929691053401
1,static,null_subgroup,RV,aipw,324,3.697167441221257,3.6947372635981,-0.002430177623157004,0.0,0.9943181818181818,1.0,40,40,0.0,0.0,0.11295681063122924,0,0.004498428116990992
2,static,effective_subgroup,RV,aipw,183,3.697167441221257,3.664889165162347,-0.032278276058910205,0.0,0.9562841530054644,1.0,40,10,-0.14344262295081966,-0.08184635621701859,0.0033222591362126247,1,-0.14971776227062633
2,static,null_subgroup,RV,aipw,317,3.697167441221257,3.664889165162347,-0.032278276058910205,0.0,0.9562841530054644,1.0,40,10,0.0,0.0,0.3023255813953488,0,0.0021706339333333346
3,static,effective_subgroup,RV,aipw,176,3.697167441221257,3.6947372635981,-0.002430177623157004,0.0,0.9943181818181818,1.0,40,10,-0.14914772727272724,-0.05402712510384638,0.0033222591362126247,1,-0.14591236353695594
3,static,null_subgroup,RV,aipw,324,3.697167441221257,3.6947372635981,-0.002430177623157004,0.0,0.9943181818181818,1.0,40,10,0.0,0.00044882576612712135,0.8803986710963455,0,-0.0051068702690574225
4,static,effective_subgroup,RV,aipw,200,3.697167441221257,3.5686463868039384,-0.12852105441731876,0.0,0.875,1.0,40,10,-0.13124999999999998,-0.06900366884784191,0.0033222591362126247,1,-0.13133892045116682
4,static,null_subgroup,RV,aipw,300,3.697167441221257,3.5686463868039384,-0.12852105441731876,0.0,0.875,1.0,40,10,0.0,0.0004937434939054319,0.23920265780730898,0,0.0035176624031565294
5,static,effective_subgroup,RV,aipw,185,3.697167441221257,3.650664842211826,-0.04650259900943121,0.0,0.9459459459459459,1.0,80,10,-0.14189189189189186,-0.05647516815870809,0.0033222591362126247,1,-0.1315579013007822
5,static,null_subgroup,RV,aipw,315,3.697167441221257,3.650664842211826,-0.04650259900943121,0.0,0.9459459459459459,1.0,80,10,0.0,0.0008573386104221984,0.9966777408637874,0,-0.011979971532325004
6,static,effective_subgroup,RV,aipw,174,3.697167441221257,3.69937419120658,0.0022067499853228867,0.003067484662576687,1.0,0.9942857142857143,80,20,-0.15,-0.06543114925604727,0.0033222591362126247,1,-0.1532405691969453
6,static,null_subgroup,RV,aipw,326,3.697167441221257,3.69937419120658,0.0022067499853228867,0.003067484662576687,1.0,0.9942857142857143,80,20,-0.00046012269938650307,0.0002502108375389537,0.4053156146179402,0,0.0011278048628928904
7,static,effective_subgroup,RV,aipw,189,3.697167441221257,3.60484545850393,-0.09232198271732717,0.0,0.9259259259259259,1.0,100,10,-0.13888888888888887,-0.06042850689308581,0.0033222591362126247,1,-0.13507775228155589
7,static,null_subgroup,RV,aipw,311,3.697167441221257,3.60484545850393,-0.09232198271732717,0.0,0.9259259259259259,1.0,100,10,0.0,0.0,0.08970099667774087,1,0.0059073934445547874
8,static,effective_subgroup,RV,aipw,170,3.697167441221257,3.7111056128721,0.013938171650842879,0.015151515151515152,1.0,0.9714285714285714,40,10,-0.14999999999999997,-0.07489183792488362,0.0033222591362126247,1,-0.15754963385451612
8,static,null_subgroup,RV,aipw,330,3.697167441221257,3.7111056128721,0.013938171650842879,0.015151515151515152,1.0,0.9714285714285714,40,10,-0.0022727272727272726,-0.0029308100965728993,0.8338870431893688,0,0.004153277792908282
9,static,effective_subgroup,RV,aipw,318,3.697167441221257,2.81259038037613,-0.8845770608451273,0.0,0.550314465408805,1.0,40,10,-0.08254716981132075,-0.013119862402588231,0.0033222591362126247,1,-0.0711530379919391
9,static,null_subgroup,RV,aipw,182,3.697167441221257,2.81259038037613,-0.8845770608451273,0.0,0.550314465408805,1.0,40,10,0.0,0.0033167088930939185,0.46179401993355484,0,0.0008295172771494135
10,static,effective_subgroup,RV,aipw,193,3.697167441221257,3.58546149491545,-0.11170594630580721,0.0,0.9067357512953368,1.0,40,10,-0.1360103626943005,-0.0488488530396789,0.0033222591362126247,1,-0.1375654044523772
10,static,null_subgroup,RV,aipw,307,3.697167441221257,3.58546149491545,-0.11170594630580721,0.0,0.9067357512953368,1.0,40,10,0.0,0.00044386038713921616,0.6644518272425249,0,-0.0015301360048865717
11,static,effective_subgroup,RV,aipw,306,3.697167441221257,2.887835199630674,-0.809332241590583,0.0,0.5718954248366013,1.0,100,10,-0.0857843137254902,-0.021422685179427168,0.0033222591362126247,1,-0.08181657603127221
11,static,null_subgroup,RV,aipw,194,3.697167441221257,2.887835199630674,-0.809332241590583,0.0,0.5718954248366013,1.0,100,10,0.0,0.004432205000906124,0.18272425249169436,0,0.004506290248333721
12,static,effective_subgroup,RV,aipw,176,3.697167441221257,3.6947372635981,-0.002430177623157004,0.0,0.9943181818181818,1.0,40,40,-0.14914772727272724,-0.04807595764664901,0.0033222591362126247,1,-0.16064844988005972
12,static,null_subgroup,RV,aipw,324,3.697167441221257,3.6947372635981,-0.002430177623157004,0.0,0.9943181818181818,1.0,40,40,0.0,0.0,0.10299003322259136,0,0.005093344746050857
13,static,effective_subgroup,RV,aipw,191,3.697167441221257,3.59747663064059,-0.09969081058066731,0.0,0.9162303664921466,1.0,100,10,-0.13743455497382198,-0.030362245857845797,0.0033222591362126247,1,-0.1445066054257953
13,static,null_subgroup,RV,aipw,309,3.697167441221257,3.59747663064059,-0.09969081058066731,0.0,0.9162303664921466,1.0,100,10,0.0,0.0,0.8272425249169435,0,-0.0036920754451417147
14,static,effective_subgroup,RV,aipw,210,3.697167441221257,3.5211875227119656,-0.17597991850929162,0.0,0.8333333333333334,1.0,40,10,-0.12499999999999997,-0.0511140351883027,0.0033222591362126247,1,-0.12741863013890833
14,static,null_subgroup,RV,aipw,290,3.697167441221257,3.5211875227119656,-0.17597991850929162,0.0,0.8333333333333334,1.0,40,10,0.0,0.0,0.521594684385382,0,-0.0002714682280916359
15,static,effective_subgroup,RV,aipw,172,3.697167441221257,3.7105088423269286,0.013341401105671391,0.009146341463414634,1.0,0.9828571428571429,40,10,-0.15,-0.06801221601530721,0.0033222591362126247,1,-0.16718785229660144
15,static,null_subgroup,RV,aipw,328,3.697167441221257,3.7105088423269286,0.013341401105671391,0.009146341463414634,1.0,0.9828571428571429,40,10,-0.001371951219512195,-0.0009411179358469387,0.6843853820598007,0,0.001866822778418007
16,static,effective_subgroup,RV,aipw,206,3.697167441221257,3.53298558915526,-0.164181852065997,0.0,0.8495145631067961,1.0,100,10,-0.12742718446601942,-0.046008443770305725,0.0033222591362126247,1,-0.14021437121535008
16,static,null_subgroup,RV,aipw,294,3.697167441221257,3.53298558915526,-0.164181852065997,0.0,0.8495145631067961,1.0,100,10,0.0,0.0,0.2159468438538206,0,0.003200215333563351
17,static,effective_subgroup,RV,aipw,189,3.697167441221257,3.60484545850393,-0.09232198271732717,0.0,0.9259259259259259,1.0,100,10,-0.13888888888888887,-0.04961394701645318,0.0033222591362126247,1,-0.14206155042928575
17,static,null_subgroup,RV,aipw,311,3.697167441221257,3.60484545850393,-0.09232198271732717,0.0,0.9259259259259259,1.0,100,10,0.0,0.0002003245396409859,0.7873754152823921,0,-0.00421110517720054
18,static,effective_subgroup,RV,aipw,175,3.697167441221257,3.69597919122916,-0.0011882499920972123,0.0,1.0,1.0,100,40,-0.15,-0.05823701725294136,0.0033222591362126247,1,-0.1467591981771637
18,static,null_subgroup,RV,aipw,325,3.697167441221257,3.69597919122916,-0.0011882499920972123,0.0,1.0,1.0,100,40,0.0,0.0,0.8704318936877077,0,-0.005328584638822814
19,static,effective_subgroup,RV,aipw,176,3.697167441221257,3.6947372635981,-0.002430177623157004,0.0,0.9943181818181818,1.0,100,10,-0.14914772727272724,-0.07167313941964924,0.0033222591362126247,1,-0.17179225617026467
19,static,null_subgroup,RV,aipw,324,3.697167441221257,3.6947372635981,-0.002430177623157004,0.0,0.9943181818181818,1.0,100,10,0.0,0.0,0.9933554817275747,0,-0.009711379984994975
20,static,effective_subgroup,RV,aipw,178,3.697167441221257,3.693832197148408,-0.0033352440728493526,0.0,0.9831460674157303,1.0,40,10,-0.14747191011235952,-0.07134680462504386,0.0033222591362126247,1,-0.14452097080004703
20,static,null_subgroup,RV,aipw,322,3.697167441221257,3.693832197148408,-0.0033352440728493526,0.0,0.9831460674157303,1.0,40,10,0.0,-0.0039822826989434,0.046511627906976744,1,-0.006909099068010782
21,static,effective_subgroup,RV,aipw,260,3.697167441221257,3.16082289341958,-0.5363445478016771,0.0,0.6730769230769231,1.0,40,10,-0.10096153846153846,-0.05042509354292794,0.0033222591362126247,1,-0.09806461797476622
21,static,null_subgroup,RV,aipw,240,3.697167441221257,3.16082289341958,-0.5363445478016771,0.0,0.6730769230769231,1.0,40,10,0.0,0.004990849954594873,0.8039867109634552,0,-0.004384395498432272
22,static,effective_subgroup,RV,aipw,223,3.697167441221257,3.41759552747179,-0.279571913749467,0.0,0.7847533632286996,1.0,40,10,-0.11771300448430494,-0.02804214417725215,0.0033222591362126247,1,-0.11725758966248365
22,static,null_subgroup,RV,aipw,277,3.697167441221257,3.41759552747179,-0.279571913749467,0.0,0.7847533632286996,1.0,40,10,0.0,0.0037507363509624555,0.3754152823920266,0,0.0016318479595239508
23,static,effective_subgroup,RV,aipw,188,3.697167441221257,3.60644848013478,-0.09071896108647737,0.0,0.9308510638297872,1.0,80,10,-0.13962765957446807,-0.05645953433946316,0.0033222591362126247,1,-0.14407369803353873
23,static,null_subgroup,RV,aipw,312,3.697167441221257,3.60644848013478,-0.09071896108647737,0.0,0.9308510638297872,1.0,80,10,0.0,0.0008525236493483098,0.9800664451827242,0,-0.00724625060953446
24,static,effective_subgroup,RV,aipw,183,3.697167441221257,3.664376420444253,-0.03279102077700413,0.0,0.9562841530054644,1.0,100,10,-0.14344262295081966,-0.024559934146547148,0.0033222591362126247,1,-0.13897862988454193
24,static,null_subgroup,RV,aipw,317,3.697167441221257,3.664376420444253,-0.03279102077700413,0.0,0.9562841530054644,1.0,100,10,0.0,0.0,0.3654485049833887,0,0.0014427910614592328
25,static,effective_subgroup,RV,aipw,176,3.697167441221257,3.6947372635981,-0.002430177623157004,0.0,0.9943181818181818,1.0,40,10,-0.14914772727272724,-0.08515180402047068,0.0033222591362126247,1,-0.1698162121837658
25,static,null_subgroup,RV,aipw,324,3.697167441221257,3.6947372635981,-0.002430177623157004,0.0,0.9943181818181818,1.0,40,10,0.0,0.0,0.8039867109634552,0,-0.0031814258663658444
26,static,effective_subgroup,RV,aipw,179,3.697167441221257,3.6862706475998057,-0.010896793621451462,0.0,0.9776536312849162,1.0,40,10,-0.14664804469273743,-0.03870663209265954,0.0033222591362126247,1,-0.16295722908526172
26,static,null_subgroup,RV,aipw,321,3.697167441221257,3.6862706475998057,-0.010896793621451462,0.0,0.9776536312849162,1.0,40,10,0.0,-0.002584698548578803,0.3289036544850498,0,-0.002285115990188754
27,static,effective_subgroup,RV,aipw,181,3.697167441221257,3.6701042987876,-0.027063142433657372,0.0,0.9668508287292817,1.0,80,10,-0.14502762430939226,-0.07332422715682968,0.0033222591362126247,1,-0.15985550145294608
27,static,null_subgroup,RV,aipw,319,3.697167441221257,3.6701042987876,-0.027063142433657372,0.0,0.9668508287292817,1.0,80,10,0.0,-0.0003905647211117473,0.946843853820598,0,0.005905733761174653
28,static,effective_subgroup,RV,aipw,175,3.697167441221257,3.69597919122916,-0.0011882499920972123,0.0,1.0,1.0,100,10,-0.15,-0.058208010594255365,0.0033222591362126247,1,-0.15048760730780722
28,static,null_subgroup,RV,aipw,325,3.697167441221257,3.69597919122916,-0.0011882499920972123,0.0,1.0,1.0,100,10,0.0,0.0,0.5382059800664452,0,-0.000682332273910693
29,static,effective_subgroup,RV,aipw,194,3.697167441221257,3.584633292840736,-0.11253414838052134,0.0,0.9020618556701031,1.0,60,10,-0.13530927835051546,-0.045489542542457954,0.0033222591362126247,1,-0.1352660489145224
29,static,null_subgroup,RV,aipw,306,3.697167441221257,3.584633292840736,-0.11253414838052134,0.0,0.9020618556701031,1.0,60,10,0.0,-0.0006962114798759296,0.3754152823920266,0,-0.0014121441876536653
30,static,effective_subgroup,RV,aipw,177,3.697167441221257,3.69419032643251,-0.0029771147887469596,0.0,0.9887005649717514,1.0,40,10,-0.1483050847457627,-0.045463959372002836,0.0033222591362126247,1,-0.14005590445368665
30,static,null_subgroup,RV,aipw,323,3.697167441221257,3.69419032643251,-0.0029771147887469596,0.0,0.9887005649717514,1.0,40,10,0.0,0.0,0.16279069767441862,0,0.004366808241333406
31,static,effective_subgroup,RV,aipw,171,3.697167441221257,3.711076263689366,0.013908822468108983,0.0121580547112462,1.0,0.9771428571428571,40,20,-0.15,-0.055817821426137726,0.0033222591362126247,1,-0.15183234664544526
31,static,null_subgroup,RV,aipw,329,3.697167441221257,3.711076263689366,0.013908822468108983,0.0121580547112462,1.0,0.9771428571428571,40,20,-0.00182370820668693,0.0002447936437894438,0.5083056478405316,0,-0.00029321318113584153
32,static,effective_subgroup,RV,aipw,174,3.697167441221257,3.69937419120658,0.0022067499853228867,0.003067484662576687,1.0,0.9942857142857143,40,10,-0.15,-0.05195380377187935,0.0033222591362126247,1,-0.16031470103306736
32,static,null_subgroup,RV,aipw,326,3.697167441221257,3.69937419120658,0.0022067499853228867,0.003067484662576687,1.0,0.9942857142857143,40,10,-0.00046012269938650307,0.004192131765649567,0.046511627906976744,1,0.006966209728025366
33,static,effective_subgroup,RV,aipw,170,3.697167441221257,3.7111056128721,0.013938171650842879,0.015151515151515152,1.0,0.9714285714285714,40,10,-0.14999999999999997,-0.06642584578599883,0.0033222591362126247,1,-0.14890105585115085
33,static,null_subgroup,RV,aipw,330,3.697167441221257,3.7111056128721,0.013938171650842879,0.015151515151515152,1.0,0.9714285714285714,40,10,-0.0022727272727272726,0.0011013020841906813,0.8073089700996677,0,-0.003026005933906372
34,static,effective_subgroup,RV,aipw,172,3.697167441221257,3.7105088423269286,0.013341401105671391,0.009146341463414634,1.0,0.9828571428571429,40,10,-0.15,-0.04269138251434019,0.0033222591362126247,1,-0.14913428238040113
34,static,null_subgroup,RV,aipw,328,3.697167441221257,3.7105088423269286,0.013341401105671391,0.009146341463414634,1.0,0.9828571428571429,40,10,-0.001371951219512195,0.0,0.8272425249169435,0,-0.004188620123774921
35,static,effective_subgroup,RV,aipw,178,3.697167441221257,3.68702774075046,-0.010139700470797042,0.0,0.9831460674157303,1.0,40,10,-0.14747191011235952,-0.05743429816576901,0.0033222591362126247,1,-0.15093993237071762
35,static,null_subgroup,RV,aipw,322,3.697167441221257,3.68702774075046,-0.010139700470797042,0.0,0.9831460674157303,1.0,40,10,0.0,0.0,0.023255813953488372,1,0.007998791483015081
36,static,effective_subgroup,RV,aipw,173,3.697167441221257,3.70051153834364,0.0033440971223828164,0.0061162079510703364,1.0,0.9885714285714285,60,10,-0.14999999999999997,-0.07400476316176313,0.0033222591362126247,1,-0.15647162411130028
36,static,null_subgroup,RV,aipw,327,3.697167441221257,3.70051153834364,0.0033440971223828164,0.0061162079510703364,1.0,0.9885714285714285,60,10,-0.0009174311926605504,0.0013562073322555854,0.9169435215946844,0,-0.006008475401381499
37,static,effective_subgroup,RV,aipw,173,3.697167441221257,3.7091581338747335,0.011990692653476298,0.0061162079510703364,1.0,0.9885714285714285,40,10,-0.14999999999999997,-0.05305513257426137,0.0033222591362126247,1,-0.1519074165777811
37,static,null_subgroup,RV,aipw,327,3.697167441221257,3.7091581338747335,0.011990692653476298,0.0061162079510703364,1.0,0.9885714285714285,40,10,-0.0009174311926605504,0.0023697082276514076,0.18272425249169436,0,0.0039033620465110594
38,static,effective_subgroup,RV,aipw,182,3.697167441221257,3.6698796252069488,-0.027287816014308408,0.0,0.9615384615384616,1.0,100,10,-0.14423076923076922,-0.036922243607419934,0.0033222591362126247,1,-0.13934501262487436
38,static,null_subgroup,RV,aipw,318,3.697167441221257,3.6698796252069488,-0.027287816014308408,0.0,0.9615384615384616,1.0,100,10,0.0,0.0,0.43853820598006643,0,0.00035357993749505335
39,static,effective_subgroup,RV,aipw,190,3.697167441221257,3.59824333385449,-0.09892410736676727,0.0,0.9210526315789473,1.0,40,10,-0.1381578947368421,-0.04020915273923894,0.0033222591362126247,1,-0.13894319539347338
39,static,null_subgroup,RV,aipw,310,3.697167441221257,3.59824333385449,-0.09892410736676727,0.0,0.9210526315789473,1.0,40,10,0.0,0.0,0.2059800664451827,0,0.003474756132964443
40,static,effective_subgroup,RV,aipw,175,3.697167441221257,3.69597919122916,-0.0011882499920972123,0.0,1.0,1.0,40,10,-0.15,-0.049186210391417164,0.0033222591362126247,1,-0.15974248334074884
40,static,null_subgroup,RV,aipw,325,3.697167441221257,3.69597919122916,-0.0011882499920972123,0.0,1.0,1.0,40,10,0.0,0.006299405515564414,0.9534883720930233,0,-0.006944260367677833
41,static,effective_subgroup,RV,aipw,225,3.697167441221257,3.413185599236613,-0.28398184198464405,0.0,0.7777777777777778,1.0,100,10,-0.11666666666666664,-0.04592368622364626,0.0033222591362126247,1,-0.1116218243995036
41,static,null_subgroup,RV,aipw,275,3.697167441221257,3.413185599236613,-0.28398184198464405,0.0,0.7777777777777778,1.0,100,10,0.0,0.005047009893079781,0.9435215946843853,0,-0.00776638467541792
42,static,effective_subgroup,RV,aipw,202,3.697167441221257,3.567516167037861,-0.1296512741833964,0.0,0.8663366336633663,1.0,60,10,-0.12995049504950493,-0.03939011750626498,0.0033222591362126247,1,-0.13469335009541444
42,static,null_subgroup,RV,aipw,298,3.697167441221257,3.567516167037861,-0.1296512741833964,0.0,0.8663366336633663,1.0,60,10,0.0,-0.0018525812553664284,0.8438538205980066,0,0.004169962479414505
43,static,effective_subgroup,RV,aipw,180,3.697167441221257,3.6842421791385997,-0.01292526208265743,0.0,0.9722222222222222,1.0,100,10,-0.14583333333333334,-0.03559147083687499,0.0033222591362126247,1,-0.14086997343279636
43,static,null_subgroup,RV,aipw,320,3.697167441221257,3.6842421791385997,-0.01292526208265743,0.0,0.9722222222222222,1.0,100,10,0.0,0.0,0.8372093023255814,0,-0.003778556247644847
44,static,effective_subgroup,RV,aipw,178,3.697167441221257,3.68702774075046,-0.010139700470797042,0.0,0.9831460674157303,1.0,100,20,-0.14747191011235952,-0.09230373850628032,0.0033222591362126247,1,-0.16788984121329215
44,static,null_subgroup,RV,aipw,322,3.697167441221257,3.68702774075046,-0.010139700470797042,0.0,0.9831460674157303,1.0,100,20,0.0,-8.626958384946931e-05,0.7475083056478405,0,0.0026686073997519476
45,static,effective_subgroup,RV,aipw,208,3.697167441221257,3.5276147937844238,-0.1695526474368334,0.0,0.8413461538461539,1.0,100,20,-0.12620192307692307,-0.0434220403830093,0.0033222591362126247,1,-0.13719042695916023
45,static,null_subgroup,RV,aipw,292,3.697167441221257,3.5276147937844238,-0.1695526474368334,0.0,0.8413461538461539,1.0,100,20,0.0,0.000978695576081571,0.4684385382059801,0,0.0006267763136264273
46,static,effective_subgroup,RV,aipw,173,3.697167441221257,3.70051153834364,0.0033440971223828164,0.0061162079510703364,1.0,0.9885714285714285,40,10,-0.14999999999999997,-0.05940223171147483,0.0033222591362126247,1,-0.15506843615777874
46,static,null_subgroup,RV,aipw,327,3.697167441221257,3.70051153834364,0.0033440971223828164,0.0061162079510703364,1.0,0.9885714285714285,40,10,-0.0009174311926605504,0.0010305389231764078,0.48172757475083056,0,7.520375465937152e-05
47,static,effective_subgroup,RV,aipw,190,3.697167441221257,3.604477017110763,-0.092690424110494,0.0,0.9210526315789473,1.0,60,40,-0.1381578947368421,-0.04065494426862308,0.0033222591362126247,1,-0.13978948877919273
47,static,null_subgroup,RV,aipw,310,3.697167441221257,3.604477017110763,-0.092690424110494,0.0,0.9210526315789473,1.0,60,40,0.0,-0.008204198727865717,0.7541528239202658,0,0.002542420650560896
48,static,effective_subgroup,RV,aipw,171,3.697167441221257,3.71051862921742,0.01335118799616275,0.0121580547112462,1.0,0.9771428571428571,80,40,-0.15,-0.07140980865788903,0.0033222591362126247,1,-0.149553911416491
48,static,null_subgroup,RV,aipw,329,3.697167441221257,3.71051862921742,0.01335118799616275,0.0121580547112462,1.0,0.9771428571428571,80,40,-0.00182370820668693,0.0,0.2823920265780731,0,0.002361468822964929
49,static,effective_subgroup,RV,aipw,185,3.697167441221257,3.64092269256804,-0.05624474865321716,0.0,0.9459459459459459,1.0,100,40,-0.14189189189189186,-0.0515945876985473,0.0033222591362126247,1,-0.14481726126034253
49,static,null_subgroup,RV,aipw,315,3.697167441221257,3.64092269256804,-0.05624474865321716,0.0,0.9459459459459459,1.0,100,40,0.0,0.0,0.42857142857142855,0,0.0005920617693346205
50,static,effective_subgroup,RV,aipw,174,3.697167441221257,3.69937419120658,0.0022067499853228867,0.003067484662576687,1.0,0.9942857142857143,100,10,-0.15,-0.06795787900128146,0.0033222591362126247,1,-0.149704504610832
50,static,null_subgroup,RV,aipw,326,3.697167441221257,3.69937419120658,0.0022067499853228867,0.003067484662576687,1.0,0.9942857142857143,100,10,-0.00046012269938650307,0.0,0.9601328903654485,0,-0.007296306158576918
51,static,effective_subgroup,RV,aipw,176,3.697167441221257,3.6947372635981,-0.002430177623157004,0.0,0.9943181818181818,1.0,100,10,-0.14914772727272724,-0.05841451202550541,0.0033222591362126247,1,-0.16462326211691064
51,static,null_subgroup,RV,aipw,324,3.697167441221257,3.6947372635981,-0.002430177623157004,0.0,0.9943181818181818,1.0,100,10,0.0,0.0,0.3222591362126246,0,0.001747636692398932
52,static,effective_subgroup,RV,aipw,179,3.697167441221257,3.6869374925434566,-0.010229948677800582,0.0,0.9776536312849162,1.0,100,10,-0.14664804469273743,-0.06753983734070962,0.0033222591362126247,1,-0.16217446942511454
52,static,null_subgroup,RV,aipw,321,3.697167441221257,3.6869374925434566,-0.010229948677800582,0.0,0.9776536312849162,1.0,100,10,0.0,0.000260773103940509,0.2059800664451827,0,0.002772253990381657
53,static,effective_subgroup,RV,aipw,173,3.697167441221257,3.709961407316878,0.012793966095620668,0.0061162079510703364,1.0,0.9885714285714285,100,10,-0.14999999999999997,-0.0798139141830978,0.0033222591362126247,1,-0.16281043289394573
53,static,null_subgroup,RV,aipw,327,3.697167441221257,3.709961407316878,0.012793966095620668,0.0061162079510703364,1.0,0.9885714285714285,100,10,-0.0009174311926605504,0.0,0.5681063122923588,0,-0.0006993812184053616
54,static,effective_subgroup,RV,aipw,181,3.697167441221257,3.6713284412588845,-0.02583899996237271,0.0,0.9668508287292817,1.0,40,10,-0.14502762430939226,-0.055845293064654064,0.0033222591362126247,1,-0.15488127230857882
54,static,null_subgroup,RV,aipw,319,3.697167441221257,3.6713284412588845,-0.02583899996237271,0.0,0.9668508287292817,1.0,40,10,0.0,0.0010062425981687067,0.7906976744186046,0,-0.003492908166514974
55,static,effective_subgroup,RV,aipw,175,3.697167441221257,3.69597919122916,-0.0011882499920972123,0.0,1.0,1.0,40,10,-0.15,-0.08402738907407177,0.0033222591362126247,1,-0.1710410331139495
55,static,null_subgroup,RV,aipw,325,3.697167441221257,3.69597919122916,-0.0011882499920972123,0.0,1.0,1.0,40,10,0.0,0.0005632440625099181,0.7375415282392026,0,-0.002193169435758772
56,static,effective_subgroup,RV,aipw,175,3.697167441221257,3.699204441207709,0.002036999986451793,0.0,1.0,1.0,80,10,-0.15,-0.05012754956066505,0.0033222591362126247,1,-0.13536860190757655
56,static,null_subgroup,RV,aipw,325,3.697167441221257,3.699204441207709,0.002036999986451793,0.0,1.0,1.0,80,10,0.0,0.0013628675967063098,0.7541528239202658,0,-0.0028046028383564335
57,static,effective_subgroup,RV,aipw,175,3.697167441221257,3.69597919122916,-0.0011882499920972123,0.0,1.0,1.0,40,10,-0.15,-0.056309316761604195,0.0033222591362126247,1,-0.15672859223670868
57,static,null_subgroup,RV,aipw,325,3.697167441221257,3.69597919122916,-0.0011882499920972123,0.0,1.0,1.0,40,10,0.0,-0.002286112543514651,0.026578073089700997,1,-0.009162557360356968
58,static,effective_subgroup,RV,aipw,197,3.697167441221257,3.5832685081848865,-0.11389893303637066,0.0,0.8883248730964467,1.0,40,10,-0.133248730964467,-0.04739985033914232,0.0033222591362126247,1,-0.13924192122213205
58,static,null_subgroup,RV,aipw,303,3.697167441221257,3.5832685081848865,-0.11389893303637066,0.0,0.8883248730964467,1.0,40,10,0.0,0.0021490711537777564,0.009966777408637873,1,0.009005637391157123
59,static,effective_subgroup,RV,aipw,176,3.697167441221257,3.6959170948476068,-0.0012503463736504017,0.0,0.9943181818181818,1.0,60,40,-0.14914772727272724,-0.037874428953260014,0.0033222591362126247,1,-0.1435994196905438
59,static,null_subgroup,RV,aipw,324,3.697167441221257,3.6959170948476068,-0.0012503463736504017,0.0,0.9943181818181818,1.0,60,40,0.0,0.0,0.9601328903654485,0,-0.006269395019955226
60,static,effective_subgroup,RV,aipw,192,3.697167441221257,3.597069565297438,-0.10009787592381914,0.0,0.9114583333333334,1.0,80,10,-0.13671874999999997,-0.05207031113631397,0.0033222591362126247,1,-0.1457336105926258
60,static,null_subgroup,RV,aipw,308,3.697167441221257,3.597069565297438,-0.10009787592381914,0.0,0.9114583333333334,1.0,80,10,0.0,0.0106932970004891,0.4119601328903654,0,0.0004674388372933096
61,static,effective_subgroup,RV,aipw,177,3.697167441221257,3.69419032643251,-0.0029771147887469596,0.0,0.9887005649717514,1.0,40,10,-0.1483050847457627,-0.07615549528427724,0.0033222591362126247,1,-0.15703693694939216
61,static,null_subgroup,RV,aipw,323,3.697167441221257,3.69419032643251,-0.0029771147887469596,0.0,0.9887005649717514,1.0,40,10,0.0,-0.0003426813683131889,0.6013289036544851,0,0.0007325667086564158
62,static,effective_subgroup,RV,aipw,178,3.697167441221257,3.693832197148408,-0.0033352440728493526,0.0,0.9831460674157303,1.0,80,20,-0.14747191011235952,-0.061185496316187166,0.0033222591362126247,1,-0.14546421166489293
62,static,null_subgroup,RV,aipw,322,3.697167441221257,3.693832197148408,-0.0033352440728493526,0.0,0.9831460674157303,1.0,80,20,0.0,0.0,0.132890365448505,0,0.00437525809288976
63,static,effective_subgroup,RV,aipw,176,3.697167441221257,3.6947372635981,-0.002430177623157004,0.0,0.9943181818181818,1.0,100,20,-0.14914772727272724,-0.06986109084625503,0.0033222591362126247,1,-0.1524278251150203
63,static,null_subgroup,RV,aipw,324,3.697167441221257,3.6947372635981,-0.002430177623157004,0.0,0.9943181818181818,1.0,100,20,0.0,0.0005143489264863727,0.6810631229235881,0,-0.0015635813421405922
64,static,effective_subgroup,RV,aipw,173,3.697167441221257,3.70051153834364,0.0033440971223828164,0.0061162079510703364,1.0,0.9885714285714285,100,10,-0.14999999999999997,-0.058965460060283865,0.0033222591362126247,1,-0.15894435556202208
64,static,null_subgroup,RV,aipw,327,3.697167441221257,3.70051153834364,0.0033440971223828164,0.0061162079510703364,1.0,0.9885714285714285,100,10,-0.0009174311926605504,0.0,0.9269102990033222,0,-0.00495893172075994
65,static,effective_subgroup,RV,aipw,180,3.697167441221257,3.67188587773737,-0.025281563483887215,0.0,0.9722222222222222,1.0,100,40,-0.14583333333333334,-0.03274445446051632,0.0033222591362126247,1,-0.14901056787268754
65,static,null_subgroup,RV,aipw,320,3.697167441221257,3.67188587773737,-0.025281563483887215,0.0,0.9722222222222222,1.0,100,40,0.0,0.0,0.9368770764119602,0,-0.00612473486503008
66,static,effective_subgroup,RV,aipw,205,3.697167441221257,3.5340397577551794,-0.16312768346607776,0.0,0.8536585365853658,1.0,60,10,-0.12804878048780485,-0.05344154716714156,0.0033222591362126247,1,-0.13360038806737604
66,static,null_subgroup,RV,aipw,295,3.697167441221257,3.5340397577551794,-0.16312768346607776,0.0,0.8536585365853658,1.0,60,10,0.0,0.0,0.8870431893687708,0,-0.005735394753655037
67,static,effective_subgroup,RV,aipw,171,3.697167441221257,3.71051862921742,0.01335118799616275,0.0121580547112462,1.0,0.9771428571428571,100,40,-0.15,-0.06317416656160345,0.0033222591362126247,1,-0.15144605152848037
67,static,null_subgroup,RV,aipw,329,3.697167441221257,3.71051862921742,0.01335118799616275,0.0121580547112462,1.0,0.9771428571428571,100,40,-0.00182370820668693,0.0,0.26245847176079734,0,0.002308853150781859
68,static,effective_subgroup,RV,aipw,180,3.697167441221257,3.67188587773737,-0.025281563483887215,0.0,0.9722222222222222,1.0,100,10,-0.14583333333333334,-0.03789811263829219,0.0033222591362126247,1,-0.14710800025917065
68,static,null_subgroup,RV,aipw,320,3.697167441221257,3.67188587773737,-0.025281563483887215,0.0,0.9722222222222222,1.0,100,10,0.0,0.0,0.6877076411960132,0,-0.0018710978162628893
69,static,effective_subgroup,RV,aipw,187,3.697167441221257,3.62527383102497,-0.07189361019628704,0.0,0.9358288770053476,1.0,40,40,-0.14037433155080214,-0.0662214214094762,0.0033222591362126247,1,-0.14936744228135443
69,static,null_subgroup,RV,aipw,313,3.697167441221257,3.62527383102497,-0.07189361019628704,0.0,0.9358288770053476,1.0,40,40,0.0,0.003494864086449892,0.9136212624584718,0,-0.005812401990307693
70,static,effective_subgroup,RV,aipw,360,3.697167441221257,2.4838825171482704,-1.2132849240729868,0.0,0.4861111111111111,1.0,100,40,-0.07291666666666667,-0.029165141817006728,0.0033222591362126247,1,-0.07609256106656945
70,static,null_subgroup,RV,aipw,140,3.697167441221257,2.4838825171482704,-1.2132849240729868,0.0,0.4861111111111111,1.0,100,40,0.0,0.0014109050469881114,0.4418604651162791,0,0.000796204302930623
71,static,effective_subgroup,RV,aipw,183,3.697167441221257,3.665367143224234,-0.03180029799702311,0.0,0.9562841530054644,1.0,100,40,-0.14344262295081966,-0.07793190375243379,0.0033222591362126247,1,-0.14570610475422272
71,static,null_subgroup,RV,aipw,317,3.697167441221257,3.665367143224234,-0.03180029799702311,0.0,0.9562841530054644,1.0,100,40,0.0,0.0,0.3588039867109635,0,0.0020744111655934894
72,static,effective_subgroup,RV,aipw,191,3.697167441221257,3.59747663064059,-0.09969081058066731,0.0,0.9162303664921466,1.0,40,10,-0.13743455497382198,-0.08815891312277278,0.0033222591362126247,1,-0.1503908463657499
72,static,null_subgroup,RV,aipw,309,3.697167441221257,3.59747663064059,-0.09969081058066731,0.0,0.9162303664921466,1.0,40,10,0.0,0.001668398509298963,0.6611295681063123,0,-0.001061785141712282
73,static,effective_subgroup,RV,aipw,181,3.697167441221257,3.6701042987876,-0.027063142433657372,0.0,0.9668508287292817,1.0,40,10,-0.14502762430939226,-0.015027702467061801,0.0033222591362126247,1,-0.13470333291815348
73,static,null_subgroup,RV,aipw,319,3.697167441221257,3.6701042987876,-0.027063142433657372,0.0,0.9668508287292817,1.0,40,10,0.0,0.0,0.867109634551495,0,-0.004274477450264791
74,static,effective_subgroup,RV,aipw,176,3.697167441221257,3.6959170948476068,-0.0012503463736504017,0.0,0.9943181818181818,1.0,40,10,-0.14914772727272724,-0.05519815300987804,0.0033222591362126247,1,-0.15530530516711213
74,static,null_subgroup,RV,aipw,324,3.697167441221257,3.6959170948476068,-0.0012503463736504017,0.0,0.9943181818181818,1.0,40,10,0.0,0.002570865994021529,0.006644518272425249,1,0.011052403685669412
75,static,effective_subgroup,RV,aipw,190,3.697167441221257,3.604477017110763,-0.092690424110494,0.0,0.9210526315789473,1.0,60,10,-0.1381578947368421,-0.06259433396967463,0.0033222591362126247,1,-0.13574892243834627
75,static,null_subgroup,RV,aipw,310,3.697167441221257,3.604477017110763,-0.092690424110494,0.0,0.9210526315789473,1.0,60,10,0.0,-0.003551874425264948,0.9302325581395349,0,0.006103924480838861
76,static,effective_subgroup,RV,aipw,307,3.697167441221257,2.8861405969239,-0.8110268442973574,0.0,0.5700325732899023,1.0,80,10,-0.08550488599348534,-0.015155560557872774,0.0033222591362126247,1,-0.08401833110805848
76,static,null_subgroup,RV,aipw,193,3.697167441221257,2.8861405969239,-0.8110268442973574,0.0,0.5700325732899023,1.0,80,10,0.0,0.009377379277874028,0.07641196013289037,1,0.008377381793973454
77,static,effective_subgroup,RV,aipw,176,3.697167441221257,3.6947372635981,-0.002430177623157004,0.0,0.9943181818181818,1.0,60,10,-0.14914772727272724,-0.09809984444216541,0.0033222591362126247,1,-0.1696761197436066
77,static,null_subgroup,RV,aipw,324,3.697167441221257,3.6947372635981,-0.002430177623157004,0.0,0.9943181818181818,1.0,60,10,0.0,0.0,0.7674418604651163,0,-0.003440965095016061
78,static,effective_subgroup,RV,aipw,182,3.697167441221257,3.6698796252069488,-0.027287816014308408,0.0,0.9615384615384616,1.0,100,10,-0.14423076923076922,-0.05219814727315222,0.0033222591362126247,1,-0.14893018473482827
78,static,null_subgroup,RV,aipw,318,3.697167441221257,3.6698796252069488,-0.027287816014308408,0.0,0.9615384615384616,1.0,100,10,0.0,0.0,0.3023255813953488,0,0.0024813950764011198
79,static,effective_subgroup,RV,aipw,185,3.697167441221257,3.64092269256804,-0.05624474865321716,0.0,0.9459459459459459,1.0,100,10,-0.14189189189189186,-0.059824302898614366,0.0033222591362126247,1,-0.14723496615676196
79,static,null_subgroup,RV,aipw,315,3.697167441221257,3.64092269256804,-0.05624474865321716,0.0,0.9459459459459459,1.0,100,10,0.0,0.0,0.6744186046511628,0,-0.0018531852975413813
80,static,effective_subgroup,RV,aipw,197,3.697167441221257,3.5831980737336155,-0.11396936748764164,0.0,0.8883248730964467,1.0,40,40,-0.133248730964467,-0.05786458922897378,0.0033222591362126247,1,-0.14509805027854641
80,static,null_subgroup,RV,aipw,303,3.697167441221257,3.5831980737336155,-0.11396936748764164,0.0,0.8883248730964467,1.0,40,40,0.0,0.00012336225277202807,0.023255813953488372,1,0.008870064009961102
81,static,effective_subgroup,RV,aipw,189,3.697167441221257,3.6053283849784497,-0.09183905624280753,0.0,0.9259259259259259,1.0,40,10,-0.13888888888888887,-0.06176430222393759,0.0033222591362126247,1,-0.1519958639856626
81,static,null_subgroup,RV,aipw,311,3.697167441221257,3.6053283849784497,-0.09183905624280753,0.0,0.9259259259259259,1.0,40,10,0.0,0.0017753878370789695,0.9667774086378738,0,-0.00626831005711886
82,static,effective_subgroup,RV,aipw,175,3.697167441221257,3.69597919122916,-0.0011882499920972123,0.0,1.0,1.0,80,10,-0.15,-0.07046855836199041,0.0033222591362126247,1,-0.1573680649250943
82,static,null_subgroup,RV,aipw,325,3.697167441221257,3.69597919122916,-0.0011882499920972123,0.0,1.0,1.0,80,10,0.0,0.0,0.43853820598006643,0,0.0003138788590373062
83,static,effective_subgroup,RV,aipw,192,3.697167441221257,3.58933532377755,-0.10783211744370735,0.0,0.9114583333333334,1.0,100,10,-0.13671874999999997,-0.06615316700704092,0.0033222591362126247,1,-0.13772209102601723
83,static,null_subgroup,RV,aipw,308,3.697167441221257,3.58933532377755,-0.10783211744370735,0.0,0.9114583333333334,1.0,100,10,0.0,0.0026638148639700223,0.11295681063122924,0,0.005470820516521332
84,static,effective_subgroup,RV,aipw,198,3.697167441221257,3.5810034532440804,-0.11616398797717675,0.0,0.8838383838383839,1.0,40,10,-0.13257575757575757,-0.027452583139069786,0.0033222591362126247,1,-0.13330229768752638
84,static,null_subgroup,RV,aipw,302,3.697167441221257,3.5810034532440804,-0.11616398797717675,0.0,0.8838383838383839,1.0,40,10,0.0,-0.0012972167974855708,0.26578073089701,0,-0.0025225792952457485
85,static,effective_subgroup,RV,aipw,179,3.697167441221257,3.6869374925434566,-0.010229948677800582,0.0,0.9776536312849162,1.0,40,10,-0.14664804469273743,-0.053332130876390625,0.0033222591362126247,1,-0.15105044011582797
85,static,null_subgroup,RV,aipw,321,3.697167441221257,3.6869374925434566,-0.010229948677800582,0.0,0.9776536312849162,1.0,40,10,0.0,0.0007659507507628202,0.7906976744186046,0,-0.0039313014315866535
86,static,effective_subgroup,RV,aipw,183,3.697167441221257,3.664889165162347,-0.032278276058910205,0.0,0.9562841530054644,1.0,40,10,-0.14344262295081966,-0.05263314742776943,0.0033222591362126247,1,-0.13900054622373348
86,static,null_subgroup,RV,aipw,317,3.697167441221257,3.664889165162347,-0.032278276058910205,0.0,0.9562841530054644,1.0,40,10,0.0,6.955454013660438e-05,0.9601328903654485,0,-0.006399804028929946
87,static,effective_subgroup,RV,aipw,178,3.697167441221257,3.6937419489414043,-0.003425492279852893,0.0,0.9831460674157303,1.0,40,10,-0.14747191011235952,-0.06593158819174587,0.0033222591362126247,1,-0.1517240098574663
87,static,null_subgroup,RV,aipw,322,3.697167441221257,3.6937419489414043,-0.003425492279852893,0.0,0.9831460674157303,1.0,40,10,0.0,0.0007328425043612156,0.8305647840531561,0,-0.004422467663591019
88,static,effective_subgroup,RV,aipw,179,3.697167441221257,3.68522277661039,-0.011944664610866962,0.0,0.9776536312849162,1.0,40,40,-0.14664804469273743,-0.029346623466831322,0.0033222591362126247,1,-0.13075849594856487
88,static,null_subgroup,RV,aipw,321,3.697167441221257,3.68522277661039,-0.011944664610866962,0.0,0.9776536312849162,1.0,40,40,0.0,0.0,0.2292358803986711,0,0.0038161336685575836
89,static,effective_subgroup,RV,aipw,174,3.697167441221257,3.69937419120658,0.0022067499853228867,0.003067484662576687,1.0,0.9942857142857143,100,10,-0.15,-0.057913992030841896,0.0033222591362126247,1,-0.1438694474971809
89,static,null_subgroup,RV,aipw,326,3.697167441221257,3.69937419120658,0.0022067499853228867,0.003067484662576687,1.0,0.9942857142857143,100,10,-0.00046012269938650307,0.0,0.5614617940199336,0,-0.0009890799982810387
90,static,effective_subgroup,RV,aipw,188,3.697167441221257,3.624332563480461,-0.07283487774079633,0.0,0.9308510638297872,1.0,40,10,-0.13962765957446807,-0.039316078338873905,0.0033222591362126247,1,-0.13913376264873095
90,static,null_subgroup,RV,aipw,312,3.697167441221257,3.624332563480461,-0.07283487774079633,0.0,0.9308510638297872,1.0,40,10,0.0,-0.0010397479353677168,0.30564784053156147,0,-0.0020951225001781724
91,static,effective_subgroup,RV,aipw,175,3.697167441221257,3.69597919122916,-0.0011882499920972123,0.0,1.0,1.0,100,20,-0.15,-0.05358817373596021,0.0033222591362126247,1,-0.148536419766692
91,static,null_subgroup,RV,aipw,325,3.697167441221257,3.69597919122916,-0.0011882499920972123,0.0,1.0,1.0,100,20,0.0,0.0,0.9501661129568106,0,-0.007405861765428426
92,static,effective_subgroup,RV,aipw,375,3.697167441221257,2.3982767634200486,-1.2988906778012086,0.0,0.4666666666666667,1.0,40,20,-0.07,-0.020013594380133996,0.0033222591362126247,1,-0.07418751149285933
92,static,null_subgroup,RV,aipw,125,3.697167441221257,2.3982767634200486,-1.2988906778012086,0.0,0.4666666666666667,1.0,40,20,0.0,0.00043123228830715867,0.5382059800664452,0,-0.00029687750520625104
93,static,effective_subgroup,RV,aipw,185,3.697167441221257,3.64092269256804,-0.05624474865321716,0.0,0.9459459459459459,1.0,40,10,-0.14189189189189186,-0.041480991550917425,0.0033222591362126247,1,-0.14688374925378356
93,static,null_subgroup,RV,aipw,315,3.697167441221257,3.64092269256804,-0.05624474865321716,0.0,0.9459459459459459,1.0,40,10,0.0,0.00012327626185580867,0.4717607973421927,0,0.0002882735079017852
94,static,effective_subgroup,RV,aipw,173,3.697167441221257,3.70051153834364,0.0033440971223828164,0.0061162079510703364,1.0,0.9885714285714285,40,10,-0.14999999999999997,-0.06317871646017639,0.0033222591362126247,1,-0.15887501611777793
94,static,null_subgroup,RV,aipw,327,3.697167441221257,3.70051153834364,0.0033440971223828164,0.0061162079510703364,1.0,0.9885714285714285,40,10,-0.0009174311926605504,0.00023868661683413824,0.4983388704318937,0,0.0006925414551461789
95,static,effective_subgroup,RV,aipw,180,3.697167441221257,3.67188587773737,-0.025281563483887215,0.0,0.9722222222222222,1.0,40,10,-0.14583333333333334,-0.05596852938538904,0.0033222591362126247,1,-0.14899392095565944
95,static,null_subgroup,RV,aipw,320,3.697167441221257,3.67188587773737,-0.025281563483887215,0.0,0.9722222222222222,1.0,40,10,0.0,-0.0007324975813683321,0.2292358803986711,0,-0.004208252925556133
96,static,effective_subgroup,RV,aipw,188,3.697167441221257,3.60644848013478,-0.09071896108647737,0.0,0.9308510638297872,1.0,40,10,-0.13962765957446807,-0.05489244419481306,0.0033222591362126247,1,-0.14902088903861543
96,static,null_subgroup,RV,aipw,312,3.697167441221257,3.60644848013478,-0.09071896108647737,0.0,0.9308510638297872,1.0,40,10,0.0,-0.0007962845955790265,0.15946843853820597,0,-0.004109029973146707
97,static,effective_subgroup,RV,aipw,173,3.697167441221257,3.70051153834364,0.0033440971223828164,0.0061162079510703364,1.0,0.9885714285714285,40,40,-0.14999999999999997,-0.08962830917565592,0.0033222591362126247,1,-0.15679848219233783
97,static,null_subgroup,RV,aipw,327,3.697167441221257,3.70051153834364,0.0033440971223828164,0.0061162079510703364,1.0,0.9885714285714285,40,40,-0.0009174311926605504,0.0,0.37209302325581395,0,0.001409413537366656
98,static,effective_subgroup,RV,aipw,174,3.697167441221257,3.700454670986787,0.0032872297655299754,0.003067484662576687,1.0,0.9942857142857143,40,10,-0.15,-0.06824989367183346,0.0033222591362126247,1,-0.16358473834406898
98,static,null_subgroup,RV,aipw,326,3.697167441221257,3.700454670986787,0.0032872297655299754,0.003067484662576687,1.0,0.9942857142857143,40,10,-0.00046012269938650307,0.0018709239980022805,0.08970099667774087,1,0.005473915820553944
99,static,effective_subgroup,RV,aipw,175,3.697167441221257,3.69597919122916,-0.0011882499920972123,0.0,1.0,1.0,60,10,-0.15,-0.053837804872135575,0.0033222591362126247,1,-0.13992694045851017
99,static,null_subgroup,RV,aipw,325,3.697167441221257,3.69597919122916,-0.0011882499920972123,0.0,1.0,1.0,60,10,0.0,0.0003694674200002837,0.7142857142857143,0,-0.001972558339692979
