rep,method,rmse,stat_obs,pvalue,reject,assumption,setting,n_perms,alpha
0,RC,1.0448095623858624,1.8035131594776366,0.3592814371257485,0,lagged,power,500,0.1
0,Oracle,,3.1457226960512097,0.003992015968063872,1,lagged,power,500,0.1
0,DM,,0.38245183402543703,0.10578842315369262,0,lagged,power,500,0.1
0,cDM,,0.023443886493815538,0.38922155688622756,0,lagged,power,500,0.1
0,SS,0.9956631136881872,-4.473110807509691,0.7724550898203593,0,lagged,power,500,0.1
1,RC,1.1258179849546428,3.0225217739963375,0.6606786427145709,0,lagged,power,500,0.1
1,Oracle,,5.251215778252065,0.005988023952095809,1,lagged,power,500,0.1
1,DM,,-0.5762040709015271,0.9700598802395209,0,lagged,power,500,0.1
1,cDM,,-0.08529638359653208,0.8403193612774451,0,lagged,power,500,0.1
1,SS,1.0098762526563674,0.07525582761621177,0.2155688622754491,0,lagged,power,500,0.1
2,RC,0.6959423223361152,-0.4673110686391039,0.12574850299401197,0,lagged,power,500,0.1
2,Oracle,,6.318674383323577,0.001996007984031936,1,lagged,power,500,0.1
2,DM,,0.5251231589643495,0.06786427145708583,1,lagged,power,500,0.1
2,cDM,,-0.06275287464199926,0.8063872255489022,0,lagged,power,500,0.1
2,SS,1.1876042583117,-4.103274814262086,0.9720558882235529,0,lagged,power,500,0.1
3,RC,1.079661394853065,-5.7346535070209965,0.7305389221556886,0,lagged,power,500,0.1
3,Oracle,,7.289747286312481,0.001996007984031936,1,lagged,power,500,0.1
3,DM,,-0.1648761344667209,0.6946107784431138,0,lagged,power,500,0.1
3,cDM,,0.018752644568124113,0.3852295409181637,0,lagged,power,500,0.1
3,SS,1.0392911342843498,-1.530611469911968,0.46107784431137727,0,lagged,power,500,0.1
4,RC,0.865628703599888,-2.1897348270670633,0.37924151696606784,0,lagged,power,500,0.1
4,Oracle,,5.763404951726998,0.001996007984031936,1,lagged,power,500,0.1
4,DM,,0.4768257159124919,0.07984031936127745,1,lagged,power,500,0.1
4,cDM,,-0.026662615793446368,0.656686626746507,0,lagged,power,500,0.1
4,SS,0.9923552543259179,-1.6490115481451255,0.3013972055888224,0,lagged,power,500,0.1
5,RC,1.3865402970692273,17.60973833695837,0.13572854291417166,0,lagged,power,500,0.1
5,Oracle,,5.830423381588973,0.003992015968063872,1,lagged,power,500,0.1
5,DM,,-0.38413584696823644,0.8962075848303394,0,lagged,power,500,0.1
5,cDM,,0.06079148167919886,0.24151696606786427,0,lagged,power,500,0.1
5,SS,1.2286434297211248,-6.951330637803592,0.9201596806387226,0,lagged,power,500,0.1
6,RC,0.9852403291507258,0.04921521050419102,0.07784431137724551,1,lagged,power,500,0.1
6,Oracle,,11.113073967331214,0.001996007984031936,1,lagged,power,500,0.1
6,DM,,0.237776467802279,0.23952095808383234,0,lagged,power,500,0.1
6,cDM,,0.005355565424713733,0.46706586826347307,0,lagged,power,500,0.1
6,SS,1.2771842144795487,-2.859038899099962,0.7105788423153693,0,lagged,power,500,0.1
7,RC,1.168469100471912,8.694403814003389,0.4311377245508982,0,lagged,power,500,0.1
7,Oracle,,5.94311827764431,0.007984031936127744,1,lagged,power,500,0.1
7,DM,,0.11407940592424139,0.3772455089820359,0,lagged,power,500,0.1
7,cDM,,-0.0373016717765707,0.6666666666666666,0,lagged,power,500,0.1
7,SS,1.1011507803794374,0.3198583169349682,0.2894211576846307,0,lagged,power,500,0.1
8,RC,0.7207618764792241,7.603442213438752,0.01996007984031936,1,lagged,power,500,0.1
8,Oracle,,8.93848689674245,0.001996007984031936,1,lagged,power,500,0.1
8,DM,,0.4411666147518093,0.09780439121756487,1,lagged,power,500,0.1
8,cDM,,-0.025267789292394042,0.6127744510978044,0,lagged,power,500,0.1
8,SS,1.3571950475022307,-1.4308419763286406,0.36726546906187624,0,lagged,power,500,0.1
9,RC,0.9091728059093157,-1.2373975602924716,0.22954091816367264,0,lagged,power,500,0.1
9,Oracle,,6.837630119893694,0.001996007984031936,1,lagged,power,500,0.1
9,DM,,0.8806217789730544,0.011976047904191617,1,lagged,power,500,0.1
9,cDM,,0.12576451598623,0.043912175648702596,1,lagged,power,500,0.1
9,SS,1.3706719776191174,-3.9099440342950564,0.7385229540918163,0,lagged,power,500,0.1
10,RC,0.882737473922784,-2.5640735419530793,0.42115768463073855,0,lagged,power,500,0.1
10,Oracle,,8.751314873453248,0.001996007984031936,1,lagged,power,500,0.1
10,DM,,-0.24031337290787044,0.782435129740519,0,lagged,power,500,0.1
10,cDM,,-0.027827300135426846,0.6526946107784432,0,lagged,power,500,0.1
10,SS,1.2490690602901697,-0.5975516716345617,0.6427145708582834,0,lagged,power,500,0.1
11,RC,1.0066880737829274,3.1473994861515693,0.19760479041916168,0,lagged,power,500,0.1
11,Oracle,,4.025668292567564,0.003992015968063872,1,lagged,power,500,0.1
11,DM,,0.5680642399397988,0.033932135728542916,1,lagged,power,500,0.1
11,cDM,,0.07715656612389285,0.19161676646706588,0,lagged,power,500,0.1
11,SS,1.3834630371714804,-7.938866593956209,0.9041916167664671,0,lagged,power,500,0.1
12,RC,1.1897368018275565,8.792232884366854,0.031936127744510975,1,lagged,power,500,0.1
12,Oracle,,4.220947184486496,0.001996007984031936,1,lagged,power,500,0.1
12,DM,,-0.21089466292381256,0.716566866267465,0,lagged,power,500,0.1
12,cDM,,-0.05706613562434772,0.7504990019960079,0,lagged,power,500,0.1
12,SS,1.2177959269121819,-6.759289996487491,0.9481037924151696,0,lagged,power,500,0.1
13,RC,1.1261810440951303,-4.520458209806641,0.0658682634730539,1,lagged,power,500,0.1
13,Oracle,,6.339378490463946,0.003992015968063872,1,lagged,power,500,0.1
13,DM,,-0.36707221618279384,0.8662674650698603,0,lagged,power,500,0.1
13,cDM,,0.03352587158314365,0.3013972055888224,0,lagged,power,500,0.1
13,SS,1.3471042418829728,-2.881786295580313,0.18562874251497005,0,lagged,power,500,0.1
14,RC,1.3021037055446285,14.527991084265699,0.19161676646706588,0,lagged,power,500,0.1
14,Oracle,,5.446921512856235,0.01996007984031936,1,lagged,power,500,0.1
14,DM,,0.08205164882122232,0.3912175648702595,0,lagged,power,500,0.1
14,cDM,,0.010829092047661823,0.499001996007984,0,lagged,power,500,0.1
14,SS,1.3258322932505628,-0.7244594653856848,0.08582834331337326,1,lagged,power,500,0.1
15,RC,1.2753774792185726,-4.313624791022316,0.013972055888223553,1,lagged,power,500,0.1
15,Oracle,,7.778833765144304,0.001996007984031936,1,lagged,power,500,0.1
15,DM,,-0.06689266362884481,0.5489021956087824,0,lagged,power,500,0.1
15,cDM,,0.083402257741509,0.10379241516966067,0,lagged,power,500,0.1
15,SS,1.2024026333946882,-0.1671657755805013,0.8283433133732535,0,lagged,power,500,0.1
16,RC,1.0059455991924613,-4.7090287154658945,0.3772455089820359,0,lagged,power,500,0.1
16,Oracle,,4.8777948548663055,0.001996007984031936,1,lagged,power,500,0.1
16,DM,,-0.28715258069877103,0.8303393213572854,0,lagged,power,500,0.1
16,cDM,,0.08713467674600003,0.13572854291417166,0,lagged,power,500,0.1
16,SS,1.1846825034769686,-4.613338122864397,0.844311377245509,0,lagged,power,500,0.1
17,RC,0.8600204650954696,5.43891961507894,0.14171656686626746,0,lagged,power,500,0.1
17,Oracle,,8.791358548395369,0.001996007984031936,1,lagged,power,500,0.1
17,DM,,-0.1311345013431215,0.6826347305389222,0,lagged,power,500,0.1
17,cDM,,-0.06440699061162956,0.8303393213572854,0,lagged,power,500,0.1
17,SS,1.0020303199268035,-1.3332787973087394,0.27345309381237526,0,lagged,power,500,0.1
18,RC,0.721692496600979,5.338693407877675,0.04790419161676647,1,lagged,power,500,0.1
18,Oracle,,5.04486945624774,0.001996007984031936,1,lagged,power,500,0.1
18,DM,,-0.2275813055752785,0.7604790419161677,0,lagged,power,500,0.1
18,cDM,,0.10975269542926228,0.08383233532934131,1,lagged,power,500,0.1
18,SS,1.1753980272900597,-3.352021920295062,0.6007984031936128,0,lagged,power,500,0.1
19,RC,0.9172347576054201,-1.7579762834490933,0.6606786427145709,0,lagged,power,500,0.1
19,Oracle,,7.2253262085723575,0.001996007984031936,1,lagged,power,500,0.1
19,DM,,-0.09818414853461245,0.6387225548902196,0,lagged,power,500,0.1
19,cDM,,-0.05170211466051025,0.7844311377245509,0,lagged,power,500,0.1
19,SS,1.2111344233729153,-7.426827913745325,0.9401197604790419,0,lagged,power,500,0.1
20,RC,1.5534272080522817,13.54706566506697,0.19161676646706588,0,lagged,power,500,0.1
20,Oracle,,7.257331670704657,0.001996007984031936,1,lagged,power,500,0.1
20,DM,,0.12190666615056145,0.3712574850299401,0,lagged,power,500,0.1
20,cDM,,-0.09591036642628349,0.8562874251497006,0,lagged,power,500,0.1
20,SS,1.30955694099991,-3.322878994285346,0.5608782435129741,0,lagged,power,500,0.1
21,RC,0.8524869394134658,2.97470734845104,0.32934131736526945,0,lagged,power,500,0.1
21,Oracle,,9.161530363196338,0.001996007984031936,1,lagged,power,500,0.1
21,DM,,-0.05767880046398729,0.5688622754491018,0,lagged,power,500,0.1
21,cDM,,0.03155120483665645,0.36926147704590817,0,lagged,power,500,0.1
21,SS,1.1449252968755843,-0.3806409840747501,0.4530938123752495,0,lagged,power,500,0.1
22,RC,0.8308091065915063,3.1439932775663517,0.013972055888223553,1,lagged,power,500,0.1
22,Oracle,,11.041873185500425,0.001996007984031936,1,lagged,power,500,0.1
22,DM,,0.11182655436886155,0.3932135728542914,0,lagged,power,500,0.1
22,cDM,,-0.08991771922920964,0.8702594810379242,0,lagged,power,500,0.1
22,SS,1.3275764823610336,-6.112425249538964,0.6207584830339321,0,lagged,power,500,0.1
23,RC,0.7973999346819162,2.274348603103184,0.5508982035928144,0,lagged,power,500,0.1
23,Oracle,,2.565884185903882,0.14770459081836326,0,lagged,power,500,0.1
23,DM,,-0.5255393492772524,0.9481037924151696,0,lagged,power,500,0.1
23,cDM,,-0.07662307225809976,0.7984031936127745,0,lagged,power,500,0.1
23,SS,0.9468519319904556,-0.1686488093821179,0.5269461077844312,0,lagged,power,500,0.1
24,RC,1.3875600185524781,15.91370209500019,0.4351297405189621,0,lagged,power,500,0.1
24,Oracle,,6.664736615543299,0.023952095808383235,1,lagged,power,500,0.1
24,DM,,0.19367268661898857,0.25948103792415167,0,lagged,power,500,0.1
24,cDM,,-0.0632468759547741,0.7125748502994012,0,lagged,power,500,0.1
24,SS,1.400777911575856,-0.809252489030343,0.15568862275449102,0,lagged,power,500,0.1
25,RC,0.9510640510013612,-7.11646821077255,0.9101796407185628,0,lagged,power,500,0.1
25,Oracle,,11.473838659379403,0.001996007984031936,1,lagged,power,500,0.1
25,DM,,0.10073420799058642,0.3772455089820359,0,lagged,power,500,0.1
25,cDM,,-0.014537982649591745,0.5768463073852296,0,lagged,power,500,0.1
25,SS,1.2083853008709184,-2.644218595592879,0.4031936127744511,0,lagged,power,500,0.1
26,RC,0.9024139935632631,0.584245556615625,0.24151696606786427,0,lagged,power,500,0.1
26,Oracle,,11.646861115003247,0.001996007984031936,1,lagged,power,500,0.1
26,DM,,-0.6541143261926599,0.9780439121756487,0,lagged,power,500,0.1
26,cDM,,0.10377982338540596,0.06786427145708583,1,lagged,power,500,0.1
26,SS,1.117801805654391,-0.39877506536520235,0.3992015968063872,0,lagged,power,500,0.1
27,RC,0.7357639284419323,2.0854837680076104,0.07784431137724551,1,lagged,power,500,0.1
27,Oracle,,9.41200115613162,0.007984031936127744,1,lagged,power,500,0.1
27,DM,,0.348332364573097,0.1437125748502994,0,lagged,power,500,0.1
27,cDM,,-0.0068802274575227055,0.5129740518962076,0,lagged,power,500,0.1
27,SS,1.0591711162353257,-2.929832163907059,0.9301397205588823,0,lagged,power,500,0.1
28,RC,0.95165085299019,-0.9509439735062898,0.8183632734530938,0,lagged,power,500,0.1
28,Oracle,,11.03198367770271,0.001996007984031936,1,lagged,power,500,0.1
28,DM,,-0.20889246449848065,0.7504990019960079,0,lagged,power,500,0.1
28,cDM,,-0.1454446315992852,0.9700598802395209,0,lagged,power,500,0.1
28,SS,1.2885307788429134,-1.8009338570604156,0.7924151696606786,0,lagged,power,500,0.1
29,RC,1.406884254951888,2.2423705862918037,0.17165668662674652,0,lagged,power,500,0.1
29,Oracle,,4.887563683821998,0.011976047904191617,1,lagged,power,500,0.1
29,DM,,0.16507329429977716,0.31137724550898205,0,lagged,power,500,0.1
29,cDM,,-0.026253024802958737,0.654690618762475,0,lagged,power,500,0.1
29,SS,1.155361826016289,-0.2060942068153281,0.19560878243512975,0,lagged,power,500,0.1
30,RC,0.6630431051788757,10.608344741588619,0.001996007984031936,1,lagged,power,500,0.1
30,Oracle,,8.940810452307735,0.001996007984031936,1,lagged,power,500,0.1
30,DM,,-0.12888324062811485,0.6526946107784432,0,lagged,power,500,0.1
30,cDM,,-0.06234650273142546,0.8063872255489022,0,lagged,power,500,0.1
30,SS,1.1174215609450897,0.04899609965520426,0.49101796407185627,0,lagged,power,500,0.1
31,RC,0.6139356360952805,10.466302219189876,0.001996007984031936,1,lagged,power,500,0.1
31,Oracle,,11.411257721890198,0.001996007984031936,1,lagged,power,500,0.1
31,DM,,-0.10832347445683951,0.6646706586826348,0,lagged,power,500,0.1
31,cDM,,0.03178562024235625,0.32335329341317365,0,lagged,power,500,0.1
31,SS,1.1676817172396352,-1.1207885626962706,0.5568862275449101,0,lagged,power,500,0.1
32,RC,0.8685611404945858,-0.10469841903456131,0.11776447105788423,0,lagged,power,500,0.1
32,Oracle,,7.653780658634067,0.003992015968063872,1,lagged,power,500,0.1
32,DM,,0.19218924166199944,0.2874251497005988,0,lagged,power,500,0.1
32,cDM,,-0.03719348748538404,0.7285429141716567,0,lagged,power,500,0.1
32,SS,1.0481519774933135,-1.4504594928625048,0.3532934131736527,0,lagged,power,500,0.1
33,RC,0.7361546576556685,5.349754159548339,0.007984031936127744,1,lagged,power,500,0.1
33,Oracle,,10.281730437800244,0.001996007984031936,1,lagged,power,500,0.1
33,DM,,0.46639121918842263,0.05788423153692615,1,lagged,power,500,0.1
33,cDM,,0.054931924926082204,0.23552894211576847,0,lagged,power,500,0.1
33,SS,1.1862147423883194,-7.242675136163056,0.9401197604790419,0,lagged,power,500,0.1
34,RC,0.8543193757788281,10.235827809565375,0.001996007984031936,1,lagged,power,500,0.1
34,Oracle,,11.508468759560206,0.001996007984031936,1,lagged,power,500,0.1
34,DM,,-0.14305318658597824,0.688622754491018,0,lagged,power,500,0.1
34,cDM,,0.08733832698802356,0.14570858283433133,0,lagged,power,500,0.1
34,SS,1.270554414275506,-2.153323305417771,0.6007984031936128,0,lagged,power,500,0.1
35,RC,1.363340791722305,15.51148054094063,0.2155688622754491,0,lagged,power,500,0.1
35,Oracle,,6.163274161722266,0.001996007984031936,1,lagged,power,500,0.1
35,DM,,-0.12584541347884598,0.6487025948103793,0,lagged,power,500,0.1
35,cDM,,0.006964071678965082,0.4630738522954092,0,lagged,power,500,0.1
35,SS,1.2888682983785105,-6.654853441620297,0.8143712574850299,0,lagged,power,500,0.1
36,RC,0.7760465793182807,2.5528005833401743,0.12574850299401197,0,lagged,power,500,0.1
36,Oracle,,5.463016376210175,0.003992015968063872,1,lagged,power,500,0.1
36,DM,,-0.1322318440792726,0.6606786427145709,0,lagged,power,500,0.1
36,cDM,,-0.12461558460524474,0.9740518962075848,0,lagged,power,500,0.1
36,SS,1.2799812090894165,-0.7890741513958204,0.7325349301397206,0,lagged,power,500,0.1
37,RC,1.801350182230319,17.331993893820403,0.23952095808383234,0,lagged,power,500,0.1
37,Oracle,,8.888926500021384,0.011976047904191617,1,lagged,power,500,0.1
37,DM,,0.30102733992288716,0.20758483033932135,0,lagged,power,500,0.1
37,cDM,,0.07148128165194374,0.24151696606786427,0,lagged,power,500,0.1
37,SS,1.3606900951738055,-3.328600787133168,0.7904191616766467,0,lagged,power,500,0.1
38,RC,1.0140643816144495,-1.6975067833665143,0.09580838323353294,1,lagged,power,500,0.1
38,Oracle,,14.548571739495776,0.001996007984031936,1,lagged,power,500,0.1
38,DM,,0.5315789468256151,0.04590818363273453,1,lagged,power,500,0.1
38,cDM,,0.04414158808186185,0.2654690618762475,0,lagged,power,500,0.1
38,SS,0.9612337039897214,-3.9398854440558444,0.8163672654690619,0,lagged,power,500,0.1
39,RC,1.6730468504505107,18.678208601060582,0.08383233532934131,1,lagged,power,500,0.1
39,Oracle,,7.828640520550498,0.003992015968063872,1,lagged,power,500,0.1
39,DM,,-0.44326335185750004,0.9181636726546906,0,lagged,power,500,0.1
39,cDM,,0.10218841816175105,0.11776447105788423,0,lagged,power,500,0.1
39,SS,1.2332764961908,-2.4620577418412055,0.5429141716566867,0,lagged,power,500,0.1
40,RC,0.8950852445191894,-0.38132794092885636,0.2554890219560878,0,lagged,power,500,0.1
40,Oracle,,12.933108380429408,0.001996007984031936,1,lagged,power,500,0.1
40,DM,,0.3210571769348558,0.18562874251497005,0,lagged,power,500,0.1
40,cDM,,0.1389692798783119,0.031936127744510975,1,lagged,power,500,0.1
40,SS,1.3055967849574774,1.4839118963587326,0.22554890219560877,0,lagged,power,500,0.1
41,RC,1.4705462234078595,-2.8367805060807556,0.5828343313373253,0,lagged,power,500,0.1
41,Oracle,,5.758479022739272,0.029940119760479042,1,lagged,power,500,0.1
41,DM,,0.4540084673923037,0.08782435129740519,1,lagged,power,500,0.1
41,cDM,,0.013929110786741222,0.49500998003992014,0,lagged,power,500,0.1
41,SS,1.2712590544679807,0.11524833896224171,0.17964071856287425,0,lagged,power,500,0.1
42,RC,0.7968789936811472,0.9500950056333647,0.4870259481037924,0,lagged,power,500,0.1
42,Oracle,,9.80315846726879,0.005988023952095809,1,lagged,power,500,0.1
42,DM,,0.14915059100009614,0.3213572854291417,0,lagged,power,500,0.1
42,cDM,,0.12221822631619457,0.0499001996007984,1,lagged,power,500,0.1
42,SS,1.1686763286647186,0.6238964509984412,0.3013972055888224,0,lagged,power,500,0.1
43,RC,1.2736908142294934,12.196989245545334,0.3193612774451098,0,lagged,power,500,0.1
43,Oracle,,6.502237029002799,0.027944111776447105,1,lagged,power,500,0.1
43,DM,,0.029194622943757274,0.4590818363273453,0,lagged,power,500,0.1
43,cDM,,0.07897007872044653,0.2055888223552894,0,lagged,power,500,0.1
43,SS,1.2406711028299353,-3.3762976899683794,0.3532934131736527,0,lagged,power,500,0.1
44,RC,0.7741738825780309,7.030868508377449,0.03992015968063872,1,lagged,power,500,0.1
44,Oracle,,6.928683596695061,0.001996007984031936,1,lagged,power,500,0.1
44,DM,,0.1022010127139847,0.36127744510978044,0,lagged,power,500,0.1
44,cDM,,0.19199851644765042,0.015968063872255488,1,lagged,power,500,0.1
44,SS,1.0550792312981214,-0.19047995354488895,0.027944111776447105,1,lagged,power,500,0.1
45,RC,1.0065558154193575,-2.1104272864373854,0.2554890219560878,0,lagged,power,500,0.1
45,Oracle,,8.681795777509825,0.001996007984031936,1,lagged,power,500,0.1
45,DM,,-0.12308116670922435,0.656686626746507,0,lagged,power,500,0.1
45,cDM,,0.10719430790748784,0.0718562874251497,1,lagged,power,500,0.1
45,SS,1.2253190231501154,-3.8627186648372374,0.8303393213572854,0,lagged,power,500,0.1
46,RC,1.383519816989817,6.387221961441378,0.8223552894211577,0,lagged,power,500,0.1
46,Oracle,,5.316241483813417,0.013972055888223553,1,lagged,power,500,0.1
46,DM,,-0.6359924698976502,0.9840319361277445,0,lagged,power,500,0.1
46,cDM,,-0.019186019148303837,0.5568862275449101,0,lagged,power,500,0.1
46,SS,1.4164463899838522,-3.0616322717400064,0.24151696606786427,0,lagged,power,500,0.1
47,RC,0.9074081422239686,-1.4362484009862484,0.10778443113772455,0,lagged,power,500,0.1
47,Oracle,,7.20945097407756,0.003992015968063872,1,lagged,power,500,0.1
47,DM,,-0.23326401210707673,0.7604790419161677,0,lagged,power,500,0.1
47,cDM,,-0.001453861494906101,0.4630738522954092,0,lagged,power,500,0.1
47,SS,1.0078477788961033,-0.9082598753962523,0.5968063872255489,0,lagged,power,500,0.1
48,RC,0.8067425684684711,-3.904712998944519,0.872255489021956,0,lagged,power,500,0.1
48,Oracle,,6.967069803571254,0.001996007984031936,1,lagged,power,500,0.1
48,DM,,-0.31983347409079754,0.8283433133732535,0,lagged,power,500,0.1
48,cDM,,0.03156482088386,0.313373253493014,0,lagged,power,500,0.1
48,SS,1.2598700306010164,-0.15383271909570384,0.14570858283433133,0,lagged,power,500,0.1
49,RC,0.6853239093029493,-0.19145121494626008,0.29141716566866266,0,lagged,power,500,0.1
49,Oracle,,8.264090135526686,0.003992015968063872,1,lagged,power,500,0.1
49,DM,,-0.1814869541241185,0.7125748502994012,0,lagged,power,500,0.1
49,cDM,,-0.058668972189788525,0.7984031936127745,0,lagged,power,500,0.1
49,SS,1.053139216947052,-0.33178777245661534,0.37325349301397204,0,lagged,power,500,0.1
50,RC,0.8002181438982828,-1.699995338889435,0.49500998003992014,0,lagged,power,500,0.1
50,Oracle,,6.823775917558578,0.003992015968063872,1,lagged,power,500,0.1
50,DM,,-0.021604316262005544,0.5229540918163673,0,lagged,power,500,0.1
50,cDM,,0.0033303810786315074,0.47305389221556887,0,lagged,power,500,0.1
50,SS,1.225030791355324,-1.175870573608745,0.5668662674650699,0,lagged,power,500,0.1
51,RC,0.8968025116236644,0.5145626046528237,0.47105788423153694,0,lagged,power,500,0.1
51,Oracle,,6.693052786093721,0.001996007984031936,1,lagged,power,500,0.1
51,DM,,0.11814620440493932,0.36327345309381237,0,lagged,power,500,0.1
51,cDM,,0.028926004561595633,0.3393213572854291,0,lagged,power,500,0.1
51,SS,1.2143745902372713,-1.2368997775453026,0.21956087824351297,0,lagged,power,500,0.1
52,RC,0.8490339833923675,2.6993177209276076,0.031936127744510975,1,lagged,power,500,0.1
52,Oracle,,10.090262289165087,0.001996007984031936,1,lagged,power,500,0.1
52,DM,,0.706673693362482,0.01996007984031936,1,lagged,power,500,0.1
52,cDM,,0.19261913718650164,0.007984031936127744,1,lagged,power,500,0.1
52,SS,1.1165791320573641,1.1736811510790566,0.2215568862275449,0,lagged,power,500,0.1
53,RC,1.2277971084561188,-7.06953901551289,0.8163672654690619,0,lagged,power,500,0.1
53,Oracle,,3.9467369634801366,0.01996007984031936,1,lagged,power,500,0.1
53,DM,,-0.35899252980676455,0.8642714570858283,0,lagged,power,500,0.1
53,cDM,,-0.1968874751368934,0.9860279441117764,0,lagged,power,500,0.1
53,SS,1.095639573294778,-5.350483348431842,0.8942115768463074,0,lagged,power,500,0.1
54,RC,1.4600311102015509,8.329874186788677,0.8862275449101796,0,lagged,power,500,0.1
54,Oracle,,4.689739149960781,0.001996007984031936,1,lagged,power,500,0.1
54,DM,,0.48467996605648056,0.059880239520958084,1,lagged,power,500,0.1
54,cDM,,-0.007080693670227664,0.5508982035928144,0,lagged,power,500,0.1
54,SS,1.1654213252306829,-1.4551154665230193,0.4530938123752495,0,lagged,power,500,0.1
55,RC,0.9511191463195285,-0.48637042384005513,0.11177644710578842,0,lagged,power,500,0.1
55,Oracle,,8.184917094168664,0.001996007984031936,1,lagged,power,500,0.1
55,DM,,-0.45332472928015954,0.9161676646706587,0,lagged,power,500,0.1
55,cDM,,-0.004768437419245177,0.5189620758483033,0,lagged,power,500,0.1
55,SS,1.0847403653624184,-2.616306839099807,0.9121756487025948,0,lagged,power,500,0.1
56,RC,0.9100831798231,8.41722235669254,0.0658682634730539,1,lagged,power,500,0.1
56,Oracle,,9.780653359056897,0.001996007984031936,1,lagged,power,500,0.1
56,DM,,-0.15958766505784347,0.6586826347305389,0,lagged,power,500,0.1
56,cDM,,0.11646790371578848,0.059880239520958084,1,lagged,power,500,0.1
56,SS,0.8480402128597464,1.601149549832733,0.05588822355289421,1,lagged,power,500,0.1
57,RC,1.151044177161294,0.25592266594412294,0.2375249500998004,0,lagged,power,500,0.1
57,Oracle,,9.836787188982054,0.001996007984031936,1,lagged,power,500,0.1
57,DM,,-0.36129937561720255,0.9021956087824351,0,lagged,power,500,0.1
57,cDM,,0.10204356584475378,0.08183632734530938,1,lagged,power,500,0.1
57,SS,1.2657155976119794,1.2857295269906994,0.313373253493014,0,lagged,power,500,0.1
58,RC,1.66116363203805,25.467051887127813,0.029940119760479042,1,lagged,power,500,0.1
58,Oracle,,8.999743495266522,0.001996007984031936,1,lagged,power,500,0.1
58,DM,,0.689654858816297,0.015968063872255488,1,lagged,power,500,0.1
58,cDM,,0.02278252201863494,0.437125748502994,0,lagged,power,500,0.1
58,SS,1.2599027002229413,-6.835807453514208,0.780439121756487,0,lagged,power,500,0.1
59,RC,0.918413138264971,-2.264625962009782,0.5229540918163673,0,lagged,power,500,0.1
59,Oracle,,9.83249120917998,0.003992015968063872,1,lagged,power,500,0.1
59,DM,,-0.045742763774690144,0.5489021956087824,0,lagged,power,500,0.1
59,cDM,,0.062026740257901086,0.20359281437125748,0,lagged,power,500,0.1
59,SS,1.1003745101507234,-3.354022703498626,0.8902195608782435,0,lagged,power,500,0.1
60,RC,0.8319400531356341,11.182533066652697,0.001996007984031936,1,lagged,power,500,0.1
60,Oracle,,12.070710747006078,0.001996007984031936,1,lagged,power,500,0.1
60,DM,,0.146991603978993,0.31137724550898205,0,lagged,power,500,0.1
60,cDM,,0.07272567446067726,0.15169660678642716,0,lagged,power,500,0.1
60,SS,0.8970679962215291,-0.18029168764352582,0.059880239520958084,1,lagged,power,500,0.1
61,RC,0.7331408360667397,1.5816520608992828,0.03992015968063872,1,lagged,power,500,0.1
61,Oracle,,13.224219580376522,0.001996007984031936,1,lagged,power,500,0.1
61,DM,,-0.01107049976486798,0.5409181636726547,0,lagged,power,500,0.1
61,cDM,,0.054394335722010204,0.17964071856287425,0,lagged,power,500,0.1
61,SS,1.1987284709655333,-3.909477588016435,0.9301397205588823,0,lagged,power,500,0.1
62,RC,1.4307362658559595,19.39607716735023,0.1996007984031936,0,lagged,power,500,0.1
62,Oracle,,6.990093567243332,0.001996007984031936,1,lagged,power,500,0.1
62,DM,,0.2992298332319203,0.20159680638722555,0,lagged,power,500,0.1
62,cDM,,0.05984960926708116,0.3033932135728543,0,lagged,power,500,0.1
62,SS,1.2338533977401416,-0.026225559163661316,0.47904191616766467,0,lagged,power,500,0.1
63,RC,0.9337903868641608,11.239137854932029,0.00998003992015968,1,lagged,power,500,0.1
63,Oracle,,10.630854936489742,0.001996007984031936,1,lagged,power,500,0.1
63,DM,,-0.2269814470387633,0.7624750499001997,0,lagged,power,500,0.1
63,cDM,,0.10662463060632148,0.07784431137724551,1,lagged,power,500,0.1
63,SS,1.200856752824626,1.5547528510345159,0.11177644710578842,0,lagged,power,500,0.1
64,RC,0.8730399088576034,-4.022537008153694,0.7085828343313373,0,lagged,power,500,0.1
64,Oracle,,12.140743441951424,0.001996007984031936,1,lagged,power,500,0.1
64,DM,,0.24594236251577448,0.249500998003992,0,lagged,power,500,0.1
64,cDM,,0.03646481775595835,0.28542914171656686,0,lagged,power,500,0.1
64,SS,1.2640809579740575,-1.7621730424850053,0.8383233532934131,0,lagged,power,500,0.1
65,RC,0.9169853902432032,4.804312925335943,0.003992015968063872,1,lagged,power,500,0.1
65,Oracle,,13.32639286146915,0.001996007984031936,1,lagged,power,500,0.1
65,DM,,0.49904837438101496,0.09780439121756487,1,lagged,power,500,0.1
65,cDM,,0.20475813571300364,0.001996007984031936,1,lagged,power,500,0.1
65,SS,1.327416980341708,-0.5147259874112824,0.26746506986027946,0,lagged,power,500,0.1
66,RC,0.826939677153363,-0.5850453942859347,0.3872255489021956,0,lagged,power,500,0.1
66,Oracle,,10.588508793706541,0.001996007984031936,1,lagged,power,500,0.1
66,DM,,0.16462061795087493,0.31137724550898205,0,lagged,power,500,0.1
66,cDM,,0.00196086608106049,0.48303393213572854,0,lagged,power,500,0.1
66,SS,1.1736669275429876,-0.5202871561540324,0.05389221556886228,1,lagged,power,500,0.1
67,RC,0.8459176221736796,0.8726392482950518,0.4491017964071856,0,lagged,power,500,0.1
67,Oracle,,6.452341141767192,0.001996007984031936,1,lagged,power,500,0.1
67,DM,,-0.02614203049945601,0.5329341317365269,0,lagged,power,500,0.1
67,cDM,,0.027065439684076206,0.405189620758483,0,lagged,power,500,0.1
67,SS,1.0627639184104365,-4.433095356023502,0.9201596806387226,0,lagged,power,500,0.1
68,RC,0.7789923533515308,2.435078226400138,0.16766467065868262,0,lagged,power,500,0.1
68,Oracle,,7.119662158492417,0.001996007984031936,1,lagged,power,500,0.1
68,DM,,0.5120864186035919,0.05189620758483034,1,lagged,power,500,0.1
68,cDM,,0.029400374188633206,0.3473053892215569,0,lagged,power,500,0.1
68,SS,1.0747903536372374,-4.814216219568825,0.9580838323353293,0,lagged,power,500,0.1
69,RC,1.0081437086794731,-2.433430900635233,0.1317365269461078,0,lagged,power,500,0.1
69,Oracle,,8.922875993161803,0.001996007984031936,1,lagged,power,500,0.1
69,DM,,-0.17541665026781672,0.6686626746506986,0,lagged,power,500,0.1
69,cDM,,0.045599006489763484,0.26746506986027946,0,lagged,power,500,0.1
69,SS,1.3232234169257775,-3.9760606620173236,0.6786427145708582,0,lagged,power,500,0.1
70,RC,0.7261189619313385,1.2295739095823102,0.0998003992015968,1,lagged,power,500,0.1
70,Oracle,,11.13061803589325,0.001996007984031936,1,lagged,power,500,0.1
70,DM,,0.18241363420233078,0.2654690618762475,0,lagged,power,500,0.1
70,cDM,,0.029372556797792302,0.35129740518962077,0,lagged,power,500,0.1
70,SS,1.2508567037045184,-1.6710663196365172,0.6387225548902196,0,lagged,power,500,0.1
71,RC,0.9564901135687451,-5.894485282273658,0.9840319361277445,0,lagged,power,500,0.1
71,Oracle,,10.455197438046069,0.001996007984031936,1,lagged,power,500,0.1
71,DM,,-0.36455876257990494,0.8622754491017964,0,lagged,power,500,0.1
71,cDM,,0.16856870145587227,0.003992015968063872,1,lagged,power,500,0.1
71,SS,1.2507101872617394,-4.075336779220113,0.9920159680638723,0,lagged,power,500,0.1
72,RC,1.1771985526497828,6.895563033731648,0.18163672654690619,0,lagged,power,500,0.1
72,Oracle,,4.759888006767558,0.001996007984031936,1,lagged,power,500,0.1
72,DM,,-0.016222176704690457,0.5269461077844312,0,lagged,power,500,0.1
72,cDM,,0.061672432915894033,0.2634730538922156,0,lagged,power,500,0.1
72,SS,1.0454627221129522,-0.15589232588558083,0.2215568862275449,0,lagged,power,500,0.1
73,RC,1.166946468650917,-5.053475367600809,0.7325349301397206,0,lagged,power,500,0.1
73,Oracle,,4.064432258072365,0.005988023952095809,1,lagged,power,500,0.1
73,DM,,-0.189020590858098,0.7485029940119761,0,lagged,power,500,0.1
73,cDM,,-0.08678203768242768,0.810379241516966,0,lagged,power,500,0.1
73,SS,1.169784402621767,-0.707128429784504,0.45109780439121755,0,lagged,power,500,0.1
74,RC,0.953418320466377,-1.6247237034579585,0.6087824351297405,0,lagged,power,500,0.1
74,Oracle,,9.08374995164905,0.001996007984031936,1,lagged,power,500,0.1
74,DM,,0.09973263926505685,0.37524950099800397,0,lagged,power,500,0.1
74,cDM,,0.07329602333552793,0.1536926147704591,0,lagged,power,500,0.1
74,SS,1.013382393549023,-2.5547036485576387,0.6666666666666666,0,lagged,power,500,0.1
75,RC,0.6472139269422299,9.218257390120836,0.005988023952095809,1,lagged,power,500,0.1
75,Oracle,,11.793525781137793,0.003992015968063872,1,lagged,power,500,0.1
75,DM,,-0.07699375859484935,0.5588822355289421,0,lagged,power,500,0.1
75,cDM,,-0.026732048854716653,0.6367265469061876,0,lagged,power,500,0.1
75,SS,1.274181545077992,-2.2483646793458427,0.16367265469061876,0,lagged,power,500,0.1
76,RC,0.9588273672908476,-3.0984978669498004,0.4930139720558882,0,lagged,power,500,0.1
76,Oracle,,13.422269223277354,0.001996007984031936,1,lagged,power,500,0.1
76,DM,,0.601457052536409,0.03992015968063872,1,lagged,power,500,0.1
76,cDM,,0.10403925394284677,0.08183632734530938,1,lagged,power,500,0.1
76,SS,1.1786296642949494,-1.229245699555093,0.5169660678642715,0,lagged,power,500,0.1
77,RC,1.2911245700340284,7.496019793663933,0.5768463073852296,0,lagged,power,500,0.1
77,Oracle,,5.565537317210335,0.007984031936127744,1,lagged,power,500,0.1
77,DM,,0.395575450177408,0.11377245508982035,0,lagged,power,500,0.1
77,cDM,,0.0654216261782249,0.2554890219560878,0,lagged,power,500,0.1
77,SS,1.3688948953376026,-2.622923864217296,0.2954091816367265,0,lagged,power,500,0.1
78,RC,1.0139445754603698,-2.70971046803874,0.6526946107784432,0,lagged,power,500,0.1
78,Oracle,,11.03016522334823,0.001996007984031936,1,lagged,power,500,0.1
78,DM,,0.5562111637644861,0.029940119760479042,1,lagged,power,500,0.1
78,cDM,,0.03583874201459024,0.313373253493014,0,lagged,power,500,0.1
78,SS,1.0032348517110115,-2.2494086266100295,0.7564870259481038,0,lagged,power,500,0.1
79,RC,0.8622139164278301,-3.123459659016043,0.45109780439121755,0,lagged,power,500,0.1
79,Oracle,,10.591637286992656,0.001996007984031936,1,lagged,power,500,0.1
79,DM,,0.301845416122349,0.20159680638722555,0,lagged,power,500,0.1
79,cDM,,0.011509029395297582,0.43912175648702595,0,lagged,power,500,0.1
79,SS,1.2922955856885738,-2.3999446464028846,0.8323353293413174,0,lagged,power,500,0.1
80,RC,1.52720875063072,9.65138494611367,0.4431137724550898,0,lagged,power,500,0.1
80,Oracle,,6.468841238597716,0.003992015968063872,1,lagged,power,500,0.1
80,DM,,-0.44084088325043214,0.9141716566866267,0,lagged,power,500,0.1
80,cDM,,0.04775603771861516,0.3093812375249501,0,lagged,power,500,0.1
80,SS,1.0865742265683465,1.0424321520008342,0.48902195608782434,0,lagged,power,500,0.1
81,RC,0.7597158998527592,0.2113507980686012,0.1437125748502994,0,lagged,power,500,0.1
81,Oracle,,5.550609385689379,0.001996007984031936,1,lagged,power,500,0.1
81,DM,,-0.31402730475292034,0.8283433133732535,0,lagged,power,500,0.1
81,cDM,,0.032719766278616134,0.3333333333333333,0,lagged,power,500,0.1
81,SS,1.3346815276361692,0.7610243864935196,0.041916167664670656,1,lagged,power,500,0.1
82,RC,0.9592826382602984,5.2788396638710005,0.47305389221556887,0,lagged,power,500,0.1
82,Oracle,,4.54406731364377,0.007984031936127744,1,lagged,power,500,0.1
82,DM,,0.1620828193978484,0.2994011976047904,0,lagged,power,500,0.1
82,cDM,,0.043794628976788735,0.3273453093812375,0,lagged,power,500,0.1
82,SS,1.2037810443036436,0.7264888557144158,0.3213572854291417,0,lagged,power,500,0.1
83,RC,0.9439841966724309,3.473922526828639,0.13373253493013973,0,lagged,power,500,0.1
83,Oracle,,8.617729821714146,0.001996007984031936,1,lagged,power,500,0.1
83,DM,,-0.3620182363978538,0.8562874251497006,0,lagged,power,500,0.1
83,cDM,,-0.0909070118810494,0.8522954091816367,0,lagged,power,500,0.1
83,SS,1.031687717695943,-1.6044027433775851,0.12574850299401197,0,lagged,power,500,0.1
84,RC,0.7444237127255019,0.3914668368541786,0.13972055888223553,0,lagged,power,500,0.1
84,Oracle,,8.461550901207062,0.001996007984031936,1,lagged,power,500,0.1
84,DM,,0.22569651008747835,0.24151696606786427,0,lagged,power,500,0.1
84,cDM,,-0.04422127504354914,0.7265469061876247,0,lagged,power,500,0.1
84,SS,1.151598325865651,-1.7648031593498055,0.09780439121756487,1,lagged,power,500,0.1
85,RC,0.6516621434105583,3.715864497657705,0.2714570858283433,0,lagged,power,500,0.1
85,Oracle,,7.302138746388133,0.001996007984031936,1,lagged,power,500,0.1
85,DM,,-0.03596619641512365,0.5249500998003992,0,lagged,power,500,0.1
85,cDM,,0.023430487385438795,0.36926147704590817,0,lagged,power,500,0.1
85,SS,1.2028256894356546,0.6120702104239536,0.4411177644710579,0,lagged,power,500,0.1
86,RC,0.755223674247551,0.6737651886745126,0.06786427145708583,1,lagged,power,500,0.1
86,Oracle,,10.976287673319273,0.001996007984031936,1,lagged,power,500,0.1
86,DM,,-0.28465309710044123,0.8243512974051896,0,lagged,power,500,0.1
86,cDM,,-0.011040883017993297,0.5668662674650699,0,lagged,power,500,0.1
86,SS,1.1171718109807371,-4.154101002153536,0.810379241516966,0,lagged,power,500,0.1
87,RC,0.866531656096357,4.266937144575723,0.21756487025948104,0,lagged,power,500,0.1
87,Oracle,,11.598411626072453,0.001996007984031936,1,lagged,power,500,0.1
87,DM,,-0.08000964206537937,0.6347305389221557,0,lagged,power,500,0.1
87,cDM,,0.14239554864015216,0.03792415169660679,1,lagged,power,500,0.1
87,SS,1.3968154332177478,0.3121510439988128,0.029940119760479042,1,lagged,power,500,0.1
88,RC,0.752396757923608,5.2242244861090255,0.1277445109780439,0,lagged,power,500,0.1
88,Oracle,,12.627181047034451,0.001996007984031936,1,lagged,power,500,0.1
88,DM,,0.5132973995179664,0.07784431137724551,1,lagged,power,500,0.1
88,cDM,,-0.010030106399175457,0.5409181636726547,0,lagged,power,500,0.1
88,SS,1.1628705880827,-2.6383719727264667,0.8423153692614771,0,lagged,power,500,0.1
89,RC,1.205443119144005,18.58983781475485,0.06786427145708583,1,lagged,power,500,0.1
89,Oracle,,4.747993124011738,0.001996007984031936,1,lagged,power,500,0.1
89,DM,,-0.11639286003717665,0.624750499001996,0,lagged,power,500,0.1
89,cDM,,-0.1420802778933212,0.9481037924151696,0,lagged,power,500,0.1
89,SS,1.4542305901791168,-4.831480215335417,0.8822355289421158,0,lagged,power,500,0.1
90,RC,1.3655436458155288,16.728838435210697,0.1437125748502994,0,lagged,power,500,0.1
90,Oracle,,4.53381278676211,0.007984031936127744,1,lagged,power,500,0.1
90,DM,,-0.15685736710235332,0.6846307385229541,0,lagged,power,500,0.1
90,cDM,,-0.03823395786173497,0.6526946107784432,0,lagged,power,500,0.1
90,SS,1.010890846637648,-2.811622226577433,0.8343313373253493,0,lagged,power,500,0.1
91,RC,1.1303849191051822,4.89672912478086,0.12375249500998003,0,lagged,power,500,0.1
91,Oracle,,18.672665356958742,0.001996007984031936,1,lagged,power,500,0.1
91,DM,,0.6763824758664311,0.01996007984031936,1,lagged,power,500,0.1
91,cDM,,0.13880426509672003,0.031936127744510975,1,lagged,power,500,0.1
91,SS,1.082861805800452,-0.3577795291245856,0.499001996007984,0,lagged,power,500,0.1
92,RC,1.3770333529260257,18.220433341489258,0.2834331337325349,0,lagged,power,500,0.1
92,Oracle,,5.932328901319967,0.001996007984031936,1,lagged,power,500,0.1
92,DM,,0.11565692870416676,0.38922155688622756,0,lagged,power,500,0.1
92,cDM,,-0.08059122660059079,0.810379241516966,0,lagged,power,500,0.1
92,SS,1.286617613715467,2.1722597190316066,0.1217564870259481,0,lagged,power,500,0.1
93,RC,0.9399295907671849,2.2934766276098317,0.005988023952095809,1,lagged,power,500,0.1
93,Oracle,,12.57229146031679,0.001996007984031936,1,lagged,power,500,0.1
93,DM,,-0.2779553811944726,0.810379241516966,0,lagged,power,500,0.1
93,cDM,,0.13447092118818577,0.03992015968063872,1,lagged,power,500,0.1
93,SS,1.1073886296334567,-0.41272778974030616,0.9341317365269461,0,lagged,power,500,0.1
94,RC,1.5205386054972319,-0.6170424236619325,0.6167664670658682,0,lagged,power,500,0.1
94,Oracle,,4.896581230710916,0.03792415169660679,1,lagged,power,500,0.1
94,DM,,0.16683118703007485,0.31736526946107785,0,lagged,power,500,0.1
94,cDM,,-0.0191092872220201,0.5948103792415169,0,lagged,power,500,0.1
94,SS,1.2977341774193865,-2.8042151592982885,0.34930139720558884,0,lagged,power,500,0.1
95,RC,1.0901868161738413,-2.0822439757289484,0.26746506986027946,0,lagged,power,500,0.1
95,Oracle,,11.946385879617942,0.001996007984031936,1,lagged,power,500,0.1
95,DM,,-0.23122662576626798,0.7285429141716567,0,lagged,power,500,0.1
95,cDM,,0.025135190008936673,0.36726546906187624,0,lagged,power,500,0.1
95,SS,0.8999437586862548,0.21530419141264598,0.3812375249500998,0,lagged,power,500,0.1
96,RC,0.8591391250689085,5.668278404130968,0.06187624750499002,1,lagged,power,500,0.1
96,Oracle,,10.413321234931818,0.001996007984031936,1,lagged,power,500,0.1
96,DM,,0.3462938307665678,0.11177644710578842,0,lagged,power,500,0.1
96,cDM,,0.07469474492083421,0.15568862275449102,0,lagged,power,500,0.1
96,SS,1.4622149355544178,-1.4215416544570874,0.13572854291417166,0,lagged,power,500,0.1
97,RC,0.7346592817227284,2.618153238674845,0.003992015968063872,1,lagged,power,500,0.1
97,Oracle,,3.6486303953867476,0.001996007984031936,1,lagged,power,500,0.1
97,DM,,0.20919317943451418,0.2754491017964072,0,lagged,power,500,0.1
97,cDM,,0.021886430178574372,0.3812375249500998,0,lagged,power,500,0.1
97,SS,0.881859140932309,0.7439101936880439,0.05189620758483034,1,lagged,power,500,0.1
98,RC,1.0444274867103458,4.4767620875259855,0.17365269461077845,0,lagged,power,500,0.1
98,Oracle,,10.588537463984855,0.001996007984031936,1,lagged,power,500,0.1
98,DM,,-0.05140793625609497,0.5588822355289421,0,lagged,power,500,0.1
98,cDM,,0.2567144588360319,0.001996007984031936,1,lagged,power,500,0.1
98,SS,1.1211074420941893,1.8103450169189546,0.011976047904191617,1,lagged,power,500,0.1
99,RC,1.1847441430728196,-2.8879792803789988,0.4750499001996008,0,lagged,power,500,0.1
99,Oracle,,3.7025520880574505,0.007984031936127744,1,lagged,power,500,0.1
99,DM,,-0.49717114690866193,0.9341317365269461,0,lagged,power,500,0.1
99,cDM,,-0.05414840063752595,0.7844311377245509,0,lagged,power,500,0.1
99,SS,1.06049962449781,-1.2382392086941385,0.7265469061876247,0,lagged,power,500,0.1
100,RC,0.7616671568801374,4.036909365958005,0.04590818363273453,1,lagged,power,500,0.1
100,Oracle,,9.139757591212371,0.001996007984031936,1,lagged,power,500,0.1
100,DM,,-0.25721416808153286,0.7664670658682635,0,lagged,power,500,0.1
100,cDM,,-0.09001074379188803,0.908183632734531,0,lagged,power,500,0.1
100,SS,1.1498242019447915,-7.515363299457365,0.8962075848303394,0,lagged,power,500,0.1
101,RC,0.9761120601575219,9.612460283146941,0.023952095808383235,1,lagged,power,500,0.1
101,Oracle,,11.176301222593096,0.001996007984031936,1,lagged,power,500,0.1
101,DM,,0.16138391740111518,0.27944111776447106,0,lagged,power,500,0.1
101,cDM,,0.12706138044092366,0.05189620758483034,1,lagged,power,500,0.1
101,SS,1.3317153760976252,-2.8706566988418105,0.6047904191616766,0,lagged,power,500,0.1
102,RC,1.1386664092198786,-4.1873291342788175,0.23353293413173654,0,lagged,power,500,0.1
102,Oracle,,7.232416471440383,0.001996007984031936,1,lagged,power,500,0.1
102,DM,,-0.15010190498791237,0.720558882235529,0,lagged,power,500,0.1
102,cDM,,0.006215751493774335,0.47305389221556887,0,lagged,power,500,0.1
102,SS,1.2852182330149584,-3.167171790804636,0.2754491017964072,0,lagged,power,500,0.1
103,RC,1.081897978520743,4.777459078738646,0.031936127744510975,1,lagged,power,500,0.1
103,Oracle,,13.381444731787491,0.001996007984031936,1,lagged,power,500,0.1
103,DM,,0.5607992413527999,0.04790419161676647,1,lagged,power,500,0.1
103,cDM,,0.14345168567958105,0.043912175648702596,1,lagged,power,500,0.1
103,SS,1.0819886914951804,-0.6406562826073376,0.5748502994011976,0,lagged,power,500,0.1
104,RC,1.1534781862946486,5.4656300184442514,0.3013972055888224,0,lagged,power,500,0.1
104,Oracle,,10.272818931780433,0.001996007984031936,1,lagged,power,500,0.1
104,DM,,-0.01136358912140557,0.4870259481037924,0,lagged,power,500,0.1
104,cDM,,-0.07043197890910714,0.846307385229541,0,lagged,power,500,0.1
104,SS,1.064504106829767,-0.13301697747656363,0.36327345309381237,0,lagged,power,500,0.1
105,RC,1.0156831677950735,1.5214205070297009,0.4091816367265469,0,lagged,power,500,0.1
105,Oracle,,8.851206819270306,0.001996007984031936,1,lagged,power,500,0.1
105,DM,,0.6063773476588168,0.023952095808383235,1,lagged,power,500,0.1
105,cDM,,0.06737522586603853,0.1936127744510978,0,lagged,power,500,0.1
105,SS,1.1095568324980198,-2.8569299293464,0.41916167664670656,0,lagged,power,500,0.1
106,RC,0.7273265409962685,-1.7809042989989599,0.6147704590818364,0,lagged,power,500,0.1
106,Oracle,,5.536262904505145,0.027944111776447105,1,lagged,power,500,0.1
106,DM,,0.4940326969771114,0.08183632734530938,1,lagged,power,500,0.1
106,cDM,,-0.002752573860058258,0.5129740518962076,0,lagged,power,500,0.1
106,SS,1.0973593636627053,-1.341101513999003,0.5888223552894212,0,lagged,power,500,0.1
107,RC,0.8965783717824996,-7.131423289588317,0.9221556886227545,0,lagged,power,500,0.1
107,Oracle,,9.197555955137561,0.001996007984031936,1,lagged,power,500,0.1
107,DM,,0.17184616418601348,0.29740518962075846,0,lagged,power,500,0.1
107,cDM,,-0.004414787429419347,0.5768463073852296,0,lagged,power,500,0.1
107,SS,1.1732786536024697,-5.790966241537822,0.8902195608782435,0,lagged,power,500,0.1
108,RC,1.1325962105544496,-2.532917659462105,0.015968063872255488,1,lagged,power,500,0.1
108,Oracle,,13.69869083649355,0.001996007984031936,1,lagged,power,500,0.1
108,DM,,0.8141964308749375,0.011976047904191617,1,lagged,power,500,0.1
108,cDM,,0.1790372893279936,0.005988023952095809,1,lagged,power,500,0.1
108,SS,1.0299998487185993,0.6308645714885774,0.07984031936127745,1,lagged,power,500,0.1
109,RC,1.1020724572750633,-1.7233562848621837,0.48303393213572854,0,lagged,power,500,0.1
109,Oracle,,7.6903212272223715,0.003992015968063872,1,lagged,power,500,0.1
109,DM,,-0.04528086479458012,0.530938123752495,0,lagged,power,500,0.1
109,cDM,,0.05052302873369176,0.23952095808383234,0,lagged,power,500,0.1
109,SS,1.3273373476145631,0.2193085835869173,0.08782435129740519,1,lagged,power,500,0.1
110,RC,0.8217874901155944,-0.1105506282934677,0.12974051896207583,0,lagged,power,500,0.1
110,Oracle,,9.36242772253036,0.001996007984031936,1,lagged,power,500,0.1
110,DM,,-0.34470953426167295,0.846307385229541,0,lagged,power,500,0.1
110,cDM,,-0.15393386610839072,0.9840319361277445,0,lagged,power,500,0.1
110,SS,1.3200412185420476,0.6925346180081293,0.25349301397205587,0,lagged,power,500,0.1
111,RC,0.7750828360506167,8.919008006420526,0.017964071856287425,1,lagged,power,500,0.1
111,Oracle,,9.764271606336754,0.001996007984031936,1,lagged,power,500,0.1
111,DM,,0.5732288704723327,0.043912175648702596,1,lagged,power,500,0.1
111,cDM,,0.02992739407343794,0.3313373253493014,0,lagged,power,500,0.1
111,SS,1.1464941979939298,-3.5744745896143306,0.9780439121756487,0,lagged,power,500,0.1
112,RC,0.7257462893647716,1.5959975332862468,0.12574850299401197,0,lagged,power,500,0.1
112,Oracle,,6.756336407564712,0.001996007984031936,1,lagged,power,500,0.1
112,DM,,-0.15523126151827335,0.6946107784431138,0,lagged,power,500,0.1
112,cDM,,0.18266285150457134,0.005988023952095809,1,lagged,power,500,0.1
112,SS,1.0455832704450052,-1.1187687404442566,0.7704590818363274,0,lagged,power,500,0.1
113,RC,1.0538417523135772,-2.3258029791563835,0.29141716566866266,0,lagged,power,500,0.1
113,Oracle,,8.944165134984619,0.001996007984031936,1,lagged,power,500,0.1
113,DM,,0.004318415549136314,0.49500998003992014,0,lagged,power,500,0.1
113,cDM,,0.006138029005940148,0.47704590818363274,0,lagged,power,500,0.1
113,SS,1.1891618033391642,-4.012243022607139,0.8483033932135728,0,lagged,power,500,0.1
114,RC,0.9287432740926796,-6.894008000452645,0.7085828343313373,0,lagged,power,500,0.1
114,Oracle,,10.707061249150586,0.001996007984031936,1,lagged,power,500,0.1
114,DM,,-0.1651218579116599,0.6826347305389222,0,lagged,power,500,0.1
114,cDM,,-0.07793606737199738,0.810379241516966,0,lagged,power,500,0.1
114,SS,1.2821239382094176,-4.867083771807318,0.9860279441117764,0,lagged,power,500,0.1
115,RC,0.790952530384223,-0.3613894815289468,0.13373253493013973,0,lagged,power,500,0.1
115,Oracle,,7.109151709395482,0.001996007984031936,1,lagged,power,500,0.1
115,DM,,0.12921585106317313,0.3313373253493014,0,lagged,power,500,0.1
115,cDM,,-0.12057447604227585,0.9481037924151696,0,lagged,power,500,0.1
115,SS,1.0675247753591481,-0.8995517810589557,0.12974051896207583,0,lagged,power,500,0.1
116,RC,0.9056107828054905,9.443169395930463,0.47105788423153694,0,lagged,power,500,0.1
116,Oracle,,3.400737187164366,0.003992015968063872,1,lagged,power,500,0.1
116,DM,,-0.05963551380437379,0.5429141716566867,0,lagged,power,500,0.1
116,cDM,,0.017790729502267292,0.42115768463073855,0,lagged,power,500,0.1
116,SS,1.0508203582334692,-1.0076052299975164,0.6526946107784432,0,lagged,power,500,0.1
117,RC,0.8414770206866886,-2.092574340971484,0.14770459081836326,0,lagged,power,500,0.1
117,Oracle,,6.2831215310585815,0.001996007984031936,1,lagged,power,500,0.1
117,DM,,0.13441164171262923,0.3153692614770459,0,lagged,power,500,0.1
117,cDM,,0.20594123105262277,0.005988023952095809,1,lagged,power,500,0.1
117,SS,1.2553947381612514,-0.18157885890128983,0.16167664670658682,0,lagged,power,500,0.1
118,RC,1.0733789854719418,-9.901872504394793,0.5349301397205589,0,lagged,power,500,0.1
118,Oracle,,4.846198916396249,0.001996007984031936,1,lagged,power,500,0.1
118,DM,,-0.04387958631287463,0.5728542914171657,0,lagged,power,500,0.1
118,cDM,,0.0971041752813644,0.1437125748502994,0,lagged,power,500,0.1
118,SS,1.2861738254298223,-0.9936173470049132,0.39520958083832336,0,lagged,power,500,0.1
119,RC,0.7495330231242433,2.1534656078410572,0.059880239520958084,1,lagged,power,500,0.1
119,Oracle,,6.092105992813849,0.003992015968063872,1,lagged,power,500,0.1
119,DM,,-0.7284815277906213,0.9920159680638723,0,lagged,power,500,0.1
119,cDM,,-0.14368326153375138,0.9720558882235529,0,lagged,power,500,0.1
119,SS,1.1857148227318102,-1.3575060201573617,0.39520958083832336,0,lagged,power,500,0.1
120,RC,0.9917886148712156,1.9203239155483616,0.13572854291417166,0,lagged,power,500,0.1
120,Oracle,,11.600690106603654,0.001996007984031936,1,lagged,power,500,0.1
120,DM,,0.18251514329792623,0.26746506986027946,0,lagged,power,500,0.1
120,cDM,,0.055289867458296955,0.23353293413173654,0,lagged,power,500,0.1
120,SS,1.2627424131636742,0.05541763202137684,0.017964071856287425,1,lagged,power,500,0.1
121,RC,1.0310686434904404,9.601351987591888,0.001996007984031936,1,lagged,power,500,0.1
121,Oracle,,10.365947109090389,0.001996007984031936,1,lagged,power,500,0.1
121,DM,,0.06973145507506932,0.4311377245508982,0,lagged,power,500,0.1
121,cDM,,0.06859498698595282,0.1936127744510978,0,lagged,power,500,0.1
121,SS,1.05676629691328,0.16271469796443672,0.07784431137724551,1,lagged,power,500,0.1
122,RC,1.043689946064954,-2.6879665523302707,0.6147704590818364,0,lagged,power,500,0.1
122,Oracle,,10.660068934067455,0.001996007984031936,1,lagged,power,500,0.1
122,DM,,0.2590895735849142,0.2275449101796407,0,lagged,power,500,0.1
122,cDM,,0.027935280850228943,0.36926147704590817,0,lagged,power,500,0.1
122,SS,1.1223896763614984,-5.281052234737659,0.9780439121756487,0,lagged,power,500,0.1
123,RC,0.9696143390825447,-2.8148354847118933,0.48303393213572854,0,lagged,power,500,0.1
123,Oracle,,7.774977263375595,0.001996007984031936,1,lagged,power,500,0.1
123,DM,,0.16605055735025961,0.34530938123752497,0,lagged,power,500,0.1
123,cDM,,-0.06410555299698173,0.7864271457085829,0,lagged,power,500,0.1
123,SS,1.1323527364906625,-0.9039045884807905,0.5249500998003992,0,lagged,power,500,0.1
124,RC,0.7259438028673432,0.10909961028064422,0.10179640718562874,0,lagged,power,500,0.1
124,Oracle,,8.98408842848598,0.001996007984031936,1,lagged,power,500,0.1
124,DM,,-0.07638606923028249,0.5868263473053892,0,lagged,power,500,0.1
124,cDM,,0.09439994573357402,0.11177644710578842,0,lagged,power,500,0.1
124,SS,1.2593266393248015,-1.9014450542975525,0.28542914171656686,0,lagged,power,500,0.1
125,RC,0.9250890492950998,-3.815044800252008,0.5149700598802395,0,lagged,power,500,0.1
125,Oracle,,13.261059974647557,0.001996007984031936,1,lagged,power,500,0.1
125,DM,,0.4603707400668746,0.09780439121756487,1,lagged,power,500,0.1
125,cDM,,0.0664430705959519,0.1936127744510978,0,lagged,power,500,0.1
125,SS,0.8532510309603691,-1.6972614073442773,0.5968063872255489,0,lagged,power,500,0.1
126,RC,1.1662382758536451,5.195031025184541,0.19161676646706588,0,lagged,power,500,0.1
126,Oracle,,12.010142986765223,0.001996007984031936,1,lagged,power,500,0.1
126,DM,,0.24349217323570388,0.22954091816367264,0,lagged,power,500,0.1
126,cDM,,-0.024455872062301577,0.6526946107784432,0,lagged,power,500,0.1
126,SS,1.2617704282662245,4.104453535866746,0.00998003992015968,1,lagged,power,500,0.1
127,RC,1.6058986569348979,16.748401275288348,0.2275449101796407,0,lagged,power,500,0.1
127,Oracle,,8.437386562158743,0.001996007984031936,1,lagged,power,500,0.1
127,DM,,-0.5416538917666446,0.9600798403193613,0,lagged,power,500,0.1
127,cDM,,-0.05532920745664861,0.6986027944111777,0,lagged,power,500,0.1
127,SS,1.1831417054562956,4.038342433741775,0.04790419161676647,1,lagged,power,500,0.1
128,RC,0.8252366284661877,-0.9947101628027489,0.5768463073852296,0,lagged,power,500,0.1
128,Oracle,,6.434947558056417,0.001996007984031936,1,lagged,power,500,0.1
128,DM,,-0.005282290562553688,0.45109780439121755,0,lagged,power,500,0.1
128,cDM,,-0.12643078770473676,0.9680638722554891,0,lagged,power,500,0.1
128,SS,1.0510542344843326,-1.374606806178893,0.6447105788423154,0,lagged,power,500,0.1
129,RC,0.7985864978432079,-1.488500654958894,0.20958083832335328,0,lagged,power,500,0.1
129,Oracle,,8.231170798097194,0.001996007984031936,1,lagged,power,500,0.1
129,DM,,-0.4325047100178561,0.9101796407185628,0,lagged,power,500,0.1
129,cDM,,0.13890641391778508,0.02594810379241517,1,lagged,power,500,0.1
129,SS,1.1772385301861585,1.0681001528698144,0.07584830339321358,1,lagged,power,500,0.1
130,RC,1.1178977872561975,-7.769091989923337,0.8622754491017964,0,lagged,power,500,0.1
130,Oracle,,7.220618894295457,0.001996007984031936,1,lagged,power,500,0.1
130,DM,,-0.042904297591844096,0.5788423153692615,0,lagged,power,500,0.1
130,cDM,,0.016378414279151834,0.38323353293413176,0,lagged,power,500,0.1
130,SS,1.4189659394487975,-4.451551709040897,0.7784431137724551,0,lagged,power,500,0.1
131,RC,0.9013333248003907,7.377614709067333,0.11177644710578842,0,lagged,power,500,0.1
131,Oracle,,13.115555883914357,0.001996007984031936,1,lagged,power,500,0.1
131,DM,,0.7013430670617872,0.013972055888223553,1,lagged,power,500,0.1
131,cDM,,-0.06715116455534666,0.812375249500998,0,lagged,power,500,0.1
131,SS,1.1316099617665099,-1.2313977228878337,0.4750499001996008,0,lagged,power,500,0.1
132,RC,1.5401686231922733,19.496901484150133,0.19760479041916168,0,lagged,power,500,0.1
132,Oracle,,3.683661155660311,0.003992015968063872,1,lagged,power,500,0.1
132,DM,,-0.1265223769632575,0.7005988023952096,0,lagged,power,500,0.1
132,cDM,,-0.09040835440182662,0.8483033932135728,0,lagged,power,500,0.1
132,SS,1.1758647915357443,-3.4162909448958403,0.6806387225548902,0,lagged,power,500,0.1
133,RC,1.3453066874018267,5.39211134505007,0.36726546906187624,0,lagged,power,500,0.1
133,Oracle,,5.546145875526273,0.00998003992015968,1,lagged,power,500,0.1
133,DM,,-0.1479980307334235,0.6966067864271457,0,lagged,power,500,0.1
133,cDM,,-0.06238354941574735,0.7784431137724551,0,lagged,power,500,0.1
133,SS,0.9584670821378124,0.020354524550112173,0.3992015968063872,0,lagged,power,500,0.1
134,RC,0.6208373538578474,0.35457122258682644,0.23552894211576847,0,lagged,power,500,0.1
134,Oracle,,8.573557526154541,0.001996007984031936,1,lagged,power,500,0.1
134,DM,,0.2409165071078659,0.21157684630738524,0,lagged,power,500,0.1
134,cDM,,0.036896236718040085,0.35728542914171657,0,lagged,power,500,0.1
134,SS,1.0695435476037636,-0.987699540386852,0.47704590818363274,0,lagged,power,500,0.1
135,RC,1.0149882262767291,3.4197624933748316,0.011976047904191617,1,lagged,power,500,0.1
135,Oracle,,11.650718170065756,0.001996007984031936,1,lagged,power,500,0.1
135,DM,,0.39807064180168633,0.11177644710578842,0,lagged,power,500,0.1
135,cDM,,-0.05003966718631393,0.7504990019960079,0,lagged,power,500,0.1
135,SS,1.0340339916496442,-4.665779173140669,0.9021956087824351,0,lagged,power,500,0.1
136,RC,0.6485368579023171,-0.7074114308307932,0.8602794411177644,0,lagged,power,500,0.1
136,Oracle,,1.5399085671750221,0.001996007984031936,1,lagged,power,500,0.1
136,DM,,-0.09132920022455528,0.590818363273453,0,lagged,power,500,0.1
136,cDM,,-0.09306001187198816,0.8982035928143712,0,lagged,power,500,0.1
136,SS,1.1394783422353558,-4.742437675568685,0.9161676646706587,0,lagged,power,500,0.1
137,RC,0.6530829391336459,10.394158590627502,0.001996007984031936,1,lagged,power,500,0.1
137,Oracle,,9.225818506048174,0.001996007984031936,1,lagged,power,500,0.1
137,DM,,0.30438748934312393,0.21357285429141717,0,lagged,power,500,0.1
137,cDM,,-0.031955003934093125,0.6307385229540918,0,lagged,power,500,0.1
137,SS,1.158955973949887,-3.6848198899284186,0.7225548902195609,0,lagged,power,500,0.1
138,RC,0.8793493986515624,-15.607229078209315,0.998003992015968,0,lagged,power,500,0.1
138,Oracle,,5.071765578504634,0.005988023952095809,1,lagged,power,500,0.1
138,DM,,-0.3784198701747587,0.8802395209580839,0,lagged,power,500,0.1
138,cDM,,-0.09445043626499278,0.9021956087824351,0,lagged,power,500,0.1
138,SS,0.9311614158821903,-1.7596094570981673,0.6586826347305389,0,lagged,power,500,0.1
139,RC,1.5008650201761413,27.955517257282104,0.043912175648702596,1,lagged,power,500,0.1
139,Oracle,,8.271283031118301,0.001996007984031936,1,lagged,power,500,0.1
139,DM,,0.01615872495862085,0.49700598802395207,0,lagged,power,500,0.1
139,cDM,,0.11290977098050894,0.11776447105788423,0,lagged,power,500,0.1
139,SS,1.076414699899209,-2.019898858700999,0.5169660678642715,0,lagged,power,500,0.1
140,RC,0.801554521894373,0.45739545406208276,0.4491017964071856,0,lagged,power,500,0.1
140,Oracle,,5.044736292460271,0.001996007984031936,1,lagged,power,500,0.1
140,DM,,0.22148514897019309,0.2694610778443114,0,lagged,power,500,0.1
140,cDM,,-0.03223553059465689,0.6806387225548902,0,lagged,power,500,0.1
140,SS,1.1356641403401193,-0.19788120539301762,0.11177644710578842,0,lagged,power,500,0.1
141,RC,1.0638572489421476,-8.974391354205556,0.6626746506986028,0,lagged,power,500,0.1
141,Oracle,,9.644013144932272,0.001996007984031936,1,lagged,power,500,0.1
141,DM,,-0.11775156139729624,0.6506986027944112,0,lagged,power,500,0.1
141,cDM,,0.10632477181493387,0.0658682634730539,1,lagged,power,500,0.1
141,SS,1.3102906936397105,0.5974347715738386,0.09580838323353294,1,lagged,power,500,0.1
142,RC,0.8492625683681291,1.1696985366316757,0.18962075848303392,0,lagged,power,500,0.1
142,Oracle,,16.60941325850212,0.001996007984031936,1,lagged,power,500,0.1
142,DM,,-0.13498655959741104,0.6746506986027944,0,lagged,power,500,0.1
142,cDM,,-0.05011646779997914,0.7624750499001997,0,lagged,power,500,0.1
142,SS,1.0903921236581648,-1.8352985786405782,0.7125748502994012,0,lagged,power,500,0.1
143,RC,1.322064136686516,9.788276949602755,0.47305389221556887,0,lagged,power,500,0.1
143,Oracle,,5.472738469375699,0.005988023952095809,1,lagged,power,500,0.1
143,DM,,-0.24145757939001586,0.7764471057884231,0,lagged,power,500,0.1
143,cDM,,-0.01783768054743193,0.562874251497006,0,lagged,power,500,0.1
143,SS,1.2072353030803107,-0.3119382773877106,0.3992015968063872,0,lagged,power,500,0.1
144,RC,0.7759861206085715,1.2487987858436438,0.35528942115768464,0,lagged,power,500,0.1
144,Oracle,,5.653379507370204,0.001996007984031936,1,lagged,power,500,0.1
144,DM,,-0.2580981064429512,0.7924151696606786,0,lagged,power,500,0.1
144,cDM,,0.12697499602783666,0.043912175648702596,1,lagged,power,500,0.1
144,SS,1.0804487665251348,2.664257933690023,0.011976047904191617,1,lagged,power,500,0.1
145,RC,0.5953339284649002,6.55054899058733,0.005988023952095809,1,lagged,power,500,0.1
145,Oracle,,6.400045093990722,0.001996007984031936,1,lagged,power,500,0.1
145,DM,,-0.347988710840589,0.8602794411177644,0,lagged,power,500,0.1
145,cDM,,-0.10162098818296245,0.9321357285429142,0,lagged,power,500,0.1
145,SS,1.2620812990047818,-4.067233043228595,0.654690618762475,0,lagged,power,500,0.1
146,RC,1.5120777176422409,30.016665742424443,0.03792415169660679,1,lagged,power,500,0.1
146,Oracle,,8.05965905424828,0.007984031936127744,1,lagged,power,500,0.1
146,DM,,0.26575409826108604,0.21157684630738524,0,lagged,power,500,0.1
146,cDM,,0.08370580374344169,0.16966067864271456,0,lagged,power,500,0.1
146,SS,1.291158116812398,-0.7974963686179617,0.249500998003992,0,lagged,power,500,0.1
147,RC,1.0088650930049088,4.184650135194405,0.3912175648702595,0,lagged,power,500,0.1
147,Oracle,,4.231287565675815,0.033932135728542916,1,lagged,power,500,0.1
147,DM,,0.0682049596285598,0.39520958083832336,0,lagged,power,500,0.1
147,cDM,,0.06516310748614995,0.23952095808383234,0,lagged,power,500,0.1
147,SS,1.0751202018553985,-6.836165554418207,0.9760479041916168,0,lagged,power,500,0.1
148,RC,1.697979775786013,23.117042808011774,0.10578842315369262,0,lagged,power,500,0.1
148,Oracle,,9.975689564125014,0.001996007984031936,1,lagged,power,500,0.1
148,DM,,-0.28116180609873165,0.8263473053892215,0,lagged,power,500,0.1
148,cDM,,0.0029072477042356715,0.5329341317365269,0,lagged,power,500,0.1
148,SS,1.237365873680398,-1.905126370843923,0.6027944111776448,0,lagged,power,500,0.1
149,RC,1.5644015923743013,27.998300137181083,0.00998003992015968,1,lagged,power,500,0.1
149,Oracle,,6.950738580938332,0.001996007984031936,1,lagged,power,500,0.1
149,DM,,-0.12518821416496004,0.6726546906187625,0,lagged,power,500,0.1
149,cDM,,-0.05138552482986348,0.7345309381237525,0,lagged,power,500,0.1
149,SS,1.4679636938877207,-3.201873884964752,0.3592814371257485,0,lagged,power,500,0.1
150,RC,1.0018979427292818,4.069189859914017,0.7624750499001997,0,lagged,power,500,0.1
150,Oracle,,4.067085084515069,0.013972055888223553,1,lagged,power,500,0.1
150,DM,,0.17692976729694615,0.313373253493014,0,lagged,power,500,0.1
150,cDM,,0.07932761021607228,0.2055888223552894,0,lagged,power,500,0.1
150,SS,1.3089422169780476,3.2309591173969623,0.059880239520958084,1,lagged,power,500,0.1
151,RC,0.9067193711170839,-0.7830775585347857,0.437125748502994,0,lagged,power,500,0.1
151,Oracle,,7.7979626411319884,0.001996007984031936,1,lagged,power,500,0.1
151,DM,,0.3247722459547475,0.16966067864271456,0,lagged,power,500,0.1
151,cDM,,-0.0038107873009368297,0.5229540918163673,0,lagged,power,500,0.1
151,SS,1.1142934321756621,-1.6852330994465485,0.8363273453093812,0,lagged,power,500,0.1
152,RC,0.9600309456677393,-2.2961485191107585,0.09780439121756487,1,lagged,power,500,0.1
152,Oracle,,13.038809441743343,0.001996007984031936,1,lagged,power,500,0.1
152,DM,,0.2937822276204009,0.17964071856287425,0,lagged,power,500,0.1
152,cDM,,-0.056678134269958914,0.8203592814371258,0,lagged,power,500,0.1
152,SS,1.120235283027728,-3.0002890330889493,0.9041916167664671,0,lagged,power,500,0.1
153,RC,1.4889807114143911,0.3226801298514587,0.8662674650698603,0,lagged,power,500,0.1
153,Oracle,,6.350547032887528,0.001996007984031936,1,lagged,power,500,0.1
153,DM,,0.22410565189538537,0.31736526946107785,0,lagged,power,500,0.1
153,cDM,,0.06358181715372259,0.2654690618762475,0,lagged,power,500,0.1
153,SS,1.203747947846723,0.22564936323150314,0.023952095808383235,1,lagged,power,500,0.1
154,RC,0.9379579231721007,-1.6858729379805957,0.25948103792415167,0,lagged,power,500,0.1
154,Oracle,,9.44303705274567,0.007984031936127744,1,lagged,power,500,0.1
154,DM,,-0.5578218074085778,0.9660678642714571,0,lagged,power,500,0.1
154,cDM,,0.0438648323949251,0.26746506986027946,0,lagged,power,500,0.1
154,SS,1.1499721304028947,-0.14468660256766092,0.4231536926147705,0,lagged,power,500,0.1
155,RC,0.8224876907592679,1.7869549672068472,0.0718562874251497,1,lagged,power,500,0.1
155,Oracle,,10.380124963606072,0.003992015968063872,1,lagged,power,500,0.1
155,DM,,-0.032101019195585195,0.5329341317365269,0,lagged,power,500,0.1
155,cDM,,0.04976057320912376,0.26746506986027946,0,lagged,power,500,0.1
155,SS,1.2976785306012744,-1.1853083860170783,0.3652694610778443,0,lagged,power,500,0.1
156,RC,1.0491052488347083,-0.8856009994775782,0.3033932135728543,0,lagged,power,500,0.1
156,Oracle,,6.313090833271296,0.001996007984031936,1,lagged,power,500,0.1
156,DM,,0.2286548298019243,0.1996007984031936,0,lagged,power,500,0.1
156,cDM,,0.07213661616047053,0.16766467065868262,0,lagged,power,500,0.1
156,SS,1.3060058362585356,-3.2090444541882803,0.9680638722554891,0,lagged,power,500,0.1
157,RC,1.129984861137761,0.7290748539648694,0.027944111776447105,1,lagged,power,500,0.1
157,Oracle,,15.33081320452636,0.001996007984031936,1,lagged,power,500,0.1
157,DM,,-0.2076659473541676,0.7125748502994012,0,lagged,power,500,0.1
157,cDM,,0.07485639724568512,0.16966067864271456,0,lagged,power,500,0.1
157,SS,1.0864912231894317,2.877298034699786,0.09381237524950099,1,lagged,power,500,0.1
158,RC,1.4667454457081057,-4.11439028037811,0.8283433133732535,0,lagged,power,500,0.1
158,Oracle,,5.56518877850204,0.005988023952095809,1,lagged,power,500,0.1
158,DM,,0.44646779528320857,0.09381237524950099,1,lagged,power,500,0.1
158,cDM,,0.06935680577020449,0.22554890219560877,0,lagged,power,500,0.1
158,SS,1.3736983362842439,1.063265213866663,0.4870259481037924,0,lagged,power,500,0.1
159,RC,0.7771390560425515,2.099312214404909,0.015968063872255488,1,lagged,power,500,0.1
159,Oracle,,12.107060071662783,0.001996007984031936,1,lagged,power,500,0.1
159,DM,,0.18139594973754286,0.3253493013972056,0,lagged,power,500,0.1
159,cDM,,0.0204564049305686,0.3872255489021956,0,lagged,power,500,0.1
159,SS,1.1321138170763136,-2.30170476938315,0.7624750499001997,0,lagged,power,500,0.1
160,RC,1.416245069303107,16.26742439593096,0.031936127744510975,1,lagged,power,500,0.1
160,Oracle,,6.305402522994531,0.001996007984031936,1,lagged,power,500,0.1
160,DM,,-0.1493666277228777,0.6367265469061876,0,lagged,power,500,0.1
160,cDM,,0.027846014650130833,0.3872255489021956,0,lagged,power,500,0.1
160,SS,1.3303952551681397,-0.7244805413734923,0.48902195608782434,0,lagged,power,500,0.1
161,RC,0.8786580561437421,3.1048748292236956,0.031936127744510975,1,lagged,power,500,0.1
161,Oracle,,8.52964680247264,0.001996007984031936,1,lagged,power,500,0.1
161,DM,,0.14373178078113594,0.34331337325349304,0,lagged,power,500,0.1
161,cDM,,-0.03018384066632446,0.6427145708582834,0,lagged,power,500,0.1
161,SS,1.1022188548013747,-3.9907383612743836,0.8522954091816367,0,lagged,power,500,0.1
162,RC,1.0191477857319446,4.096053582691388,0.02594810379241517,1,lagged,power,500,0.1
162,Oracle,,8.866305643289712,0.001996007984031936,1,lagged,power,500,0.1
162,DM,,-0.04817086847071304,0.5289421157684631,0,lagged,power,500,0.1
162,cDM,,0.004864048430963994,0.500998003992016,0,lagged,power,500,0.1
162,SS,1.3132108312541528,-1.8024635432249738,0.0718562874251497,1,lagged,power,500,0.1
163,RC,1.6868186667578382,23.132290558005487,0.021956087824351298,1,lagged,power,500,0.1
163,Oracle,,9.056468633858588,0.001996007984031936,1,lagged,power,500,0.1
163,DM,,0.09353772508545491,0.3473053892215569,0,lagged,power,500,0.1
163,cDM,,0.016911334757385998,0.43313373253493015,0,lagged,power,500,0.1
163,SS,1.5146856739243983,-4.105186535975853,0.5489021956087824,0,lagged,power,500,0.1
164,RC,0.9988760951048509,3.5664702733602134,0.05189620758483034,1,lagged,power,500,0.1
164,Oracle,,12.286670460574415,0.001996007984031936,1,lagged,power,500,0.1
164,DM,,0.27078156448442786,0.20159680638722555,0,lagged,power,500,0.1
164,cDM,,0.1481397092950086,0.017964071856287425,1,lagged,power,500,0.1
164,SS,1.1326879789904603,-0.7216072918042507,0.1596806387225549,0,lagged,power,500,0.1
165,RC,0.8740648030616133,-6.238672459079289,0.7884231536926147,0,lagged,power,500,0.1
165,Oracle,,8.405075371030865,0.001996007984031936,1,lagged,power,500,0.1
165,DM,,-0.07604554631882837,0.6187624750499002,0,lagged,power,500,0.1
165,cDM,,-0.05942129956137287,0.8183632734530938,0,lagged,power,500,0.1
165,SS,1.0838542178615007,-0.6036029317866671,0.18962075848303392,0,lagged,power,500,0.1
166,RC,1.1892588847235852,3.612939661089785,0.7764471057884231,0,lagged,power,500,0.1
166,Oracle,,3.9837927641794595,0.003992015968063872,1,lagged,power,500,0.1
166,DM,,0.20721399982384217,0.2934131736526946,0,lagged,power,500,0.1
166,cDM,,-0.021871676315692024,0.6127744510978044,0,lagged,power,500,0.1
166,SS,1.039431200019491,-1.5574553971017526,0.8243512974051896,0,lagged,power,500,0.1
167,RC,0.8894236287784281,-1.071642485407666,0.6606786427145709,0,lagged,power,500,0.1
167,Oracle,,9.777442834338983,0.001996007984031936,1,lagged,power,500,0.1
167,DM,,-0.16375029952158446,0.6866267465069861,0,lagged,power,500,0.1
167,cDM,,-0.08451060862572325,0.8682634730538922,0,lagged,power,500,0.1
167,SS,0.9927396917090107,-0.725157461570592,0.17165668662674652,0,lagged,power,500,0.1
168,RC,1.2279873684249822,-0.3440228467911265,0.07784431137724551,1,lagged,power,500,0.1
168,Oracle,,13.663584268999049,0.001996007984031936,1,lagged,power,500,0.1
168,DM,,0.8300624999694837,0.011976047904191617,1,lagged,power,500,0.1
168,cDM,,0.17654699632756385,0.00998003992015968,1,lagged,power,500,0.1
168,SS,0.9417635704308608,-0.9570390618511215,0.18363273453093812,0,lagged,power,500,0.1
169,RC,0.9318100072745426,8.417676643685592,0.003992015968063872,1,lagged,power,500,0.1
169,Oracle,,10.211015574984707,0.001996007984031936,1,lagged,power,500,0.1
169,DM,,-0.020446375237055687,0.5369261477045908,0,lagged,power,500,0.1
169,cDM,,0.17316521656254835,0.015968063872255488,1,lagged,power,500,0.1
169,SS,1.242078154768436,-4.528000436731301,0.8682634730538922,0,lagged,power,500,0.1
170,RC,0.8905027109789183,2.2214007807207183,0.06986027944111776,1,lagged,power,500,0.1
170,Oracle,,11.845823064116077,0.001996007984031936,1,lagged,power,500,0.1
170,DM,,-0.6314218445022401,0.9560878243512974,0,lagged,power,500,0.1
170,cDM,,0.02327320589959597,0.3812375249500998,0,lagged,power,500,0.1
170,SS,1.4191803899160194,-5.988092175954886,0.8682634730538922,0,lagged,power,500,0.1
171,RC,0.8847808939715913,-1.7092170635743091,0.29141716566866266,0,lagged,power,500,0.1
171,Oracle,,8.065156329708097,0.001996007984031936,1,lagged,power,500,0.1
171,DM,,0.5987893527013213,0.03592814371257485,1,lagged,power,500,0.1
171,cDM,,-0.06439997856333349,0.8243512974051896,0,lagged,power,500,0.1
171,SS,0.9727517834762912,-1.7676645435566498,0.34331337325349304,0,lagged,power,500,0.1
172,RC,0.8178912037046184,-2.065257390346394,0.0998003992015968,1,lagged,power,500,0.1
172,Oracle,,7.427322611735045,0.001996007984031936,1,lagged,power,500,0.1
172,DM,,0.09171007380749654,0.3972055888223553,0,lagged,power,500,0.1
172,cDM,,0.17770143054209836,0.005988023952095809,1,lagged,power,500,0.1
172,SS,1.1236817273310606,-0.4762413376286581,0.3932135728542914,0,lagged,power,500,0.1
173,RC,0.7807077778857795,0.46671153998839154,0.42714570858283435,0,lagged,power,500,0.1
173,Oracle,,7.841786602364967,0.003992015968063872,1,lagged,power,500,0.1
173,DM,,0.529111286972835,0.05588822355289421,1,lagged,power,500,0.1
173,cDM,,-0.03794469457392055,0.7045908183632734,0,lagged,power,500,0.1
173,SS,1.3131557984006623,0.1315973311752085,0.16367265469061876,0,lagged,power,500,0.1
174,RC,0.8886876813305281,-5.25696312656674,0.93812375249501,0,lagged,power,500,0.1
174,Oracle,,10.007509970492213,0.001996007984031936,1,lagged,power,500,0.1
174,DM,,-0.4614085715196417,0.9221556886227545,0,lagged,power,500,0.1
174,cDM,,-0.034896004573693434,0.6846307385229541,0,lagged,power,500,0.1
174,SS,1.1432958181309838,-2.7075637077649413,0.8582834331337326,0,lagged,power,500,0.1
175,RC,0.8905131274774105,5.7394427451962144,0.11377245508982035,0,lagged,power,500,0.1
175,Oracle,,6.721066807050472,0.001996007984031936,1,lagged,power,500,0.1
175,DM,,0.07031786674760777,0.45708582834331335,0,lagged,power,500,0.1
175,cDM,,0.06828646457265866,0.21956087824351297,0,lagged,power,500,0.1
175,SS,1.0863406054050329,-2.0288651861153757,0.626746506986028,0,lagged,power,500,0.1
176,RC,0.9535959467638211,1.7017423058192453,0.45708582834331335,0,lagged,power,500,0.1
176,Oracle,,7.397804820605678,0.001996007984031936,1,lagged,power,500,0.1
176,DM,,0.21542946234327107,0.2714570858283433,0,lagged,power,500,0.1
176,cDM,,-0.060139661725671624,0.7784431137724551,0,lagged,power,500,0.1
176,SS,1.1066687789582283,-2.3742767194642047,0.7544910179640718,0,lagged,power,500,0.1
177,RC,0.8442229060246573,-3.4416434428865395,0.8063872255489022,0,lagged,power,500,0.1
177,Oracle,,8.748300919659307,0.005988023952095809,1,lagged,power,500,0.1
177,DM,,0.03232908504145728,0.46506986027944114,0,lagged,power,500,0.1
177,cDM,,0.015594656712869536,0.437125748502994,0,lagged,power,500,0.1
177,SS,1.188674730888947,-2.458050223138125,0.36926147704590817,0,lagged,power,500,0.1
178,RC,0.92838464364129,-2.2471983900251216,0.3013972055888224,0,lagged,power,500,0.1
178,Oracle,,6.4909689640382355,0.005988023952095809,1,lagged,power,500,0.1
178,DM,,-0.3365380028428374,0.8602794411177644,0,lagged,power,500,0.1
178,cDM,,-0.0075141495075196464,0.5189620758483033,0,lagged,power,500,0.1
178,SS,1.154191688835089,-1.7924564340934999,0.6447105788423154,0,lagged,power,500,0.1
179,RC,0.9122352356417581,2.7884135203915665,0.4251497005988024,0,lagged,power,500,0.1
179,Oracle,,3.1533479239396485,0.013972055888223553,1,lagged,power,500,0.1
179,DM,,0.0559030782177118,0.4351297405189621,0,lagged,power,500,0.1
179,cDM,,0.06460331402753673,0.1996007984031936,0,lagged,power,500,0.1
179,SS,1.262891230667667,-4.450389335413699,0.9580838323353293,0,lagged,power,500,0.1
180,RC,1.4779819177837663,20.520710749232983,0.03992015968063872,1,lagged,power,500,0.1
180,Oracle,,6.114294086445236,0.001996007984031936,1,lagged,power,500,0.1
180,DM,,-0.004570929736133037,0.5129740518962076,0,lagged,power,500,0.1
180,cDM,,0.09021041290871655,0.1936127744510978,0,lagged,power,500,0.1
180,SS,1.3299241809052262,-5.095518806083957,0.8502994011976048,0,lagged,power,500,0.1
181,RC,1.482402237668355,-9.594405173833263,0.846307385229541,0,lagged,power,500,0.1
181,Oracle,,3.962257343867633,0.007984031936127744,1,lagged,power,500,0.1
181,DM,,0.26353237151276115,0.21756487025948104,0,lagged,power,500,0.1
181,cDM,,0.0226202393923104,0.4251497005988024,0,lagged,power,500,0.1
181,SS,1.2099278311174149,-3.8224051670231276,0.846307385229541,0,lagged,power,500,0.1
182,RC,1.0678178841781611,-3.6700408418727877,0.5708582834331337,0,lagged,power,500,0.1
182,Oracle,,11.290786685109959,0.001996007984031936,1,lagged,power,500,0.1
182,DM,,0.0830284919848327,0.405189620758483,0,lagged,power,500,0.1
182,cDM,,0.04142528273156076,0.28542914171656686,0,lagged,power,500,0.1
182,SS,1.3348337572424,-1.8519650008536686,0.846307385229541,0,lagged,power,500,0.1
183,RC,0.5575345325750567,5.439980508940726,0.011976047904191617,1,lagged,power,500,0.1
183,Oracle,,13.614817139677251,0.001996007984031936,1,lagged,power,500,0.1
183,DM,,0.38928240195458685,0.11177644710578842,0,lagged,power,500,0.1
183,cDM,,0.0229737985736666,0.3812375249500998,0,lagged,power,500,0.1
183,SS,1.0360402035776417,-1.6909003960557327,0.3313373253493014,0,lagged,power,500,0.1
184,RC,0.8405200310041332,-0.11452470136130506,0.05588822355289421,1,lagged,power,500,0.1
184,Oracle,,10.479339923864128,0.001996007984031936,1,lagged,power,500,0.1
184,DM,,-0.04019119320324546,0.5489021956087824,0,lagged,power,500,0.1
184,cDM,,0.03252235373204041,0.3373253493013972,0,lagged,power,500,0.1
184,SS,1.0754791276364,0.7555255019653071,0.04590818363273453,1,lagged,power,500,0.1
185,RC,1.3447169696948382,18.262720067658876,0.07784431137724551,1,lagged,power,500,0.1
185,Oracle,,4.478650190645997,0.001996007984031936,1,lagged,power,500,0.1
185,DM,,0.3041513617256019,0.1936127744510978,0,lagged,power,500,0.1
185,cDM,,0.002068659361343736,0.5349301397205589,0,lagged,power,500,0.1
185,SS,1.4235483319707742,-7.5882431016829655,0.874251497005988,0,lagged,power,500,0.1
186,RC,1.6377091489578632,3.832063539460863,0.5988023952095808,0,lagged,power,500,0.1
186,Oracle,,7.261655044840486,0.001996007984031936,1,lagged,power,500,0.1
186,DM,,-0.3371507010759025,0.8522954091816367,0,lagged,power,500,0.1
186,cDM,,-0.07651700063920099,0.8003992015968064,0,lagged,power,500,0.1
186,SS,1.195266593110865,-0.7794909685263282,0.7604790419161677,0,lagged,power,500,0.1
187,RC,1.1964674520170862,5.051184874741654,0.5189620758483033,0,lagged,power,500,0.1
187,Oracle,,4.404225266155496,0.003992015968063872,1,lagged,power,500,0.1
187,DM,,0.18822251290936162,0.2774451097804391,0,lagged,power,500,0.1
187,cDM,,0.007030236843724643,0.49101796407185627,0,lagged,power,500,0.1
187,SS,1.243218088449481,-0.6293723269473388,0.03992015968063872,1,lagged,power,500,0.1
188,RC,0.8270288684202739,-1.3647825736395005,0.36926147704590817,0,lagged,power,500,0.1
188,Oracle,,5.945693106349585,0.001996007984031936,1,lagged,power,500,0.1
188,DM,,-0.36171364929695227,0.8582834331337326,0,lagged,power,500,0.1
188,cDM,,0.005875222915840192,0.45109780439121755,0,lagged,power,500,0.1
188,SS,1.2386622185856708,-1.6112945204660871,0.48502994011976047,0,lagged,power,500,0.1
189,RC,1.3823165403018103,10.324560661983629,0.3153692614770459,0,lagged,power,500,0.1
189,Oracle,,7.340645915082892,0.007984031936127744,1,lagged,power,500,0.1
189,DM,,-0.17796338433149916,0.6766467065868264,0,lagged,power,500,0.1
189,cDM,,0.0557864261648744,0.3013972055888224,0,lagged,power,500,0.1
189,SS,1.291073751450884,-4.650304375748935,0.7944111776447106,0,lagged,power,500,0.1
190,RC,0.7005155070020413,-1.6676185078686256,0.5029940119760479,0,lagged,power,500,0.1
190,Oracle,,4.860863755948729,0.001996007984031936,1,lagged,power,500,0.1
190,DM,,-0.734611108668486,0.9920159680638723,0,lagged,power,500,0.1
190,cDM,,-0.03179769551763711,0.654690618762475,0,lagged,power,500,0.1
190,SS,1.1464128658958976,-1.9296204156790835,0.20159680638722555,0,lagged,power,500,0.1
191,RC,1.0708540575671255,-5.913790996934081,0.8602794411177644,0,lagged,power,500,0.1
191,Oracle,,5.409126280685448,0.001996007984031936,1,lagged,power,500,0.1
191,DM,,-0.2508566977451644,0.7964071856287425,0,lagged,power,500,0.1
191,cDM,,-0.0029899022685439453,0.5049900199600799,0,lagged,power,500,0.1
191,SS,1.2475975079551602,-3.0306388324923765,0.6487025948103793,0,lagged,power,500,0.1
192,RC,0.9593728033239407,0.1156336039795538,0.2774451097804391,0,lagged,power,500,0.1
192,Oracle,,10.839714827077803,0.001996007984031936,1,lagged,power,500,0.1
192,DM,,-0.02856590416892204,0.5608782435129741,0,lagged,power,500,0.1
192,cDM,,-0.007665808644321536,0.5449101796407185,0,lagged,power,500,0.1
192,SS,1.192801881731613,-3.4431478388464227,0.8982035928143712,0,lagged,power,500,0.1
193,RC,0.809538423497467,-1.1910915716944153,0.031936127744510975,1,lagged,power,500,0.1
193,Oracle,,8.21880394206689,0.001996007984031936,1,lagged,power,500,0.1
193,DM,,0.1757611381865787,0.26746506986027946,0,lagged,power,500,0.1
193,cDM,,-0.012760474842181239,0.5528942115768463,0,lagged,power,500,0.1
193,SS,1.112968315813913,-2.231861813804035,0.5209580838323353,0,lagged,power,500,0.1
194,RC,0.8891475473132118,4.534813979523389,0.37924151696606784,0,lagged,power,500,0.1
194,Oracle,,9.219181479972434,0.005988023952095809,1,lagged,power,500,0.1
194,DM,,0.24153996933755512,0.2375249500998004,0,lagged,power,500,0.1
194,cDM,,0.16561445575438813,0.00998003992015968,1,lagged,power,500,0.1
194,SS,1.5849866174834781,-0.6463900807077486,0.7285429141716567,0,lagged,power,500,0.1
195,RC,0.877163353682,0.5755017487610888,0.023952095808383235,1,lagged,power,500,0.1
195,Oracle,,9.999612990581204,0.001996007984031936,1,lagged,power,500,0.1
195,DM,,0.2286683549705075,0.23952095808383234,0,lagged,power,500,0.1
195,cDM,,0.10580707787886448,0.0658682634730539,1,lagged,power,500,0.1
195,SS,0.8599710210570222,-0.9878435458430517,0.17964071856287425,0,lagged,power,500,0.1
196,RC,0.985330044003954,4.407199903593925,0.1217564870259481,0,lagged,power,500,0.1
196,Oracle,,11.21603981686449,0.001996007984031936,1,lagged,power,500,0.1
196,DM,,0.290359989665881,0.16167664670658682,0,lagged,power,500,0.1
196,cDM,,0.14090752502557366,0.031936127744510975,1,lagged,power,500,0.1
196,SS,1.1468149121257887,-1.648297306289178,0.5588822355289421,0,lagged,power,500,0.1
197,RC,1.1258280913710204,-8.961571800324853,0.7225548902195609,0,lagged,power,500,0.1
197,Oracle,,10.720175855293466,0.001996007984031936,1,lagged,power,500,0.1
197,DM,,-0.08291304630428335,0.592814371257485,0,lagged,power,500,0.1
197,cDM,,0.0189084342951406,0.3712574850299401,0,lagged,power,500,0.1
197,SS,1.074934293826847,-0.1790432834305424,0.041916167664670656,1,lagged,power,500,0.1
198,RC,0.8219442610048904,16.271522535671593,0.00998003992015968,1,lagged,power,500,0.1
198,Oracle,,11.932718599145954,0.001996007984031936,1,lagged,power,500,0.1
198,DM,,-0.1347149588034789,0.656686626746507,0,lagged,power,500,0.1
198,cDM,,-0.05271642902019448,0.7425149700598802,0,lagged,power,500,0.1
198,SS,1.26161621139141,-1.739406538504762,0.19760479041916168,0,lagged,power,500,0.1
199,RC,1.1779456336636398,0.6490627206745483,0.7844311377245509,0,lagged,power,500,0.1
199,Oracle,,4.325809219909628,0.005988023952095809,1,lagged,power,500,0.1
199,DM,,0.4940462964905078,0.07784431137724551,1,lagged,power,500,0.1
199,cDM,,0.08514888598674544,0.15169660678642716,0,lagged,power,500,0.1
199,SS,1.1692544622952723,-0.4683696079819307,0.041916167664670656,1,lagged,power,500,0.1
