rep,setting,assumption,method,lag,source_t,tau_rmse,tau_bias,mean_tau_hat,mean_tau_true,mean_abs_tau_hat,mean_abs_tau_true,tau_hat_sd,tau_true_sd,sign_alignment,cosine_alignment
0,power,static,RV,,1,0.560433709500671,0.39658415585473417,-0.003415844145265833,-0.4,0.3865218575562828,0.4,0.3956681546661926,0.023093963471002548,0.504,0.009500464202381126
0,power,static,RV,,2,0.6160242034385225,0.3833130487451063,-0.016686951254893733,-0.4,0.4095359256261497,0.4,0.48103185125918846,0.023093963471002548,0.382,0.03297295326493177
0,power,static,RV,,3,0.6131511154572574,0.4048040779758386,0.004804077975838629,-0.4,0.4584344470147942,0.4,0.4603839974623835,0.023093963471002548,0.494,-0.009336068767013508
0,power,static,RV,,4,0.5230372668976202,0.4071887760513035,0.007188776051303517,-0.4,0.22893118549469155,0.4,0.3291468982283718,0.023093963471002548,0.25,-0.017607881957851693
0,power,static,RV,,5,0.592361539451757,0.3973088924044042,-0.002691107595595787,-0.4,0.4341530685779979,0.4,0.4392272618089824,0.023093963471002548,0.5,0.007298750753035668
1,power,static,RV,,1,0.4956806047994093,0.3772333380936881,-0.022766661906311925,-0.4,0.30707928069837337,0.4,0.3188101858671311,0.023093963471002548,0.554,0.06634427602132131
1,power,static,RV,,2,0.6099980607745089,0.3690398464942795,-0.030960153505720477,-0.4,0.46321294523140283,0.4,0.483277443551795,0.023093963471002548,0.552,0.05914378217394408
1,power,static,RV,,3,0.49295736847421256,0.37480552149789387,-0.025194478502106155,-0.4,0.3044402856864201,0.4,0.31745830800316277,0.023093963471002548,0.554,0.07422290819816864
1,power,static,RV,,4,0.4286663815425138,0.3861610583415511,-0.013838941658448949,-0.4,0.12386441976873082,0.4,0.18396648479179117,0.023093963471002548,0.278,0.07314684293970315
1,power,static,RV,,5,0.5138569518087412,0.37398412698936456,-0.026015873010635494,-0.4,0.33716877930341654,0.4,0.3497177976520317,0.023093963471002548,0.552,0.06926236213479436
2,power,static,RV,,1,0.5709860772961098,0.39208415193206975,-0.007915848067930277,-0.4,0.40964480899355626,0.4,0.4132896596377044,0.023093963471002548,0.512,0.016239537455367287
2,power,static,RV,,2,0.6478055695236199,0.3396867949667444,-0.06031320503325563,-0.4,0.537946558389006,0.4,0.5494898228818735,0.023093963471002548,0.548,0.10487886321829583
2,power,static,RV,,3,0.5517490159468057,0.3872769856685417,-0.012723014331458386,-0.4,0.384210109978996,0.4,0.3912339438385485,0.023093963471002548,0.52,0.02975135183913456
2,power,static,RV,,4,0.5247960035559875,0.40760179393800083,0.007601793938000752,-0.4,0.26747106090587114,0.4,0.32829880372127607,0.023093963471002548,0.504,-0.026751680308666884
2,power,static,RV,,5,0.5836107250982098,0.3881920270463489,-0.011807972953651068,-0.4,0.43110596590537326,0.4,0.4346307087070381,0.023093963471002548,0.514,0.025760109665777155
3,power,static,RV,,1,0.5132049598419612,0.4060007338532957,0.006000733853295692,-0.4,0.3091526262004742,0.4,0.31302790563657773,0.023093963471002548,0.49,-0.019225991338911442
3,power,static,RV,,2,0.5238034111535238,0.4050742648938428,0.005074264893842732,-0.4,0.2890404862474814,0.4,0.3318474963144909,0.023093963471002548,0.394,-0.013867858987434454
3,power,static,RV,,3,0.49578235487898187,0.39011635965040525,-0.00988364034959484,-0.4,0.28286117885217527,0.4,0.3058162423078078,0.023093963471002548,0.48,0.03407359220759384
3,power,static,RV,,4,0.4968064485432647,0.38284694544795916,-0.01715305455204082,-0.4,0.2421130507171885,0.4,0.3166843860533321,0.023093963471002548,0.36,0.05626754421722357
3,power,static,RV,,5,0.4904383276639397,0.39056991420489234,-0.009430085795107653,-0.4,0.25779368539450365,0.4,0.2961229229917797,0.023093963471002548,0.478,0.03277531433417636
4,power,static,RV,,1,0.46630638989548107,0.39325409844519366,-0.006745901554806334,-0.4,0.20130877710267273,0.4,0.2487193953872938,0.023093963471002548,0.392,0.025070331613457064
4,power,static,RV,,2,0.5303954303347224,0.3866905453210621,-0.013309454678937892,-0.4,0.33576032019190677,0.4,0.3627998576702199,0.023093963471002548,0.5,0.03786244725476691
4,power,static,RV,,3,0.46566795876974953,0.3918208102866039,-0.00817918971339612,-0.4,0.20390233232489746,0.4,0.25082675196022647,0.023093963471002548,0.39,0.03315545815713057
4,power,static,RV,,4,0.6401745073604537,0.38564444390432584,-0.014355556095674177,-0.4,0.49915861274191126,0.4,0.5098330400502716,0.023093963471002548,0.508,0.026536680365168562
4,power,static,RV,,5,0.5852711802457586,0.3897581496733537,-0.01024185032664629,-0.4,0.42658022895881503,0.4,0.4354489423919103,0.023093963471002548,0.514,0.02209416428004199
5,power,static,RV,,1,0.5121291403921584,0.3846135425732144,-0.015386457426785648,-0.4,0.3333961409727301,0.4,0.33596589963752876,0.023093963471002548,0.524,0.042177360347194735
5,power,static,RV,,2,0.49216836697920574,0.4123852149291536,0.012385214929153544,-0.4,0.10082196338160185,0.4,0.26599046257955555,0.023093963471002548,0.064,-0.05057722763813987
5,power,static,RV,,3,0.5763642375181839,0.3583555337588231,-0.04164446624117688,-0.4,0.44825695688257666,0.4,0.44953510612483216,0.023093963471002548,0.544,0.08887891240429523
5,power,static,RV,,4,0.5693382931814139,0.3577715129772389,-0.0422284870227611,-0.4,0.4014693558280693,0.4,0.4417901980388374,0.023093963471002548,0.478,0.09377347415123267
5,power,static,RV,,5,0.5656401748877349,0.3744379526382439,-0.02556204736175613,-0.4,0.4204046089128603,0.4,0.42197955932841563,0.023093963471002548,0.534,0.056985381137850705
6,power,static,RV,,1,0.5535650983616517,0.4134860101948359,0.013486010194835871,-0.4,0.35885850830232807,0.4,0.3657675663710006,0.023093963471002548,0.49,-0.040685925111840625
6,power,static,RV,,2,0.5197272930491967,0.3962603873436372,-0.0037396126563627647,-0.4,0.29310735431610374,0.4,0.3343729830455489,0.023093963471002548,0.422,0.0083450645078276
6,power,static,RV,,3,0.5669496929371386,0.41727210593423064,0.017272105934230595,-0.4,0.3488098166371571,0.4,0.3817945761057797,0.023093963471002548,0.436,-0.048433796456335866
6,power,static,RV,,4,0.5066091874883548,0.416271031162216,0.016271031162215975,-0.4,0.2392317596478053,0.4,0.2852068446463779,0.023093963471002548,0.376,-0.06339347261421514
6,power,static,RV,,5,0.5187231533165542,0.40951132837328597,0.009511328373285924,-0.4,0.2838912821974175,0.4,0.3158084043511851,0.023093963471002548,0.498,-0.0344217133939473
7,power,static,RV,,1,0.5043009087949601,0.3848153817871436,-0.015184618212856434,-0.4,0.3180936452301473,0.4,0.3250682500078803,0.023093963471002548,0.522,0.04645390681306154
7,power,static,RV,,2,0.6526150713053529,0.3778029838683721,-0.02219701613162801,-0.4,0.5218201161388035,0.4,0.530999278148369,0.023093963471002548,0.522,0.04010496694141826
7,power,static,RV,,3,0.5452607207031529,0.40296806424210835,0.002968064242108344,-0.4,0.34776457242820447,0.4,0.3656044745155431,0.023093963471002548,0.502,-0.010582558672991368
7,power,static,RV,,4,0.5853347516699635,0.3524228077222,-0.04757719227779994,-0.4,0.3968221043050088,0.4,0.4675184902386702,0.023093963471002548,0.404,0.10291161273195179
7,power,static,RV,,5,0.6418915775224237,0.3758418224859513,-0.02415817751404867,-0.4,0.5156755112039544,0.4,0.5190187695496183,0.023093963471002548,0.524,0.04436732302689188
8,power,static,RV,,1,0.5656586148694412,0.3806678753724979,-0.01933212462750214,-0.4,0.4058584498251442,0.4,0.4170066770586338,0.023093963471002548,0.528,0.04433807280768332
8,power,static,RV,,2,0.5583612888822723,0.3848342493192108,-0.015165750680789224,-0.4,0.3688869893049431,0.4,0.4033383743553819,0.023093963471002548,0.464,0.03610553843227249
8,power,static,RV,,3,0.5636623103760434,0.3810081213432062,-0.018991878656793866,-0.4,0.39677498735350825,0.4,0.4145265899931135,0.023093963471002548,0.524,0.04514323283107749
8,power,static,RV,,4,0.47886732873762844,0.3888284923961153,-0.011171507603884773,-0.4,0.21771273276195957,0.4,0.27718716654376124,0.023093963471002548,0.358,0.03678346850293597
8,power,static,RV,,5,0.4912230379700772,0.36377053081051225,-0.03622946918948779,-0.4,0.3056827414404535,0.4,0.3289654213127997,0.023093963471002548,0.538,0.1084600306965304
9,power,static,RV,,1,0.537437278887904,0.38275715009107,-0.01724284990892998,-0.4,0.36716160951985727,0.4,0.37682038252582334,0.023093963471002548,0.522,0.04626731407577411
9,power,static,RV,,2,0.6223893733028687,0.37910961377938607,-0.020890386220613955,-0.4,0.46665098422861173,0.4,0.49384586697457117,0.023093963471002548,0.514,0.04414404151404449
9,power,static,RV,,3,0.5161734433840759,0.37447139236470184,-0.02552860763529813,-0.4,0.3467572651138568,0.4,0.3552807105203413,0.023093963471002548,0.528,0.07348302988248587
9,power,static,RV,,4,0.5055430067429714,0.381504585391619,-0.018495414608381066,-0.4,0.27308067758068455,0.4,0.3317058196554078,0.023093963471002548,0.402,0.057585692455859594
9,power,static,RV,,5,0.5441650475806309,0.36824390147530367,-0.03175609852469628,-0.4,0.35381432453943573,0.4,0.4007561878292014,0.023093963471002548,0.472,0.08080728982192738
10,power,static,RV,,1,0.5612715405759255,0.3980400647584434,-0.0019599352415565897,-0.4,0.39105378642091215,0.4,0.3948671496965436,0.023093963471002548,0.506,0.0045239856997754705
10,power,static,RV,,2,0.5884285626713774,0.409972316797205,0.009972316797205,-0.4,0.3759801345874101,0.4,0.42089190463525694,0.023093963471002548,0.45,-0.02509241297085236
10,power,static,RV,,3,0.5800108602842935,0.40653454928370725,0.0065345492837072285,-0.4,0.39675530614187177,0.4,0.4115390533174062,0.023093963471002548,0.498,-0.019623288821158283
10,power,static,RV,,4,0.5327213651578763,0.4041669585136261,0.004166958513626073,-0.4,0.28635439780104766,0.4,0.3460206738353879,0.023093963471002548,0.346,-0.012661671932566837
10,power,static,RV,,5,0.5650148641868201,0.4160192505670173,0.016019250567017217,-0.4,0.3473854438217634,0.4,0.38103891161909115,0.023093963471002548,0.486,-0.04339276644782153
11,power,static,RV,,1,0.5047738423647694,0.3946402080308168,-0.0053597919691832805,-0.4,0.30010571646634787,0.4,0.31298785735005796,0.023093963471002548,0.508,0.014857142451169373
11,power,static,RV,,2,0.4984284766387486,0.4017609559825339,0.0017609559825338766,-0.4,0.20929611800385156,0.4,0.2939872857631674,0.023093963471002548,0.308,-0.006222745931925614
11,power,static,RV,,3,0.4692526544628314,0.39439241023444926,-0.005607589765550783,-0.4,0.21290596510118434,0.4,0.2515922920995999,0.023093963471002548,0.464,0.018176240461057168
11,power,static,RV,,4,0.6861140141349,0.34731579350807046,-0.05268420649192954,-0.4,0.5533709602510828,0.4,0.59185241488964,0.023093963471002548,0.478,0.08998463284579089
11,power,static,RV,,5,0.55354373417194,0.3680355238348145,-0.031964476165185496,-0.4,0.40816316839954336,0.4,0.4119650676427753,0.023093963471002548,0.54,0.07507890974281484
12,power,static,RV,,1,0.5102489778875509,0.3756195609443289,-0.024380439055671076,-0.4,0.33859421962381137,0.4,0.34347295654536575,0.023093963471002548,0.536,0.06794293541970302
12,power,static,RV,,2,0.6297255286429705,0.38243546620325447,-0.017564533796745514,-0.4,0.44396065024392756,0.4,0.49905393061062836,0.023093963471002548,0.422,0.0333430995482702
12,power,static,RV,,3,0.5776115072123521,0.384686719760859,-0.015313280239141015,-0.4,0.41389631925133347,0.4,0.42939211048297465,0.023093963471002548,0.524,0.03343075655294723
12,power,static,RV,,4,0.4584076186853433,0.40193027328881453,0.0019302732888145373,-0.4,0.11928559502578877,0.4,0.21922708278137332,0.023093963471002548,0.172,-0.008765763079556663
12,power,static,RV,,5,0.5608473554463429,0.3915256705128253,-0.008474329487174708,-0.4,0.39242513084006575,0.4,0.39947644578371416,0.023093963471002548,0.52,0.01760486462436249
13,power,static,RV,,1,0.5395907678339459,0.399140389582042,-0.0008596104179580237,-0.4,0.3559337474729348,0.4,0.3629624633850743,0.023093963471002548,0.5,0.003842552961455216
13,power,static,RV,,2,0.6376679476301794,0.4275505296303546,0.027550529630354627,-0.4,0.46245765764793634,0.4,0.47280894254543887,0.023093963471002548,0.476,-0.05738767154338911
13,power,static,RV,,3,0.5610134239198122,0.4067714551826791,0.006771455182679133,-0.4,0.3820980382403976,0.4,0.38636058241069254,0.023093963471002548,0.49,-0.01576737259067068
13,power,static,RV,,4,0.5563020958403772,0.3968452116182857,-0.003154788381714301,-0.4,0.3702167283928582,0.4,0.3896437924647447,0.023093963471002548,0.496,0.009266931258616686
13,power,static,RV,,5,0.6119977845148432,0.411192288580567,0.011192288580567004,-0.4,0.45209859870521657,0.4,0.4532115560495777,0.023093963471002548,0.488,-0.023348072336238423
14,power,static,RV,,1,0.5402465718718712,0.40026761119936,0.0002676111993599362,-0.4,0.3533507787276941,0.4,0.36157009050659944,0.023093963471002548,0.502,-0.002070924879223019
14,power,static,RV,,2,0.6791639840735019,0.3843980724136126,-0.015601927586387386,-0.4,0.5427744801238339,0.4,0.5591809775076907,0.023093963471002548,0.514,0.02720806599058922
14,power,static,RV,,3,0.5780907937217376,0.3971769676331229,-0.0028230323668770848,-0.4,0.4108402595970731,0.4,0.4185966397528828,0.023093963471002548,0.506,0.0046967250948404355
14,power,static,RV,,4,0.574605810827286,0.3898126097706792,-0.0101873902293208,-0.4,0.3733778526095458,0.4,0.4206744117486053,0.023093963471002548,0.438,0.022041113757169304
14,power,static,RV,,5,0.6470155861192965,0.3796155321501507,-0.020384467849849302,-0.4,0.5135985886336357,0.4,0.5228070251862796,0.023093963471002548,0.52,0.03732017865764705
15,power,static,RV,,1,0.5457925636033064,0.3829884116847254,-0.017011588315274617,-0.4,0.3853767723473444,0.4,0.3883611859451906,0.023093963471002548,0.522,0.044165019967584145
15,power,static,RV,,2,0.5683140781924272,0.3662993194411545,-0.03370068055884547,-0.4,0.4283805424555076,0.4,0.4345673775008114,0.023093963471002548,0.538,0.0788396322957352
15,power,static,RV,,3,0.5513374406938679,0.37604080768762926,-0.023959192312370797,-0.4,0.39449825540951655,0.4,0.4033427457651035,0.023093963471002548,0.53,0.06121345801616146
15,power,static,RV,,4,0.5703682701340387,0.352030964485201,-0.04796903551479905,-0.4,0.42732600413300154,0.4,0.44840580919756073,0.023093963471002548,0.556,0.10676572069787135
15,power,static,RV,,5,0.5843191395069512,0.36562487582508835,-0.034375124174911655,-0.4,0.44995264849806565,0.4,0.4556760133954727,0.023093963471002548,0.536,0.07626397187702044
16,power,static,RV,,1,0.5203490752652057,0.3835704992258051,-0.016429500774194885,-0.4,0.34067970526137925,0.4,0.34978812819996674,0.023093963471002548,0.524,0.044161049555147214
16,power,static,RV,,2,0.5067191361587859,0.40057638157209047,0.0005763815720904156,-0.4,0.24463532714989839,0.4,0.30877846260771435,0.023093963471002548,0.334,-0.0035826871110636966
16,power,static,RV,,3,0.5161342581398356,0.3828829815698343,-0.01711701843016567,-0.4,0.33795125929021586,0.4,0.3441126175590489,0.023093963471002548,0.526,0.046525660790181715
16,power,static,RV,,4,0.4737269311747076,0.39046845079114906,-0.009531549208850982,-0.4,0.18203221573839812,0.4,0.26733269230241524,0.023093963471002548,0.256,0.0357986622569604
16,power,static,RV,,5,0.47329407197642365,0.3971101128916296,-0.0028898871083703863,-0.4,0.21116091182781474,0.4,0.2558019690042941,0.023093963471002548,0.38,0.00960534232146507
17,power,static,RV,,1,0.5947349683411294,0.3842446188869375,-0.01575538111306249,-0.4,0.4456079122109933,0.4,0.45121902502175903,0.023093963471002548,0.516,0.029493053049052104
17,power,static,RV,,2,0.6185363456651725,0.3965253072451506,-0.003474692754849424,-0.4,0.42567501207873215,0.4,0.4711859387046817,0.023093963471002548,0.472,-6.784517187139953e-05
17,power,static,RV,,3,0.5800793450372002,0.40063216910266,0.0006321691026599279,-0.4,0.4097081455587112,0.4,0.4160124237610334,0.023093963471002548,0.508,-0.008675124832367006
17,power,static,RV,,4,0.552715798430743,0.38048966087963515,-0.019510339120364865,-0.4,0.3638731425930738,0.4,0.3985878762928866,0.023093963471002548,0.51,0.04469122423427773
17,power,static,RV,,5,0.5695541906760482,0.4039945859294384,0.003994585929438347,-0.4,0.3838734455357567,0.4,0.39801189186545133,0.023093963471002548,0.51,-0.017021862992638873
18,power,static,RV,,1,0.5987945131406153,0.3472715206096985,-0.052728479390301446,-0.4,0.47856560854767394,0.4,0.4870904502097547,0.023093963471002548,0.558,0.10701907947559915
18,power,static,RV,,2,0.5359349992885922,0.38751024715186133,-0.012489752848138693,-0.4,0.3431815411431376,0.4,0.3696225270422059,0.023093963471002548,0.46,0.034025616042731466
18,power,static,RV,,3,0.5811011208407832,0.3628536788426467,-0.03714632115735339,-0.4,0.4371589694966518,0.4,0.45313334785504594,0.023093963471002548,0.536,0.0811479412931548
18,power,static,RV,,4,0.619439343999041,0.3582640691067316,-0.041735930893268415,-0.4,0.44613113147467015,0.4,0.5042674190035553,0.023093963471002548,0.498,0.08103178992261453
18,power,static,RV,,5,0.535870985606625,0.3719935150619096,-0.028006484938090402,-0.4,0.3408875882104851,0.4,0.384789905811396,0.023093963471002548,0.536,0.07188264549045104
19,power,static,RV,,1,0.4860243819394315,0.39277350523063226,-0.007226494769367756,-0.4,0.2611952127511727,0.4,0.28564624002363603,0.023093963471002548,0.44,0.02602789812507196
19,power,static,RV,,2,0.4680926507177882,0.4053939553244382,0.005393955324438233,-0.4,0.15336830691127087,0.4,0.23412301092347748,0.023093963471002548,0.228,-0.019901511190727778
19,power,static,RV,,3,0.6054886272040854,0.35794051683270584,-0.04205948316729417,-0.4,0.4804289398294288,0.4,0.48736221359378057,0.023093963471002548,0.538,0.08471574477901674
19,power,static,RV,,4,0.49091695931768314,0.3956682175506714,-0.0043317824493286404,-0.4,0.23760896929272368,0.4,0.28961221621418237,0.023093963471002548,0.374,0.014768838058617407
19,power,static,RV,,5,0.5806976818361282,0.381363995470616,-0.018636004529384055,-0.4,0.4342687465115607,0.4,0.437772545349015,0.023093963471002548,0.522,0.04361950551889559
20,power,static,RV,,1,0.5412585932894486,0.41036755535502983,0.010367555355029803,-0.4,0.31935782626483716,0.4,0.35163854224797153,0.023093963471002548,0.416,-0.03075675619309333
20,power,static,RV,,2,0.663787877069715,0.40091231104080555,0.0009123110408055632,-0.4,0.5009401109816409,0.4,0.5280654269594478,0.023093963471002548,0.492,-0.002899842532890788
20,power,static,RV,,3,0.5712018432159566,0.41120711722108083,0.011207117221080764,-0.4,0.39148698144160415,0.4,0.39685203297516,0.023093963471002548,0.476,-0.025526978641294377
20,power,static,RV,,4,0.47840546003271683,0.4172482442867794,0.017248244286779388,-0.4,0.17365702596319432,0.4,0.2323141447258466,0.023093963471002548,0.278,-0.07537819809134794
20,power,static,RV,,5,0.5770580361417098,0.41232929991406325,0.01232929991406325,-0.4,0.3624633797689679,0.4,0.40354400179629973,0.023093963471002548,0.468,-0.029249396035157103
21,power,static,RV,,1,0.5058032782855366,0.39542329039994556,-0.004576709600054433,-0.4,0.29551278654539,0.4,0.3150983734944206,0.023093963471002548,0.506,0.01585706089440123
21,power,static,RV,,2,0.6196128050011785,0.3877694951685486,-0.012230504831451447,-0.4,0.3563471940639907,0.4,0.48339108481274784,0.023093963471002548,0.28,0.02691702067375942
21,power,static,RV,,3,0.4595578386642144,0.3832289492609441,-0.01677105073905596,-0.4,0.19805729682522963,0.4,0.25389102452152007,0.023093963471002548,0.404,0.06906438553427524
21,power,static,RV,,4,0.6392255138204325,0.38140538070850494,-0.0185946192914951,-0.4,0.48358784601981375,0.4,0.5117562368520698,0.023093963471002548,0.518,0.03451693649654588
21,power,static,RV,,5,0.5733830980668653,0.3763450101741796,-0.0236549898258204,-0.4,0.4290127923030811,0.4,0.4324601826503456,0.023093963471002548,0.528,0.055743656174567474
22,power,static,RV,,1,0.5890270021856574,0.3728816961514656,-0.02711830384853449,-0.4,0.45449911007458854,0.4,0.45524055961530013,0.023093963471002548,0.526,0.05899617227336727
22,power,static,RV,,2,0.6851254200606043,0.3899202518795587,-0.010079748120441342,-0.4,0.5286648077565672,0.4,0.5624428263246906,0.023093963471002548,0.516,0.016815503324089365
22,power,static,RV,,3,0.532526958056568,0.36398923889041696,-0.03601076110958308,-0.4,0.37899550891968636,0.4,0.38758696253923125,0.023093963471002548,0.542,0.09126850563965193
22,power,static,RV,,4,0.5555292568371489,0.3710357313577122,-0.028964268642287877,-0.4,0.3857014881213719,0.4,0.41259521801822147,0.023093963471002548,0.504,0.06937711947210173
22,power,static,RV,,5,0.5776034055731257,0.38333484258935707,-0.016665157410642926,-0.4,0.4193626059388816,0.4,0.4303078165263778,0.023093963471002548,0.522,0.035789534129151514
23,power,static,RV,,1,0.47230623805565913,0.3894739860684897,-0.010526013931510318,-0.4,0.1966319807228655,0.4,0.2668535511320242,0.023093963471002548,0.402,0.04103538782422037
23,power,static,RV,,2,0.6208494693564777,0.3847072977167504,-0.015292702283249643,-0.4,0.45105861176074413,0.4,0.48723727912379744,0.023093963471002548,0.52,0.032545532915129745
23,power,static,RV,,3,0.5879071214967535,0.3573169432279095,-0.04268305677209052,-0.4,0.4491609721138287,0.4,0.4673039354797706,0.023093963471002548,0.538,0.09332732010066191
23,power,static,RV,,4,0.43665177902278673,0.3837095443431076,-0.016290455656892376,-0.4,0.1471380352839189,0.4,0.20642347119712143,0.023093963471002548,0.334,0.0768078777167511
23,power,static,RV,,5,0.622773202622387,0.35080707934209704,-0.04919292065790299,-0.4,0.5143537365192214,0.4,0.5144345223667167,0.023093963471002548,0.546,0.0959874447507012
24,power,static,RV,,1,0.509187625253955,0.3815040505861284,-0.018495949413871657,-0.4,0.32019634339147957,0.4,0.334554958632359,0.023093963471002548,0.516,0.05039278007276757
24,power,static,RV,,2,0.6087176895003957,0.3715154590213647,-0.028484540978635366,-0.4,0.46652795614182685,0.4,0.4806892311110101,0.023093963471002548,0.532,0.05667648416841828
24,power,static,RV,,3,0.4705912470277564,0.39944864069402686,-0.0005513593059732332,-0.4,0.20250168847415623,0.4,0.24518263765411108,0.023093963471002548,0.43,-0.004112319879807337
24,power,static,RV,,4,0.47269226452074764,0.36421610764613527,-0.03578389235386476,-0.4,0.24348017869728608,0.4,0.2989830669994711,0.023093963471002548,0.434,0.1150739016066172
24,power,static,RV,,5,0.5017736929150586,0.381180908840876,-0.018819091159123932,-0.4,0.3167416621623315,0.4,0.32337080697299403,0.023093963471002548,0.528,0.052700797296263445
25,power,static,RV,,1,0.522133973459283,0.39341431901377677,-0.0065856809862232255,-0.4,0.3250112321547275,0.4,0.3398297206507291,0.023093963471002548,0.478,0.012619176076536077
25,power,static,RV,,2,0.5309720984404126,0.39917239986136177,-0.0008276001386382763,-0.4,0.254191211591237,0.4,0.3473006090795406,0.023093963471002548,0.34,-0.002801398121195264
25,power,static,RV,,3,0.5578720858126729,0.3923801600544598,-0.007619839945540198,-0.4,0.38872397130544356,0.4,0.3939130925375894,0.023093963471002548,0.51,0.01437265715466821
25,power,static,RV,,4,0.5141674701827912,0.3882967444972125,-0.011703255502787514,-0.4,0.251129149493328,0.4,0.33345130510468407,0.023093963471002548,0.34,0.028020677227207753
25,power,static,RV,,5,0.5340398625773914,0.3986958197074019,-0.001304180292598085,-0.4,0.3418931049947952,0.4,0.35205589257642367,0.023093963471002548,0.506,-0.0025528227521001675
26,power,static,RV,,1,0.40322166138166676,0.3889170168831747,-0.011082983116825252,-0.4,0.050964053173050625,0.4,0.10073953022751257,0.023093963471002548,0.158,0.1011773829334495
26,power,static,RV,,2,0.4957566647060968,0.4101275504992615,0.010127550499261487,-0.4,0.1578130849694371,0.4,0.27585767597649047,0.023093963471002548,0.214,-0.04087346247109571
26,power,static,RV,,3,0.527168542094811,0.3544752621063949,-0.04552473789360511,-0.4,0.38369110571182097,0.4,0.38628719165011366,0.023093963471002548,0.562,0.10881749431980597
26,power,static,RV,,4,0.47515423807236506,0.3653902630691857,-0.03460973693081432,-0.4,0.24954303324129878,0.4,0.30237079461563615,0.023093963471002548,0.426,0.11229925165523068
26,power,static,RV,,5,0.5969844326190463,0.355999393162613,-0.04400060683738707,-0.4,0.4744147219748569,0.4,0.47621867301734233,0.023093963471002548,0.554,0.08575211914823425
27,power,static,RV,,1,0.5375225186120913,0.3678749579268065,-0.03212504207319348,-0.4,0.3862348073738346,0.4,0.3903658336377345,0.023093963471002548,0.546,0.07971568184632236
27,power,static,RV,,2,0.4882387548699242,0.39457814511642186,-0.005421854883578117,-0.4,0.21368889143703204,0.4,0.28485952779885493,0.023093963471002548,0.314,0.01458814301202492
27,power,static,RV,,3,0.5528014619921531,0.3665153893918214,-0.03348461060817863,-0.4,0.4053299943184067,0.4,0.4121313024593018,0.023093963471002548,0.548,0.07821911773772142
27,power,static,RV,,4,0.5390865905097948,0.3742006314471896,-0.025799368552810443,-0.4,0.30404629995908794,0.4,0.3875458192192254,0.023093963471002548,0.342,0.06675339397986639
27,power,static,RV,,5,0.5080729523638511,0.38765177371875403,-0.012348226281245978,-0.4,0.3033158707242271,0.4,0.3272175785418698,0.023093963471002548,0.514,0.03665835478020454
28,power,static,RV,,1,0.47004176238818995,0.39985835599439373,-0.00014164400560630596,-0.4,0.2100504072905994,0.4,0.24581866039665967,0.023093963471002548,0.42,0.00010613444266156582
28,power,static,RV,,2,0.6635769768962166,0.4013888559421357,0.0013888559421356668,-0.4,0.5190615938382678,0.4,0.5278713276679663,0.023093963471002548,0.502,-0.0027210421209199363
28,power,static,RV,,3,0.5097521243802924,0.3975450253381275,-0.0024549746618724964,-0.4,0.30518256932338983,0.4,0.3176248905695241,0.023093963471002548,0.508,0.006198470722231586
28,power,static,RV,,4,0.4481456599491489,0.3966343257789457,-0.0033656742210543466,-0.4,0.14065822833000946,0.4,0.20705307775751264,0.023093963471002548,0.254,0.015554416973549482
28,power,static,RV,,5,0.5845573791830567,0.3938573657466598,-0.0061426342533402265,-0.4,0.42253675415479497,0.4,0.43062130907227225,0.023093963471002548,0.51,0.012455441042935864
29,power,static,RV,,1,0.5631381123812705,0.3859235848455082,-0.014076415154491727,-0.4,0.4034311983723546,0.4,0.40890360025504896,0.023093963471002548,0.52,0.0329684634038768
29,power,static,RV,,2,0.5553497397839342,0.4042206900153549,0.00422069001535488,-0.4,0.3107089120124425,0.4,0.379214731162602,0.023093963471002548,0.416,-0.013354497599146172
29,power,static,RV,,3,0.5604210412656344,0.3892131329791385,-0.010786867020861521,-0.4,0.38931076292190636,0.4,0.4024628197358955,0.023093963471002548,0.514,0.02651480385241624
29,power,static,RV,,4,0.511082132368314,0.37169304523496144,-0.02830695476503851,-0.4,0.27890077481408837,0.4,0.3494591424430715,0.023093963471002548,0.366,0.07920041243950783
29,power,static,RV,,5,0.5265482149787591,0.3942841973412407,-0.005715802658759248,-0.4,0.31384199269742047,0.4,0.3471911461377112,0.023093963471002548,0.452,0.013853107471045555
30,power,static,RV,,1,0.5350877705681327,0.3887485456456694,-0.011251454354330597,-0.4,0.3604043290476401,0.4,0.3663071821129572,0.023093963471002548,0.52,0.02901860065972442
30,power,static,RV,,2,0.4730199381403659,0.3979564144733399,-0.002043585526660121,-0.4,0.19089001059078894,0.4,0.25295018677900327,0.023093963471002548,0.322,0.0038156299843236196
30,power,static,RV,,3,0.5660934228303947,0.38691140847599126,-0.013088591524008776,-0.4,0.3959061292715033,0.4,0.41255317362090144,0.023093963471002548,0.52,0.03157288655904151
30,power,static,RV,,4,0.4451032747499229,0.39817009355587435,-0.001829906444125661,-0.4,0.14537054665561658,0.4,0.19659529668998982,0.023093963471002548,0.304,0.006788316992187722
30,power,static,RV,,5,0.4786055893368549,0.39710219690779325,-0.0028978030922067297,-0.4,0.1995164837733011,0.4,0.2650509520998311,0.023093963471002548,0.386,0.008146760951383543
31,power,static,RV,,1,0.49188389026557083,0.3820335486280166,-0.017966451371983425,-0.4,0.28593016195365306,0.4,0.30747937528487773,0.023093963471002548,0.528,0.05449432501219536
31,power,static,RV,,2,0.6240158369162851,0.3500920625985067,-0.049907937401493296,-0.4,0.5046764708908823,0.4,0.5151642486012008,0.023093963471002548,0.552,0.0940868828011391
31,power,static,RV,,3,0.5227228338005183,0.3767019740841424,-0.023298025915857626,-0.4,0.3497605031526447,0.4,0.3611582189118779,0.023093963471002548,0.538,0.06300566677425819
31,power,static,RV,,4,0.5088127997416008,0.35655864691033723,-0.043441353089662786,-0.4,0.331506733624431,0.4,0.3609299084504746,0.023093963471002548,0.478,0.11602817218372756
31,power,static,RV,,5,0.576494575334901,0.34179425382233697,-0.05820574617766304,-0.4,0.4590604003700812,0.4,0.46325365824823717,0.023093963471002548,0.566,0.12342798203097315
32,power,static,RV,,1,0.5505728832725157,0.40910615339060485,0.009106153390604797,-0.4,0.35794923022762754,0.4,0.36602910320106485,0.023093963471002548,0.494,-0.02909643383969661
32,power,static,RV,,2,0.6091811861132549,0.3950217912841099,-0.004978208715890091,-0.4,0.44675569201937754,0.4,0.46081120353862,0.023093963471002548,0.506,0.00488339460715915
32,power,static,RV,,3,0.4867333732721522,0.4085391214466096,0.008539121446609598,-0.4,0.21320054765290372,0.4,0.2613466848922406,0.023093963471002548,0.398,-0.038184323831219384
32,power,static,RV,,4,0.5409254428940561,0.38046290577314534,-0.019537094226854707,-0.4,0.3425731433225351,0.4,0.38312891088482237,0.023093963471002548,0.442,0.0491276678851197
32,power,static,RV,,5,0.5187837886736252,0.40289060854798436,0.0028906085479843027,-0.4,0.3190421167744703,0.4,0.3244114323740334,0.023093963471002548,0.494,-0.012894310358101733
33,power,static,RV,,1,0.5671909956344485,0.34300945838693,-0.05699054161307009,-0.4,0.4505420527677089,0.4,0.44940315762795513,0.023093963471002548,0.562,0.12131728391375418
33,power,static,RV,,2,0.6456996911977155,0.339518804841412,-0.06048119515858802,-0.4,0.5405005133118014,0.4,0.5474061042831321,0.023093963471002548,0.558,0.10630901239295
33,power,static,RV,,3,0.6101049733919103,0.3566808277879602,-0.043319172212039875,-0.4,0.48797931995805854,0.4,0.49277458872644186,0.023093963471002548,0.55,0.0832711433385619
33,power,static,RV,,4,0.4951217804689475,0.39161695315186806,-0.008383046848131962,-0.4,0.19555963026604586,0.4,0.2999777062432735,0.023093963471002548,0.252,0.022641184075764095
33,power,static,RV,,5,0.595826300260425,0.3732963463944509,-0.026703653605549153,-0.4,0.4497483673691392,0.4,0.4627238738794316,0.023093963471002548,0.538,0.0547930412369705
34,power,static,RV,,1,0.5216942168786157,0.3602719170756962,-0.03972808292430381,-0.4,0.36306136617233914,0.4,0.37550351646594027,0.023093963471002548,0.564,0.10228513013509642
34,power,static,RV,,2,0.5476076592661812,0.3652186562403865,-0.0347813437596135,-0.4,0.35171960506797034,0.4,0.4073602725670598,0.023093963471002548,0.476,0.08488930465078488
34,power,static,RV,,3,0.5745159444939694,0.35103892614248405,-0.048961073857515996,-0.4,0.4536189407111046,0.4,0.4531029111113389,0.023093963471002548,0.554,0.10450230021020682
34,power,static,RV,,4,0.4243191342530811,0.37522797520995693,-0.02477202479004307,-0.4,0.13130752378055854,0.4,0.19449363267244338,0.023093963471002548,0.306,0.12047392510204037
34,power,static,RV,,5,0.5217556286975512,0.3589983489816077,-0.041001651018392295,-0.4,0.3705044755701184,0.4,0.376317446573104,0.023093963471002548,0.556,0.10417471853565033
35,power,static,RV,,1,0.5561040808540001,0.3738903993456567,-0.02610960065434331,-0.4,0.4083567052748418,0.4,0.41001471998129907,0.023093963471002548,0.538,0.06097792020795981
35,power,static,RV,,2,0.6700342338852582,0.37910945259945594,-0.02089054740054405,-0.4,0.537433804636522,0.4,0.5510468267842619,0.023093963471002548,0.524,0.035476069031060715
35,power,static,RV,,3,0.575920663547941,0.3945591381618449,-0.005440861838155184,-0.4,0.40992281173858075,0.4,0.4173763064473253,0.023093963471002548,0.514,0.009212072346455229
35,power,static,RV,,4,0.42342027242886815,0.39976438896430283,-0.00023561103569714347,-0.4,0.07971156359203221,0.4,0.13550180622322733,0.023093963471002548,0.21,-0.003597285878086423
35,power,static,RV,,5,0.5445573717214004,0.3880370088227356,-0.01196299117726437,-0.4,0.3610136630586063,0.4,0.3802400393191128,0.023093963471002548,0.528,0.028591828986136852
36,power,static,RV,,1,0.5297683305096358,0.3825330414092186,-0.017466958590781404,-0.4,0.3550028119494702,0.4,0.3642981737759768,0.023093963471002548,0.516,0.04412897920917429
36,power,static,RV,,2,0.45868217902405745,0.4155469289536133,0.015546928953613303,-0.4,0.09806225894674973,0.4,0.19004927987197748,0.023093963471002548,0.134,-0.08832105138754621
36,power,static,RV,,3,0.6349945226519578,0.37467173834393547,-0.025328261656064534,-0.4,0.49873729043202103,0.4,0.512180225909522,0.023093963471002548,0.52,0.04936482599372807
36,power,static,RV,,4,0.5422883834997596,0.3944175694078884,-0.00558243059211159,-0.4,0.29377816984731897,0.4,0.3699470135924154,0.023093963471002548,0.428,0.011294350757198705
36,power,static,RV,,5,0.5740711983726556,0.39261820548494875,-0.007381794515051236,-0.4,0.3894250339669428,0.4,0.4178650344188028,0.023093963471002548,0.516,0.016844586657609083
37,power,static,RV,,1,0.5911307387950242,0.401870033366298,0.00187003336629797,-0.4,0.4266596425436494,0.4,0.433009668883564,0.023093963471002548,0.502,-0.004038610835820004
37,power,static,RV,,2,0.5686515245620212,0.3963642731320065,-0.003635726867993505,-0.4,0.3628239330231033,0.4,0.4063799900221866,0.023093963471002548,0.43,0.007144570755583946
37,power,static,RV,,3,0.5434260035365432,0.37596660823953126,-0.024033391760468772,-0.4,0.36447223701495846,0.4,0.392221861995499,0.023093963471002548,0.526,0.062361884695651626
37,power,static,RV,,4,0.506758181291225,0.3962435416924415,-0.003756458307558528,-0.4,0.22265576545299268,0.4,0.3156389503098322,0.023093963471002548,0.26,0.013328881126256489
37,power,static,RV,,5,0.4812670570781703,0.3905521856025,-0.00944781439750004,-0.4,0.2738537961634285,0.4,0.27971889702871194,0.023093963471002548,0.514,0.03231414371168803
38,power,static,RV,,1,0.5756183089952371,0.35141229146597175,-0.048587708534028315,-0.4,0.4541821273484548,0.4,0.4554903892865521,0.023093963471002548,0.552,0.10632622621402905
38,power,static,RV,,2,0.5673084663164786,0.3602175126493417,-0.0397824873506583,-0.4,0.3720658044936932,0.4,0.43733642701602454,0.023093963471002548,0.426,0.08962871889047648
38,power,static,RV,,3,0.5531800661744066,0.342451021169961,-0.05754897883003905,-0.4,0.4193190661887335,0.4,0.43429256391808885,0.023093963471002548,0.568,0.13230716208747806
38,power,static,RV,,4,0.5972237265766908,0.3606431296891603,-0.03935687031083974,-0.4,0.459554696101936,0.4,0.47633316177166535,0.023093963471002548,0.546,0.08433223008344122
38,power,static,RV,,5,0.5544646401759561,0.35020134879592824,-0.049798651204071766,-0.4,0.42582209597246423,0.4,0.42937296746725795,0.023093963471002548,0.556,0.11531762095298184
39,power,static,RV,,1,0.5433699755206607,0.40090755856647253,0.0009075585664725044,-0.4,0.35429553600774283,0.4,0.3649079149161495,0.023093963471002548,0.49,-0.005331456284850332
39,power,static,RV,,2,0.4471538914093413,0.40472369212618386,0.004723692126183896,-0.4,0.08395968804040797,0.4,0.18762832440141666,0.023093963471002548,0.11,-0.02783618862776696
39,power,static,RV,,3,0.5351165321990308,0.39450405302928515,-0.005495946970714878,-0.4,0.3465111957881529,0.4,0.35919016330292486,0.023093963471002548,0.51,0.011225450651184625
39,power,static,RV,,4,0.6626374395995694,0.4065291670839447,0.0065291670839446895,-0.4,0.5123146770731307,0.4,0.5215083445685709,0.023093963471002548,0.488,-0.015651894241419627
39,power,static,RV,,5,0.4930974627993785,0.4110314765989541,0.011031476598954097,-0.4,0.2146078461272713,0.4,0.2706218427557638,0.023093963471002548,0.45,-0.04263722116077244
40,power,static,RV,,1,0.5187503334183587,0.39131834538506477,-0.008681654614935207,-0.4,0.3274287784435311,0.4,0.33975315126768546,0.023093963471002548,0.516,0.025478796082535178
40,power,static,RV,,2,0.6031311368287381,0.38710587136599667,-0.012894128634003353,-0.4,0.4515441434955416,0.4,0.46349048810532795,0.023093963471002548,0.51,0.03163972961165037
40,power,static,RV,,3,0.5341524353094997,0.38510013667187276,-0.014899863328127266,-0.4,0.3608351550987841,0.4,0.369672812812314,0.023093963471002548,0.52,0.04079485345558678
40,power,static,RV,,4,0.4374289799799,0.39593024974240415,-0.004069750257595914,-0.4,0.12089189009373112,0.4,0.18446043505064533,0.023093963471002548,0.286,0.021856153165791526
40,power,static,RV,,5,0.5259317045006539,0.384357206325387,-0.01564279367461307,-0.4,0.354103024035295,0.4,0.35887145651429175,0.023093963471002548,0.518,0.04503271860346695
41,power,static,RV,,1,0.547104628916339,0.38111659317560964,-0.018883406824390367,-0.4,0.3855513587678555,0.4,0.39196820480952355,0.023093963471002548,0.526,0.04835420314816727
41,power,static,RV,,2,0.5286113155303167,0.3995429252142001,-0.0004570747857999704,-0.4,0.31172466357938833,0.4,0.34436778944602386,0.023093963471002548,0.432,-0.0011132626089030947
41,power,static,RV,,3,0.5518890101347567,0.36718112733403674,-0.03281887266596331,-0.4,0.4031555337455864,0.4,0.4113887710713605,0.023093963471002548,0.538,0.07943495982386238
41,power,static,RV,,4,0.44992046750549197,0.39201520211078655,-0.007984797889213453,-0.4,0.2052389958575832,0.4,0.21877944360272614,0.023093963471002548,0.478,0.03439004814036614
41,power,static,RV,,5,0.4977854558319012,0.3868258186844397,-0.013174181315560292,-0.4,0.279891376758746,0.4,0.31174724288778616,0.023093963471002548,0.458,0.04040566421188635
42,power,static,RV,,1,0.5544227399641315,0.34837125687142206,-0.05162874312857792,-0.4,0.41612476688704286,0.4,0.43131681355157425,0.023093963471002548,0.554,0.12022130209775608
42,power,static,RV,,2,0.6279927873627615,0.32297496033158074,-0.07702503966841931,-0.4,0.5018593252670167,0.4,0.5395855577999467,0.023093963471002548,0.532,0.14479875231735595
42,power,static,RV,,3,0.5005609773031193,0.3902309101337587,-0.009769089866241351,-0.4,0.2762142645011048,0.4,0.31297034319920836,0.023093963471002548,0.438,0.03195463916785347
42,power,static,RV,,4,0.4967804078859149,0.3829172639728796,-0.017082736027120408,-0.4,0.25923902515338715,0.4,0.3150573205101086,0.023093963471002548,0.408,0.0525853528915215
42,power,static,RV,,5,0.49511157093369945,0.39454182711344915,-0.005458172886550894,-0.4,0.2808322017234854,0.4,0.2981612568973644,0.023093963471002548,0.492,0.01811046626238022
43,power,static,RV,,1,0.6019908684272182,0.3809094900347522,-0.019090509965247797,-0.4,0.46268277728537927,0.4,0.46537089400003356,0.023093963471002548,0.522,0.04039018443204312
43,power,static,RV,,2,0.6230133931010325,0.372088576537738,-0.027911423462261952,-0.4,0.4823072711688825,0.4,0.5009504314993893,0.023093963471002548,0.512,0.05998757812989945
43,power,static,RV,,3,0.5831855859505577,0.38907808907697905,-0.010921910923020995,-0.4,0.42965745124956733,0.4,0.43384887989893933,0.023093963471002548,0.512,0.025223889422126253
43,power,static,RV,,4,0.6025837949866982,0.3724036296585651,-0.02759637034143498,-0.4,0.43610897738009463,0.4,0.47422759224077893,0.023093963471002548,0.506,0.060630663003926104
43,power,static,RV,,5,0.5895469402399839,0.37307193268223343,-0.026928067317766605,-0.4,0.4490142202756591,0.4,0.45726191880415745,0.023093963471002548,0.524,0.06206538761265645
44,power,static,RV,,1,0.4977758543050863,0.3886345203731248,-0.011365479626875195,-0.4,0.2964762952102709,0.4,0.3108216018573383,0.023093963471002548,0.516,0.03808319419641117
44,power,static,RV,,2,0.5500151843287917,0.39348556723857553,-0.006514432761424481,-0.4,0.2919587382550508,0.4,0.3829469470159645,0.023093963471002548,0.366,0.015338039254750835
44,power,static,RV,,3,0.5359279628800737,0.40412222161376293,0.004122221613762892,-0.4,0.318442511998035,0.4,0.35156626861678997,0.023093963471002548,0.43,-0.010895180697503865
44,power,static,RV,,4,0.4751067778498123,0.3930016277235834,-0.006998372276416634,-0.4,0.18043788115450837,0.4,0.26687824590561443,0.023093963471002548,0.242,0.028419619192587012
44,power,static,RV,,5,0.5033796594014467,0.3930059665466329,-0.006994033453367178,-0.4,0.2801528113680256,0.4,0.31354093535369526,0.023093963471002548,0.438,0.021881419926961982
45,power,static,RV,,1,0.5483720401941257,0.3794252524530181,-0.020574747546981898,-0.4,0.38215143103177174,0.4,0.39465508037897745,0.023093963471002548,0.528,0.05051605524607381
45,power,static,RV,,2,0.4456191433694963,0.39904609775720096,-0.0009539022427990354,-0.4,0.12229718079365863,0.4,0.19621751315467875,0.023093963471002548,0.204,0.0029199985492361843
45,power,static,RV,,3,0.5786637431897274,0.380910030750183,-0.019089969249817082,-0.4,0.42340948116981814,0.4,0.43444161774674095,0.023093963471002548,0.524,0.04243015056507298
45,power,static,RV,,4,0.5380072737192279,0.3872079494443286,-0.012792050555671407,-0.4,0.3083767193415314,0.4,0.3715481744103694,0.023093963471002548,0.432,0.031194619793186516
45,power,static,RV,,5,0.49470414386648404,0.39435143704036585,-0.0056485629596341996,-0.4,0.244358620506718,0.4,0.2966419322349446,0.023093963471002548,0.366,0.01610706186633219
46,power,static,RV,,1,0.47497620839469734,0.38549980778904636,-0.014500192210953649,-0.4,0.2159292059586748,0.4,0.2759066689887815,0.023093963471002548,0.366,0.05088427662907659
46,power,static,RV,,2,0.48578991657786624,0.3964935677699506,-0.00350643223004948,-0.4,0.15008768432899708,0.4,0.27996915432963815,0.023093963471002548,0.206,0.013088043072606621
46,power,static,RV,,3,0.4859964956753659,0.37830533208472605,-0.021694667915273996,-0.4,0.28548097674033746,0.4,0.30389984213356575,0.023093963471002548,0.534,0.07031291774426245
46,power,static,RV,,4,0.5570547651185823,0.3844518103387489,-0.015548189661251101,-0.4,0.28985220693903385,0.4,0.4020052308340429,0.023093963471002548,0.282,0.037450367164681767
46,power,static,RV,,5,0.4929937680448642,0.39910806836146767,-0.0008919316385324158,-0.4,0.2234361964884943,0.4,0.2878474309410483,0.023093963471002548,0.384,0.0015061608075016086
47,power,static,RV,,1,0.5255632857445853,0.38945181818496627,-0.010548181815033765,-0.4,0.3423156177758111,0.4,0.35140040671466155,0.023093963471002548,0.52,0.028078253984918197
47,power,static,RV,,2,0.6582526870054165,0.37899545000957013,-0.021004549990429926,-0.4,0.5231148014320599,0.4,0.5378660162784501,0.023093963471002548,0.52,0.03936072859794674
47,power,static,RV,,3,0.5184999993271099,0.38307073793731866,-0.01692926206268136,-0.4,0.3389427134830687,0.4,0.3481741939747179,0.023093963471002548,0.528,0.047266022757441545
47,power,static,RV,,4,0.5302119823448289,0.3815998563142882,-0.018400143685711818,-0.4,0.3404732765259453,0.4,0.3664534035339334,0.023093963471002548,0.53,0.047735548996027444
47,power,static,RV,,5,0.5982106841665837,0.3839940048791851,-0.01600599512081489,-0.4,0.4468269216476121,0.4,0.45808953254107,0.023093963471002548,0.516,0.03479257982123701
48,power,static,RV,,1,0.5550661071459835,0.3718455293376942,-0.02815447066230582,-0.4,0.4087021028005234,0.4,0.4096353848542326,0.023093963471002548,0.532,0.06391171178103625
48,power,static,RV,,2,0.6298299380070688,0.3608559798310033,-0.03914402016899668,-0.4,0.5118375229253509,0.4,0.5139778884896078,0.023093963471002548,0.538,0.07154679983153585
48,power,static,RV,,3,0.5206745650958547,0.3881852406524548,-0.011814759347545188,-0.4,0.30685018791820834,0.4,0.3455712907296249,0.023093963471002548,0.438,0.03244716225501806
48,power,static,RV,,4,0.5144499859742477,0.3723404092353435,-0.02765959076465654,-0.4,0.31226251721188797,0.4,0.3531186875493564,0.023093963471002548,0.454,0.0751585248581464
48,power,static,RV,,5,0.5312239146701355,0.3769216035262768,-0.023078396473723253,-0.4,0.35964716865230356,0.4,0.3723685036800605,0.023093963471002548,0.54,0.058620545282571705
49,power,static,RV,,1,0.5000932763438404,0.38252784563308967,-0.01747215436691038,-0.4,0.31324235227499225,0.4,0.321823128120467,0.023093963471002548,0.52,0.05542886463204263
49,power,static,RV,,2,0.42014993961595704,0.4024094939143837,0.002409493914383704,-0.4,0.05726014808253181,0.4,0.11768787114821573,0.023093963471002548,0.116,-0.022648906678174405
49,power,static,RV,,3,0.5368400033141935,0.381269470147556,-0.018730529852443983,-0.4,0.34572362089106956,0.4,0.37683540329614795,0.023093963471002548,0.456,0.04859344907750723
49,power,static,RV,,4,0.5817085259529751,0.3826848235817096,-0.017315176418290435,-0.4,0.39084949359410437,0.4,0.437593971266595,0.023093963471002548,0.446,0.039713673787528755
49,power,static,RV,,5,0.5104909426000672,0.3938722876100914,-0.006127712389908613,-0.4,0.2804104113353168,0.4,0.3234573094792883,0.023093963471002548,0.442,0.017722768924545447
50,power,static,RV,,1,0.5823461303410535,0.4107894251405688,0.010789425140568824,-0.4,0.3901245885742237,0.4,0.4111404424606497,0.023093963471002548,0.488,-0.028645534258367723
50,power,static,RV,,2,0.6609328678564005,0.4088376773500508,0.00883767735005077,-0.4,0.5071217369107847,0.4,0.5191180220740748,0.023093963471002548,0.492,-0.0161936296291208
50,power,static,RV,,3,0.6515303253353829,0.4114619853986144,0.011461985398614413,-0.4,0.48227870688548363,0.4,0.5037974190098232,0.023093963471002548,0.492,-0.024801586271550546
50,power,static,RV,,4,0.4323676799182915,0.38951415325992184,-0.010485846740078143,-0.4,0.11055921888591144,0.4,0.18565949364472542,0.023093963471002548,0.198,0.05483396881952742
50,power,static,RV,,5,0.6235440798934514,0.41331504686151405,0.013315046861514062,-0.4,0.4533811006978621,0.4,0.4658722416454751,0.023093963471002548,0.484,-0.02961315848973929
51,power,static,RV,,1,0.527091684262304,0.39573199523010305,-0.004268004769896979,-0.4,0.3366730528307313,0.4,0.3470493650911173,0.023093963471002548,0.506,0.011394838689256628
51,power,static,RV,,2,0.596095234917349,0.3819334897705654,-0.01806651022943458,-0.4,0.40481954008928,0.4,0.4570462578455013,0.023093963471002548,0.486,0.03934577608320029
51,power,static,RV,,3,0.574392019718057,0.3938956852172407,-0.0061043147827593,-0.4,0.41154150558293223,0.4,0.41705323469489464,0.023093963471002548,0.508,0.013696398907602483
51,power,static,RV,,4,0.4723100847127706,0.4075120297134101,0.007512029713410102,-0.4,0.18001846489980125,0.4,0.23881701945338857,0.023093963471002548,0.292,-0.02848272568648985
51,power,static,RV,,5,0.5793862131742218,0.4025972317568787,0.0025972317568787205,-0.4,0.3812487060232829,0.4,0.41644401819659127,0.023093963471002548,0.432,-0.005162127039447423
52,power,static,RV,,1,0.4692433475005616,0.40431211138409356,0.004312111384093524,-0.4,0.20390637434933517,0.4,0.23690965285454607,0.023093963471002548,0.396,-0.01849224032981461
52,power,static,RV,,2,0.7161003188920981,0.42884689877151366,0.028846898771513637,-0.4,0.5643860565976802,0.4,0.5731732981489694,0.023093963471002548,0.476,-0.04980948313783513
52,power,static,RV,,3,0.5660849680165647,0.4104575659554678,0.010457565955467745,-0.4,0.3765720320345702,0.4,0.3895785982516693,0.023093963471002548,0.482,-0.025738587142753476
52,power,static,RV,,4,0.41942729424796005,0.40380325461316563,0.003803254613165588,-0.4,0.03334966473466558,0.4,0.11028340067715231,0.023093963471002548,0.048,-0.03629050673214152
52,power,static,RV,,5,0.6470319747536731,0.43204453052914105,0.03204453052914105,-0.4,0.48086496706587367,0.4,0.4816987778683763,0.023093963471002548,0.468,-0.0647698766802513
53,power,static,RV,,1,0.4873896644931637,0.3582734263017255,-0.041726573698274545,-0.4,0.2956196590419898,0.4,0.3294561524946943,0.023093963471002548,0.466,0.1250112890951677
53,power,static,RV,,2,0.4723703332031545,0.39403951455051067,-0.005960485449489356,-0.4,0.19065992653783934,0.4,0.2594125757370984,0.023093963471002548,0.322,0.02274803762740128
53,power,static,RV,,3,0.5765854690168254,0.3333974157836041,-0.06660258421639588,-0.4,0.4532846579611619,0.4,0.4713368580408657,0.023093963471002548,0.556,0.14333969711521177
53,power,static,RV,,4,0.419408723152476,0.39800867531001616,-0.001991324689983893,-0.4,0.05537436018952415,0.4,0.1298658038103467,0.023093963471002548,0.098,0.014400239304867581
53,power,static,RV,,5,0.47770631714085515,0.3835672544799028,-0.01643274552009722,-0.4,0.27377849234799795,0.4,0.28357343989084466,0.023093963471002548,0.526,0.05717452422584439
54,power,static,RV,,1,0.5400448992503387,0.3923936815486487,-0.007606318451351365,-0.4,0.3682831451519805,0.4,0.37215034012478027,0.023093963471002548,0.504,0.024938350086403348
54,power,static,RV,,2,0.4235963759043973,0.3898272013865243,-0.010172798613475642,-0.4,0.09482031320404698,0.4,0.1651922480860166,0.023093963471002548,0.186,0.06402585947516397
54,power,static,RV,,3,0.5767202209790885,0.3844780130799928,-0.015521986920007187,-0.4,0.41052956372464483,0.4,0.43001616323239533,0.023093963471002548,0.516,0.03793956732243058
54,power,static,RV,,4,0.5803075262471558,0.4037732501305304,0.0037732501305304637,-0.4,0.39789417606256966,0.4,0.41640173513043993,0.023093963471002548,0.51,-0.008447519881902801
54,power,static,RV,,5,0.514648181807286,0.38823933666414734,-0.011760663335852725,-0.4,0.29365974991176536,0.4,0.33794877330877543,0.023093963471002548,0.49,0.03697143376433115
55,power,static,RV,,1,0.4625828977973513,0.4008754200910335,0.0008754200910334866,-0.4,0.16997015785374078,0.4,0.22924504316533645,0.023093963471002548,0.346,-0.0048749943637026935
55,power,static,RV,,2,0.47877991200503783,0.407276480378717,0.007276480378717006,-0.4,0.1742742434039186,0.4,0.25010007023452113,0.023093963471002548,0.284,-0.030393715695038123
55,power,static,RV,,3,0.5805399176922494,0.38295810878457026,-0.01704189121542977,-0.4,0.40132075426178426,0.4,0.43566684076425155,0.023093963471002548,0.482,0.03893389297844311
55,power,static,RV,,4,0.4182863099320734,0.4051228367125482,0.005122836712548166,-0.4,0.0328019626740297,0.4,0.10280411295336128,0.023093963471002548,0.044,-0.04649687455796569
55,power,static,RV,,5,0.5279334225547035,0.38839440650104784,-0.01160559349895219,-0.4,0.3464509952741017,0.4,0.35736176468232195,0.023093963471002548,0.518,0.03372145849469539
56,power,static,RV,,1,0.5568124410600553,0.3794913090123141,-0.020508690987685912,-0.4,0.40371715279194065,0.4,0.40491463793206317,0.023093963471002548,0.526,0.04576884812317368
56,power,static,RV,,2,0.5695620589468071,0.38594798175888745,-0.014052018241112562,-0.4,0.39904305811877094,0.4,0.4156696887875754,0.023093963471002548,0.528,0.027337815800544965
56,power,static,RV,,3,0.5755896700157487,0.40675413068186517,0.006754130681865156,-0.4,0.36516377035313724,0.4,0.4046157982916318,0.023093963471002548,0.418,-0.02161910317126677
56,power,static,RV,,4,0.6275455325220739,0.41087372848861425,0.01087372848861425,-0.4,0.467775762855085,0.4,0.47070687133313993,0.023093963471002548,0.492,-0.030737016113738545
56,power,static,RV,,5,0.6106208010306785,0.41980519818059703,0.01980519818059697,-0.4,0.406086935449918,0.4,0.44023080847758994,0.023093963471002548,0.426,-0.05133839226612951
57,power,static,RV,,1,0.49014541578243753,0.36606550899530166,-0.0339344910046984,-0.4,0.3149828347854426,0.4,0.3236084634089485,0.023093963471002548,0.558,0.10034829806963297
57,power,static,RV,,2,0.5143946965924127,0.35702099246796287,-0.04297900753203715,-0.4,0.30860649486246994,0.4,0.3705772904005065,0.023093963471002548,0.452,0.11743307223071539
57,power,static,RV,,3,0.5335778057786466,0.34692787384852386,-0.05307212615147618,-0.4,0.40340677682523013,0.4,0.4034087506822548,0.023093963471002548,0.566,0.1269232817275328
57,power,static,RV,,4,0.5051778546404906,0.3884720040557138,-0.011527995944286277,-0.4,0.25075439407116557,0.4,0.31999456379684116,0.023093963471002548,0.374,0.030625254356949398
57,power,static,RV,,5,0.524251057773993,0.33980513161503767,-0.06019486838496229,-0.4,0.39254391096012897,0.4,0.3985195600936894,0.023093963471002548,0.578,0.1490403965822906
58,power,static,RV,,1,0.4817614679575742,0.37349785912960887,-0.026502140870391187,-0.4,0.29320376926075103,0.4,0.3037339726347198,0.023093963471002548,0.548,0.0875745285209662
58,power,static,RV,,2,0.5465958806018942,0.36412283576938087,-0.035877164230619145,-0.4,0.3596019064757282,0.4,0.4046514854772641,0.023093963471002548,0.472,0.08231524927641716
58,power,static,RV,,3,0.4736032877191117,0.3904162734922366,-0.009583726507763433,-0.4,0.18917093691830836,0.4,0.2677025398360493,0.023093963471002548,0.27,0.03722118732149591
58,power,static,RV,,4,0.5321601054533167,0.38915924088291864,-0.010840759117081357,-0.4,0.2683775647802766,0.4,0.36173539942655364,0.023093963471002548,0.348,0.028651599792787204
58,power,static,RV,,5,0.5058649201273323,0.39922406838241575,-0.0007759316175842641,-0.4,0.23143354165070776,0.4,0.30898195011532886,0.023093963471002548,0.322,0.0004218988521425429
59,power,static,RV,,1,0.47426148214692176,0.3898418996078666,-0.010158100392133386,-0.4,0.24647199156933222,0.4,0.2678742226538524,0.023093963471002548,0.528,0.03477093929816968
59,power,static,RV,,2,0.5920830380845928,0.39376746794015965,-0.006232532059840387,-0.4,0.33862213716881456,0.4,0.4416217086354323,0.023093963471002548,0.302,0.01423929621157301
59,power,static,RV,,3,0.537461619636197,0.3557668234363473,-0.04423317656365276,-0.4,0.38443622011254663,0.4,0.4006672053116258,0.023093963471002548,0.558,0.10574984204158004
59,power,static,RV,,4,0.514338783632335,0.400402643780243,0.0004026437802429852,-0.4,0.2660679646433878,0.4,0.3212569124038249,0.023093963471002548,0.408,-0.0031265807800822496
59,power,static,RV,,5,0.5948956767969417,0.3742202180652179,-0.025779781934782177,-0.4,0.45334420012248533,0.4,0.4612169458609425,0.023093963471002548,0.534,0.05407896188345941
60,power,static,RV,,1,0.5944753741880683,0.3952292966434924,-0.004770703356507637,-0.4,0.4384418560004023,0.4,0.443043375418025,0.023093963471002548,0.506,0.00969608858262359
60,power,static,RV,,2,0.6027941154887783,0.38327754079219806,-0.016722459207801948,-0.4,0.4533553723664144,0.4,0.46494354188845033,0.023093963471002548,0.514,0.03654552000463698
60,power,static,RV,,3,0.5656312416623832,0.41290204672602415,0.0129020467260241,-0.4,0.3738205520824265,0.4,0.38514609971938807,0.023093963471002548,0.486,-0.035302072526438265
60,power,static,RV,,4,0.6028014954727495,0.4002103738020746,0.00021037380207456158,-0.4,0.4432580285204931,0.4,0.4499098395125208,0.023093963471002548,0.502,-0.0011577593720828335
60,power,static,RV,,5,0.5743710221862335,0.40953883995298895,0.0095388399529889,-0.4,0.3990953718979381,0.4,0.401918302924042,0.023093963471002548,0.488,-0.02402349633947557
61,power,static,RV,,1,0.4707251737954204,0.39492039967523807,-0.005079600324761989,-0.4,0.23251094775972653,0.4,0.25390061517776674,0.023093963471002548,0.536,0.01691634312985309
61,power,static,RV,,2,0.6006982756438997,0.3485639884141007,-0.05143601158589938,-0.4,0.4111853038298477,0.4,0.4887783432006988,0.023093963471002548,0.4,0.1047257815292527
61,power,static,RV,,3,0.4985166300356631,0.39395557146274085,-0.006044428537259174,-0.4,0.2862241240667322,0.4,0.3029686729372567,0.023093963471002548,0.524,0.015818070775489433
61,power,static,RV,,4,0.4689138006686053,0.4013647348554133,0.0013647348554133001,-0.4,0.1596977426689997,0.4,0.23945316009944217,0.023093963471002548,0.296,-0.010460153754059507
61,power,static,RV,,5,0.548916777702611,0.3881387580628005,-0.011861241937199566,-0.4,0.37666833712910613,0.4,0.3862071744603828,0.023093963471002548,0.522,0.02751825811923772
62,power,static,RV,,1,0.5453899769117275,0.40148456860452386,0.0014845686045238614,-0.4,0.3525934069994438,0.4,0.36685684509738664,0.023093963471002548,0.506,-0.007928341562755188
62,power,static,RV,,2,0.6238849521603862,0.3931310170884761,-0.006868982911523926,-0.4,0.4549393134089904,0.4,0.48171579678947096,0.023093963471002548,0.486,0.0088023765378641
62,power,static,RV,,3,0.5872927312532863,0.4030433295235166,0.0030433295235165695,-0.4,0.4091905036630977,0.4,0.4251456836595892,0.023093963471002548,0.502,-0.010629279331151873
62,power,static,RV,,4,0.43497921939548306,0.4016329214460753,0.0016329214460752888,-0.4,0.0986176906418563,0.4,0.16540692468036014,0.023093963471002548,0.19,-0.009893999814359965
62,power,static,RV,,5,0.5598566238916387,0.3946490582207256,-0.005350941779274418,-0.4,0.3863178870442988,0.4,0.3954249059558004,0.023093963471002548,0.51,0.010992198235266806
63,power,static,RV,,1,0.49283988181929145,0.37629189188426626,-0.023708108115733737,-0.4,0.31117534886011483,0.4,0.3165826160910048,0.023093963471002548,0.536,0.07244079605469798
63,power,static,RV,,2,0.5336421248201912,0.3777513689078752,-0.02224863109212488,-0.4,0.2819393150539969,0.4,0.3766844001004386,0.023093963471002548,0.426,0.06001001540590467
63,power,static,RV,,3,0.5399087556372089,0.36556114738137374,-0.03443885261862628,-0.4,0.3930498585152649,0.4,0.39704607519057816,0.023093963471002548,0.542,0.08724777892440315
63,power,static,RV,,4,0.4525139881332161,0.37590700631682405,-0.024092993683176026,-0.4,0.197871688283275,0.4,0.2505092919444848,0.023093963471002548,0.374,0.09470938551188315
63,power,static,RV,,5,0.5214482665344015,0.3710128561988288,-0.028987143801171227,-0.4,0.3501443063809249,0.4,0.3650628565779274,0.023093963471002548,0.546,0.07747694107819882
64,power,static,RV,,1,0.5398974548537834,0.3803195350622454,-0.01968046493775465,-0.4,0.3814382457842805,0.4,0.38255573652034164,0.023093963471002548,0.524,0.051408329679281946
64,power,static,RV,,2,0.5802705483099394,0.3902162876799582,-0.009783712320041844,-0.4,0.3929013521097942,0.4,0.42883683394479555,0.023093963471002548,0.486,0.022739268320673637
64,power,static,RV,,3,0.5715350979638312,0.38147855755594645,-0.018521442444053564,-0.4,0.42213003743642447,0.4,0.42504246561634756,0.023093963471002548,0.522,0.043661135199121674
64,power,static,RV,,4,0.4764110506830617,0.3764347852260561,-0.0235652147739439,-0.4,0.2540985013036162,0.4,0.2918703626840329,0.023093963471002548,0.458,0.08229184873448005
64,power,static,RV,,5,0.5375276725339795,0.3726964051403065,-0.027303594859693518,-0.4,0.3832980167826964,0.4,0.3871168791843216,0.023093963471002548,0.534,0.07139464797553101
65,power,static,RV,,1,0.4806361628104355,0.3989571515387724,-0.0010428484612275248,-0.4,0.23392240586867755,0.4,0.2668837708470304,0.023093963471002548,0.426,0.003508043108787707
65,power,static,RV,,2,0.46737814618529405,0.3881548469334084,-0.011845153066591585,-0.4,0.18159189672408066,0.4,0.2582287292853452,0.023093963471002548,0.312,0.04302976988788193
65,power,static,RV,,3,0.4868345723926797,0.3972295308688955,-0.0027704691311045224,-0.4,0.2746727465321944,0.4,0.2807753496622428,0.023093963471002548,0.508,0.010523764955069894
65,power,static,RV,,4,0.49837754516118044,0.3800084094006265,-0.019991590599373443,-0.4,0.23748967345229247,0.4,0.3233618447449091,0.023093963471002548,0.312,0.0659272379567213
65,power,static,RV,,5,0.4614061579609865,0.39284665141714903,-0.007153348582850989,-0.4,0.18840585791041695,0.4,0.24035999560456972,0.023093963471002548,0.416,0.02834442664186516
66,power,static,RV,,1,0.5131494757777938,0.34538187034121587,-0.05461812965878412,-0.4,0.3744201119539397,0.4,0.378797205538708,0.023093963471002548,0.574,0.14243247259878547
66,power,static,RV,,2,0.6268953653881205,0.34562841194752625,-0.05437158805247375,-0.4,0.513676682490078,0.4,0.5231212245259756,0.023093963471002548,0.554,0.1047512195529742
66,power,static,RV,,3,0.55479354436801,0.34660929566938,-0.05339070433062005,-0.4,0.43269836709362197,0.4,0.43311685337531014,0.023093963471002548,0.562,0.12347307451669715
66,power,static,RV,,4,0.41292815016433543,0.38546125474846565,-0.014538745251534419,-0.4,0.05839320212076167,0.4,0.1432241125946474,0.023093963471002548,0.102,0.09317098696204971
66,power,static,RV,,5,0.5254521420003005,0.35445147848604236,-0.04554852151395771,-0.4,0.3894959522500644,0.4,0.38751880390976967,0.023093963471002548,0.558,0.11730893961036026
67,power,static,RV,,1,0.5308914288827984,0.40969829553856935,0.009698295538569287,-0.4,0.33124312495877745,0.4,0.3357284896428014,0.023093963471002548,0.488,-0.03159928036009225
67,power,static,RV,,2,0.46233595499218705,0.41145856360980426,0.011458563609804276,-0.4,0.11594881714374358,0.4,0.20848059460717136,0.023093963471002548,0.144,-0.05753090771455296
67,power,static,RV,,3,0.5331168708955024,0.3960831971702305,-0.0039168028297695175,-0.4,0.3403304387559538,0.4,0.3547597549674883,0.023093963471002548,0.5,0.007701637538148327
67,power,static,RV,,4,0.6698893962015611,0.4210538642338389,0.02105386423383886,-0.4,0.510192700379312,0.4,0.5189399311993929,0.023093963471002548,0.484,-0.04439501071909179
67,power,static,RV,,5,0.5610572757557454,0.41829804035676416,0.01829804035676413,-0.4,0.3578423105588057,0.4,0.3725106517482988,0.023093963471002548,0.478,-0.05070164473039225
68,power,static,RV,,1,0.5315076653475176,0.36454001542307046,-0.03545998457692953,-0.4,0.38126211006297867,0.4,0.3861894356282729,0.023093963471002548,0.546,0.09149152330919777
68,power,static,RV,,2,0.4525730614243932,0.3894529025378894,-0.01054709746211064,-0.4,0.13390204168489708,0.4,0.22975402504196632,0.023093963471002548,0.194,0.046711662226892534
68,power,static,RV,,3,0.5267336934468836,0.36267539293787626,-0.037324607062123746,-0.4,0.37723526922071726,0.4,0.38104578858246574,0.023093963471002548,0.546,0.09671910737694911
68,power,static,RV,,4,0.5072064651936645,0.37447396208241446,-0.025526037917585537,-0.4,0.2884146785459825,0.4,0.34155725256025793,0.023093963471002548,0.516,0.07501115005119953
68,power,static,RV,,5,0.46970251263254453,0.38512882385140973,-0.014871176148590298,-0.4,0.20474196062564903,0.4,0.26837751315482755,0.023093963471002548,0.33,0.05645829833438983
69,power,static,RV,,1,0.5177504705966969,0.37772304634551285,-0.022276953654487196,-0.4,0.33511641964983635,0.4,0.3537205429639438,0.023093963471002548,0.524,0.06366788166369178
69,power,static,RV,,2,0.5238942198797079,0.39214950088840517,-0.007850499111594852,-0.4,0.29455968507331864,0.4,0.34765536475868175,0.023093963471002548,0.43,0.02509904210299439
69,power,static,RV,,3,0.5317773732808735,0.3850182697055321,-0.014981730294467933,-0.4,0.34320947761573417,0.4,0.3667244378265344,0.023093963471002548,0.508,0.042355870573002705
69,power,static,RV,,4,0.5124306291403747,0.3626693153495037,-0.03733068465049635,-0.4,0.32726277553176863,0.4,0.3612993005375991,0.023093963471002548,0.478,0.10265488717518331
69,power,static,RV,,5,0.5204455573457702,0.3870970233514131,-0.012902976648586976,-0.4,0.31487678385359447,0.4,0.34802923963950416,0.023093963471002548,0.46,0.039274203483486515
70,power,static,RV,,1,0.509722185367214,0.39003339775786144,-0.009966602242138606,-0.4,0.31508167839586904,0.4,0.32771341782462166,0.023093963471002548,0.51,0.0312567339988252
70,power,static,RV,,2,0.6575892200706919,0.3627344102490424,-0.037265589750957596,-0.4,0.512683464149749,0.4,0.5482373119255189,0.023093963471002548,0.472,0.06827232366644657
70,power,static,RV,,3,0.5539816285559451,0.3909908323556517,-0.009009167644348356,-0.4,0.3877320040324568,0.4,0.3928402331860689,0.023093963471002548,0.51,0.025540979197836745
70,power,static,RV,,4,0.4404078904918749,0.40506984460585566,0.005069844605855687,-0.4,0.151406067372529,0.4,0.17251183461000932,0.023093963471002548,0.406,-0.026317927841658862
70,power,static,RV,,5,0.5774290093414537,0.37022437686255705,-0.029775623137442968,-0.4,0.4331104883814529,0.4,0.4434138264419711,0.023093963471002548,0.534,0.06910968588351188
71,power,static,RV,,1,0.5254782810982144,0.41195303955345924,0.011953039553459208,-0.4,0.29897706408008284,0.4,0.3246896455298695,0.023093963471002548,0.442,-0.038515254220047195
71,power,static,RV,,2,0.5133330352508076,0.40584152943908464,0.005841529439084572,-0.4,0.2768381021649969,0.4,0.312240647089994,0.023093963471002548,0.432,-0.02177454249596193
71,power,static,RV,,3,0.670910237255515,0.44004272749912365,0.04004272749912361,-0.4,0.48790629239473304,0.4,0.5062220545834695,0.023093963471002548,0.464,-0.07795904248221017
71,power,static,RV,,4,0.49021570297546696,0.3889594796299918,-0.01104052037000824,-0.4,0.18515819637587572,0.4,0.2957794969240543,0.023093963471002548,0.278,0.03300957267154474
71,power,static,RV,,5,0.6261339066728487,0.4115204038534548,0.011520403853454781,-0.4,0.46804877314393944,0.4,0.4710219998327961,0.023093963471002548,0.49,-0.02520379475018361
72,power,static,RV,,1,0.5070970948921651,0.36606067276719884,-0.033939327232801186,-0.4,0.34825874987109756,0.4,0.3509472542163209,0.023093963471002548,0.546,0.09804622656331002
72,power,static,RV,,2,0.4476805164087338,0.38391575673293526,-0.01608424326706474,-0.4,0.16998595891971147,0.4,0.2287354702473567,0.023093963471002548,0.336,0.0690851785034607
72,power,static,RV,,3,0.5631527971442473,0.36858238234827306,-0.03141761765172694,-0.4,0.4191497534954051,0.4,0.42519070337130543,0.023093963471002548,0.54,0.07366198016112918
72,power,static,RV,,4,0.5655597774434277,0.3478054729163283,-0.05219452708367166,-0.4,0.3650435058669141,0.4,0.4441960024991931,0.023093963471002548,0.5,0.11358849628551974
72,power,static,RV,,5,0.540956912999766,0.37532918101938717,-0.024670818980612814,-0.4,0.3852143587450161,0.4,0.3883886450597842,0.023093963471002548,0.536,0.062058654202620245
73,power,static,RV,,1,0.49419343278602035,0.3992099069089812,-0.0007900930910188074,-0.4,0.2792737115918427,0.4,0.2888760450763505,0.023093963471002548,0.492,-0.0010532974644540827
73,power,static,RV,,2,0.5142346541677207,0.39739755693067685,-0.0026024430693232185,-0.4,0.275901292463946,0.4,0.32534482894770295,0.023093963471002548,0.436,0.007487341779547466
73,power,static,RV,,3,0.5098774417810658,0.4000867564618875,8.67564618874681e-05,-0.4,0.28134346899678997,0.4,0.31502642415425575,0.023093963471002548,0.43,-0.0007923403038848754
73,power,static,RV,,4,0.500699158623663,0.39321715577562394,-0.00678284422437605,-0.4,0.21114326666402916,0.4,0.3081348663134688,0.023093963471002548,0.314,0.019543369790033273
73,power,static,RV,,5,0.5125702486114235,0.4011170618624455,0.0011170618624454587,-0.4,0.30936596934451155,0.4,0.31716569543467005,0.023093963471002548,0.502,-0.006293765359728441
74,power,static,RV,,1,0.5091778996033577,0.3513425958090182,-0.04865740419098178,-0.4,0.36728892768866184,0.4,0.3682208749026299,0.023093963471002548,0.568,0.13179133789098338
74,power,static,RV,,2,0.438896853712661,0.3847714377521034,-0.015228562247896609,-0.4,0.11391805893610812,0.4,0.21081604843515275,0.023093963471002548,0.216,0.07426291981166672
74,power,static,RV,,3,0.5418124466592444,0.34912226747268255,-0.05087773252731742,-0.4,0.3932806619352961,0.4,0.4142076093687551,0.023093963471002548,0.568,0.12298911592945388
74,power,static,RV,,4,0.5342540899022978,0.37101413110663783,-0.028985868893362174,-0.4,0.3189012447485615,0.4,0.38231238652190935,0.023093963471002548,0.436,0.07195986516004291
74,power,static,RV,,5,0.47672843507838963,0.372421413815872,-0.027578586184128038,-0.4,0.24187671724980736,0.4,0.2965094131686864,0.023093963471002548,0.478,0.09194953278359516
75,power,static,RV,,1,0.4946514922378732,0.38420060744733214,-0.015799392552667886,-0.4,0.3042350526470063,0.4,0.3108975861157926,0.023093963471002548,0.528,0.051152418749422286
75,power,static,RV,,2,0.6152609315015374,0.3430253540716031,-0.056974645928396926,-0.4,0.4963031269575027,0.4,0.5117501119327065,0.023093963471002548,0.556,0.11420221295083627
75,power,static,RV,,3,0.47136360498671076,0.389777752420088,-0.010222247579912023,-0.4,0.22207886853810754,0.4,0.2649505734251072,0.023093963471002548,0.424,0.0407254063007639
75,power,static,RV,,4,0.4876856573388544,0.39682102056630864,-0.0031789794336914055,-0.4,0.2188902366880108,0.4,0.2824328127150537,0.023093963471002548,0.42,0.010932512315018086
75,power,static,RV,,5,0.5238200720806205,0.37278653565375225,-0.02721346434624772,-0.4,0.3538002410826386,0.4,0.36809131591266475,0.023093963471002548,0.538,0.07565936546782401
76,power,static,RV,,1,0.5388423739531819,0.4020617796486084,0.0020617796486083824,-0.4,0.35026230905140765,0.4,0.35898738607710245,0.023093963471002548,0.506,-0.003273087284814649
76,power,static,RV,,2,0.506841776145721,0.3857695060110402,-0.01423049398895984,-0.4,0.3114353044621358,0.4,0.329474940792267,0.023093963471002548,0.508,0.04692633179116527
76,power,static,RV,,3,0.5601984323723737,0.39473767562864126,-0.005262324371358757,-0.4,0.395570661236592,0.4,0.39786190725857423,0.023093963471002548,0.51,0.015784466232733822
76,power,static,RV,,4,0.45639809869726244,0.40103948744078066,0.0010394874407806092,-0.4,0.1323783133781469,0.4,0.21689578541935628,0.023093963471002548,0.24,-0.004148444454625671
76,power,static,RV,,5,0.4873732886544135,0.38455476773486874,-0.015445232265131293,-0.4,0.275557695377559,0.4,0.299932755079172,0.023093963471002548,0.452,0.054843300426979484
77,power,static,RV,,1,0.5335042102305807,0.3932528769486397,-0.006747123051360324,-0.4,0.3298690939164652,0.4,0.35963161544646643,0.023093963471002548,0.514,0.018342703784985964
77,power,static,RV,,2,0.5150329781047309,0.39907488846610223,-0.0009251115338978107,-0.4,0.26304272609344326,0.4,0.3236031627753267,0.023093963471002548,0.418,-2.2268683893406344e-05
77,power,static,RV,,3,0.5961745309013917,0.39188548130823947,-0.008114518691760516,-0.4,0.44471987892477377,0.4,0.4491843136273458,0.023093963471002548,0.508,0.019282123198633018
77,power,static,RV,,4,0.5275054921398363,0.4031453151508617,0.0031453151508617373,-0.4,0.27156941163760595,0.4,0.33930210493294793,0.023093963471002548,0.338,-0.009536043640331053
77,power,static,RV,,5,0.5587684210400952,0.3977880423458067,-0.002211957654193279,-0.4,0.38306710766637375,0.4,0.39113782395513513,0.023093963471002548,0.508,0.004163119156990417
78,power,static,RV,,1,0.47104792271214235,0.375181299305599,-0.02481870069440096,-0.4,0.25253564059311967,0.4,0.28457938643339986,0.023093963471002548,0.468,0.08845720075245549
78,power,static,RV,,2,0.6131450124014962,0.3754497326580606,-0.024550267341939415,-0.4,0.38886566521508154,0.4,0.4850918397991742,0.023093963471002548,0.412,0.05267838242047163
78,power,static,RV,,3,0.4856687443879595,0.3762302244085253,-0.02376977559147472,-0.4,0.275974639525165,0.4,0.3071613966302035,0.023093963471002548,0.45,0.07928056481839157
78,power,static,RV,,4,0.45174047210292945,0.38135032010588565,-0.018649679894114393,-0.4,0.18314020861710834,0.4,0.2404927927724629,0.023093963471002548,0.334,0.0757836791735327
78,power,static,RV,,5,0.5215033516997266,0.37727100052339335,-0.022728999476606653,-0.4,0.3135892741395173,0.4,0.36054387789344966,0.023093963471002548,0.442,0.06589571178089698
79,power,static,RV,,1,0.4636590376439462,0.37698884133026034,-0.023011158669739625,-0.4,0.2608169329773242,0.4,0.2680255721136308,0.023093963471002548,0.54,0.0831333002533509
79,power,static,RV,,2,0.5113461022365755,0.36391750778126913,-0.036082492218730916,-0.4,0.2910025624481887,0.4,0.3595683643805719,0.023093963471002548,0.474,0.10238885327733911
79,power,static,RV,,3,0.5398164037395607,0.36523029560170817,-0.03476970439829182,-0.4,0.38293346019361274,0.4,0.3962733319642024,0.023093963471002548,0.546,0.08587182355781588
79,power,static,RV,,4,0.4758865323487353,0.3735947375476624,-0.026405262452337628,-0.4,0.23693296812451478,0.4,0.2941396720171413,0.023093963471002548,0.364,0.08992433711775691
79,power,static,RV,,5,0.5411724247557177,0.35543539990149564,-0.04456460009850439,-0.4,0.3833953194424665,0.4,0.4082576867843074,0.023093963471002548,0.556,0.11038230138549815
80,power,static,RV,,1,0.5220611447328514,0.3821735279210769,-0.017826472078923135,-0.4,0.3295958486061368,0.4,0.35429753181950446,0.023093963471002548,0.534,0.04865112993580569
80,power,static,RV,,2,0.5142068288646262,0.38575362823420245,-0.014246371765797584,-0.4,0.2765914253226336,0.4,0.33939412289454074,0.023093963471002548,0.368,0.042306041350619106
80,power,static,RV,,3,0.5669508022671076,0.3995998887567977,-0.0004001112432023346,-0.4,0.33348364421803567,0.4,0.4000195379145557,0.023093963471002548,0.438,-0.002758052766006149
80,power,static,RV,,4,0.5147504663461461,0.4020813563489219,0.0020813563489218527,-0.4,0.255472904235079,0.4,0.32039727028304327,0.023093963471002548,0.396,-0.006917110429014061
80,power,static,RV,,5,0.5018850917889013,0.38961119608204037,-0.01038880391795965,-0.4,0.2699958546560679,0.4,0.31486923836514596,0.023093963471002548,0.396,0.031274242963139284
81,power,static,RV,,1,0.5714073879213649,0.35895560882667804,-0.04104439117332197,-0.4,0.44243451421748065,0.4,0.4430971166779427,0.023093963471002548,0.546,0.08987015665420656
81,power,static,RV,,2,0.4302278458657396,0.3844948531087508,-0.01550514689124918,-0.4,0.11025639663155812,0.4,0.19382143765310175,0.023093963471002548,0.228,0.08500327269889014
81,power,static,RV,,3,0.5740142660437124,0.3603979453940774,-0.039602054605922574,-0.4,0.4326515912619441,0.4,0.4458372293492292,0.023093963471002548,0.546,0.08749010821415736
81,power,static,RV,,4,0.511237267842177,0.3739833990394423,-0.02601660096055771,-0.4,0.3052732398006419,0.4,0.3475458386496978,0.023093963471002548,0.466,0.07388585451583676
81,power,static,RV,,5,0.4701963988491012,0.37789932549987043,-0.022100674500129598,-0.4,0.19871867353704886,0.4,0.28050902194308475,0.023093963471002548,0.312,0.08259107301604217
82,power,static,RV,,1,0.5790291074606443,0.3672935687861732,-0.03270643121382679,-0.4,0.4418531589527031,0.4,0.4461599346093675,0.023093963471002548,0.538,0.07081818489253189
82,power,static,RV,,2,0.6066453264822804,0.3579795063725652,-0.042020493627434846,-0.4,0.4710146822876333,0.4,0.4893754945022281,0.023093963471002548,0.544,0.08579592212768279
82,power,static,RV,,3,0.6149645974370548,0.34727646498130715,-0.05272353501869292,-0.4,0.5014496789259083,0.4,0.5064748136735784,0.023093963471002548,0.554,0.10206743640001997
82,power,static,RV,,4,0.4075324230843957,0.3967150207256301,-0.0032849792743699638,-0.4,0.037975852805424835,0.4,0.09128582543654311,0.023093963471002548,0.116,0.038178129961799166
82,power,static,RV,,5,0.5232344199908867,0.3822441823921195,-0.017755817607880496,-0.4,0.33446309308120226,0.4,0.3578021552270607,0.023093963471002548,0.52,0.052588777342430164
83,power,static,RV,,1,0.5974254150407032,0.37211192668862897,-0.02788807331137104,-0.4,0.4625211864326457,0.4,0.4653699251053956,0.023093963471002548,0.532,0.05611338980270711
83,power,static,RV,,2,0.5738368570352199,0.38918978469233073,-0.010810215307669338,-0.4,0.37718250572225054,0.4,0.41962072887062823,0.023093963471002548,0.438,0.022127633439945768
83,power,static,RV,,3,0.47507468877067527,0.389807793618172,-0.010192206381828033,-0.4,0.22658536777956623,0.4,0.2692946283587765,0.023093963471002548,0.442,0.0345491314787602
83,power,static,RV,,4,0.5987971209979437,0.3680702061716373,-0.03192979382836269,-0.4,0.4606797239719997,0.4,0.47128988721856935,0.023093963471002548,0.52,0.06633372813011518
83,power,static,RV,,5,0.4666678739853954,0.3984555872853985,-0.0015444127146015808,-0.4,0.20608402196734033,0.4,0.2407476557780869,0.023093963471002548,0.43,0.0037126012465510615
84,power,static,RV,,1,0.5620350104117712,0.3989583653673651,-0.0010416346326349525,-0.4,0.3800828914141192,0.4,0.39471649917011536,0.023093963471002548,0.502,0.0014295849716618667
84,power,static,RV,,2,0.43658083788165497,0.38976353016187354,-0.010236469838126518,-0.4,0.13723197585745742,0.4,0.19633317893548477,0.023093963471002548,0.292,0.054474468213717646
84,power,static,RV,,3,0.5832097723465993,0.3826036063753438,-0.017396393624656212,-0.4,0.4366498608523098,0.4,0.4398199877877919,0.023093963471002548,0.516,0.04009993343744125
84,power,static,RV,,4,0.5617468915030794,0.38194325568614185,-0.018056744313858175,-0.4,0.37164661405427046,0.4,0.41012823199174037,0.023093963471002548,0.496,0.04105262822500406
84,power,static,RV,,5,0.5240678677589422,0.4024441083760801,0.002444108376080007,-0.4,0.29631551018720786,0.4,0.3354929085965785,0.023093963471002548,0.422,-0.0057740102671643605
85,power,static,RV,,1,0.5408741486596214,0.3988126547754176,-0.0011873452245824026,-0.4,0.355870979528546,0.4,0.3636816931617944,0.023093963471002548,0.494,0.0008724872490272152
85,power,static,RV,,2,0.4193983098554363,0.40832126078531744,0.008321260785317452,-0.4,0.031204727944940443,0.4,0.08969512437468734,0.023093963471002548,0.044,-0.10039798920050104
85,power,static,RV,,3,0.6125344226345593,0.37734558981154076,-0.022654410188459262,-0.4,0.4763549263977304,0.4,0.4802107659525633,0.023093963471002548,0.52,0.042702395895600515
85,power,static,RV,,4,0.5814859540266816,0.34731528930598726,-0.05268471069401278,-0.4,0.4107087210543283,0.4,0.4645931116016983,0.023093963471002548,0.446,0.1095065270792132
85,power,static,RV,,5,0.5305426776524448,0.39353616764395066,-0.006463832356049374,-0.4,0.3095075841631482,0.4,0.35388798942169114,0.023093963471002548,0.426,0.015288585674570938
86,power,static,RV,,1,0.501046150446631,0.4071751969458004,0.007175196945800337,-0.4,0.28209514998886254,0.4,0.29296325173995746,0.023093963471002548,0.496,-0.01973741812806039
86,power,static,RV,,2,0.575281988005549,0.39102648492784303,-0.008973515072157014,-0.4,0.31921538596273663,0.4,0.4226364035354986,0.023093963471002548,0.362,0.024460681245913364
86,power,static,RV,,3,0.5672933711829223,0.41015869823126205,0.010158698231262076,-0.4,0.38940093453591207,0.4,0.39248446620213273,0.023093963471002548,0.494,-0.022698106433854205
86,power,static,RV,,4,0.5049134676486461,0.4197738111321827,0.019773811132182666,-0.4,0.2339869578631465,0.4,0.28098527957332353,0.023093963471002548,0.36,-0.06672242972557449
86,power,static,RV,,5,0.5963237271501289,0.40970630827549237,0.009706308275492336,-0.4,0.42600948698859575,0.4,0.433885353187891,0.023093963471002548,0.484,-0.019317021348385068
87,power,static,RV,,1,0.6176717643131123,0.39555293558953647,-0.004447064410463609,-0.4,0.4669076466337814,0.4,0.47316612832993804,0.023093963471002548,0.51,0.007703159525452095
87,power,static,RV,,2,0.4892536344764825,0.38996266823350884,-0.010037331766491174,-0.4,0.24157432130443948,0.4,0.29429647730033154,0.023093963471002548,0.398,0.03337499677112069
87,power,static,RV,,3,0.580965495119067,0.4059128725767208,0.005912872576720808,-0.4,0.398873899930971,0.4,0.4146889968302889,0.023093963471002548,0.494,-0.015001768493546286
87,power,static,RV,,4,0.620695204598512,0.40102352047149203,0.0010235204714919871,-0.4,0.44363027533268534,0.4,0.47134411016074873,0.023093963471002548,0.508,-0.006785438664151164
87,power,static,RV,,5,0.5117520293188248,0.4018331293363603,0.0018331293363602454,-0.4,0.27754611675784036,0.4,0.3151829492856584,0.023093963471002548,0.438,-0.00797067072502764
88,power,static,RV,,1,0.4984749891588928,0.391771710416535,-0.008228289583465,-0.4,0.3004251555014312,0.4,0.3071772863085827,0.023093963471002548,0.514,0.02632238217406268
88,power,static,RV,,2,0.6549724226946038,0.40782206632046986,0.007822066320469815,-0.4,0.4840543529927169,0.4,0.5117639983753659,0.023093963471002548,0.504,-0.01582863086491125
88,power,static,RV,,3,0.5307696887266903,0.3964863679545877,-0.0035136320454123484,-0.4,0.3154758493764441,0.4,0.3515466901396494,0.023093963471002548,0.416,0.008569827126376309
88,power,static,RV,,4,0.40103573556814615,0.4,0.0,-0.4,0.002178728621792025,0.4,0.017224362120655905,0.023093963471002548,0.008,2.525616286835471e-05
88,power,static,RV,,5,0.5232492785331812,0.4013807196269385,0.0013807196269384728,-0.4,0.2940496524859962,0.4,0.3340456790144613,0.023093963471002548,0.406,-0.006231434101903968
89,power,static,RV,,1,0.5477304854284549,0.3705310055324515,-0.029468994467548495,-0.4,0.39716757653110646,0.4,0.4016095827312337,0.023093963471002548,0.538,0.07029493174433765
89,power,static,RV,,2,0.6987234408548536,0.3607195935750458,-0.039280406424954215,-0.4,0.5893616203570005,0.4,0.5966947620358583,0.023093963471002548,0.538,0.062411035030450986
89,power,static,RV,,3,0.5038104579783452,0.3846309970522294,-0.015369002947770594,-0.4,0.3032336729489255,0.4,0.32248534159206466,0.023093963471002548,0.504,0.0422917734450839
89,power,static,RV,,4,0.5444675166339585,0.37088614132018666,-0.02911385867981336,-0.4,0.35555879461669,0.4,0.3971515426013742,0.023093963471002548,0.498,0.0710282472805691
89,power,static,RV,,5,0.5750078556182174,0.36452273565428356,-0.035477264345716505,-0.4,0.4359046756771402,0.4,0.443051018538707,0.023093963471002548,0.54,0.07707649118792151
90,power,static,RV,,1,0.5464325851160544,0.35586419027543603,-0.044135809724563935,-0.4,0.4105966372578306,0.4,0.411825277883447,0.023093963471002548,0.554,0.10091270761119189
90,power,static,RV,,2,0.4321225231812395,0.38019435991039485,-0.019805640089605184,-0.4,0.16153119787585937,0.4,0.20464083840109723,0.023093963471002548,0.364,0.09756263443962472
90,power,static,RV,,3,0.5505574333575772,0.3676954277201852,-0.03230457227981486,-0.4,0.3902784033002489,0.4,0.40785821008136053,0.023093963471002548,0.556,0.07567937601220792
90,power,static,RV,,4,0.5137887560400413,0.3819414930406519,-0.018058506959348138,-0.4,0.29909622065263136,0.4,0.34195436192356904,0.023093963471002548,0.44,0.05034000074939173
90,power,static,RV,,5,0.47623151801057984,0.38994833336969575,-0.01005166663030424,-0.4,0.2093698855987259,0.4,0.27130204882665865,0.023093963471002548,0.408,0.03421114073684126
91,power,static,RV,,1,0.5376648237434276,0.40003485901688984,3.48590168898637e-05,-0.4,0.3439830390675629,0.4,0.35895305770246816,0.023093963471002548,0.504,0.0010331199896057208
91,power,static,RV,,2,0.5111623509394978,0.38541104254497827,-0.014588957455021796,-0.4,0.2974122362703283,0.4,0.335440391349877,0.023093963471002548,0.434,0.04452454631603415
91,power,static,RV,,3,0.499124112873707,0.3846685246653432,-0.015331475334656848,-0.4,0.2902638668470836,0.4,0.318930400244305,0.023093963471002548,0.512,0.0522155843137305
91,power,static,RV,,4,0.5056083251664907,0.3875518376071059,-0.012448162392894105,-0.4,0.2749679701436279,0.4,0.32516486658054733,0.023093963471002548,0.418,0.04134402242487552
91,power,static,RV,,5,0.4688739653193706,0.38344561628482315,-0.016554383715176854,-0.4,0.1709192229787448,0.4,0.2699615876107826,0.023093963471002548,0.382,0.06387443265912446
92,power,static,RV,,1,0.5316001391226989,0.3717018250177102,-0.028298174982289724,-0.4,0.37341688482727503,0.4,0.37860923648409905,0.023093963471002548,0.542,0.07257594759655522
92,power,static,RV,,2,0.4811057200143639,0.38152480018223844,-0.018475199817761648,-0.4,0.2280604175517881,0.4,0.2920649124337333,0.023093963471002548,0.35,0.06274332871390442
92,power,static,RV,,3,0.5951175287179804,0.39998094883785407,-1.9051162145928836e-05,-0.4,0.43193988725052485,0.4,0.43931362152333964,0.023093963471002548,0.508,-0.0018040289409368693
92,power,static,RV,,4,0.5255259818054003,0.3750055420942318,-0.024994457905768222,-0.4,0.33813799851998466,0.4,0.3664627207332195,0.023093963471002548,0.47,0.06548678872180946
92,power,static,RV,,5,0.5297720870558991,0.3744463764138868,-0.025553623586113176,-0.4,0.3631039681251457,0.4,0.37416656065548537,0.023093963471002548,0.532,0.0683075236858159
93,power,static,RV,,1,0.5373061482363961,0.3997518185956574,-0.00024818140434267733,-0.4,0.34368317133274945,0.4,0.35644364370877296,0.023093963471002548,0.508,-0.0038946667117286554
93,power,static,RV,,2,0.5115621311028165,0.4091078605346285,0.009107860534628465,-0.4,0.25268149821706753,0.4,0.3037131956277679,0.023093963471002548,0.392,-0.036297266033602935
93,power,static,RV,,3,0.5607649118343838,0.3944659239025347,-0.005534076097465296,-0.4,0.3853938939167691,0.4,0.3960859987995124,0.023093963471002548,0.516,0.009421961584637475
93,power,static,RV,,4,0.4867422829861318,0.38793674509139364,-0.012063254908606378,-0.4,0.24852316366796315,0.4,0.2924482074899247,0.023093963471002548,0.408,0.039594363477218106
93,power,static,RV,,5,0.5217191842326444,0.3999594049174767,-4.0595082523335435e-05,-0.4,0.32283191619669954,0.4,0.33224663729248444,0.023093963471002548,0.508,-0.004769180844419958
94,power,static,RV,,1,0.4759772305495134,0.36649409932827565,-0.03350590067172434,-0.4,0.2972006778218646,0.4,0.3027994874185196,0.023093963471002548,0.548,0.10973598198663799
94,power,static,RV,,2,0.5285357231492551,0.37929795015927176,-0.0207020498407283,-0.4,0.2803406765537674,0.4,0.3666216741862641,0.023093963471002548,0.408,0.054454180653370245
94,power,static,RV,,3,0.5374757489806272,0.3570257534159679,-0.04297424658403213,-0.4,0.3976006763802668,0.4,0.4009854506915603,0.023093963471002548,0.556,0.10610530782966326
94,power,static,RV,,4,0.4614625068377114,0.3606020651057312,-0.039397934894268856,-0.4,0.2225730243068861,0.4,0.28656692133691386,0.023093963471002548,0.372,0.13485378993759128
94,power,static,RV,,5,0.5336924995933456,0.3599789979066527,-0.04002100209334735,-0.4,0.3480213503816179,0.4,0.3935465992104884,0.023093963471002548,0.454,0.10153775602179584
95,power,static,RV,,1,0.5473234470995346,0.37752484284215415,-0.02247515715784585,-0.4,0.39137063323908666,0.4,0.3959888418211217,0.023093963471002548,0.528,0.05752355315531109
95,power,static,RV,,2,0.482642165229941,0.37895874692588527,-0.021041253074114735,-0.4,0.20179090753256673,0.4,0.29937500974282677,0.023093963471002548,0.318,0.07342490430839038
95,power,static,RV,,3,0.5727474490685076,0.3767590567750648,-0.02324094322493517,-0.4,0.42147434546624035,0.4,0.431195290879787,0.023093963471002548,0.526,0.05480186611103932
95,power,static,RV,,4,0.5299169810081744,0.3702187273266507,-0.02978127267334939,-0.4,0.35085677910196184,0.4,0.3779012225718811,0.023093963471002548,0.522,0.0770915409657674
95,power,static,RV,,5,0.4998725244750408,0.37720188939603133,-0.0227981106039687,-0.4,0.27950652448524166,0.4,0.3287653074456639,0.023093963471002548,0.414,0.07295880137356679
96,power,static,RV,,1,0.5977721948378137,0.3913128674470336,-0.008687132552966407,-0.4,0.44943431169436615,0.4,0.45250140060761485,0.023093963471002548,0.51,0.02215430300182266
96,power,static,RV,,2,0.6528329125102076,0.3925664614898131,-0.007433538510186888,-0.4,0.4562079667791598,0.4,0.5217852018783388,0.023093963471002548,0.39,0.015920898182092993
96,power,static,RV,,3,0.5683186223110072,0.38245282493057425,-0.01754717506942578,-0.4,0.41295682211591167,0.4,0.4209584643514832,0.023093963471002548,0.516,0.0446098685611873
96,power,static,RV,,4,0.5275292681016512,0.3768994391178278,-0.023100560882172168,-0.4,0.31541806446122533,0.4,0.3707045563222588,0.023093963471002548,0.484,0.06787438933297094
96,power,static,RV,,5,0.5504072019422666,0.38916269137181975,-0.010837308628180255,-0.4,0.382661664414892,0.4,0.3883818617193511,0.023093963471002548,0.51,0.027439616450225048
97,power,static,RV,,1,0.5410537150451424,0.38151113289844213,-0.018488867101557827,-0.4,0.37838663596575794,0.4,0.38282274273360545,0.023093963471002548,0.524,0.04782828738714948
97,power,static,RV,,2,0.5341678183540748,0.3720795673557548,-0.027920432644245187,-0.4,0.33399838118893926,0.4,0.3829337785648802,0.023093963471002548,0.508,0.07350659556452727
97,power,static,RV,,3,0.6217736963604706,0.3773986198324533,-0.022601380167546693,-0.4,0.48788231138036076,0.4,0.4934348726302534,0.023093963471002548,0.524,0.04527210686034695
97,power,static,RV,,4,0.4676594287208752,0.3840523773361274,-0.015947622663872625,-0.4,0.20775857368945827,0.4,0.26508470938804457,0.023093963471002548,0.428,0.05804478768257569
97,power,static,RV,,5,0.5842655731777192,0.3755737867713528,-0.024426213228647256,-0.4,0.43863242140211034,0.4,0.44677767053512324,0.023093963471002548,0.528,0.054033997073856394
98,power,static,RV,,1,0.5411038849002404,0.39483268744059924,-0.005167312559400774,-0.4,0.3641753001410603,0.4,0.36849871984961174,0.023093963471002548,0.512,0.012047736248018932
98,power,static,RV,,2,0.5394198121144642,0.3786451094952371,-0.021354890504762886,-0.4,0.31778582991378734,0.4,0.3825374756032183,0.023093963471002548,0.378,0.053256189962257
98,power,static,RV,,3,0.5986500456333856,0.3905802857154388,-0.009419714284561226,-0.4,0.4361274056121191,0.4,0.4527251315398924,0.023093963471002548,0.52,0.019842900745785666
98,power,static,RV,,4,0.5109259113415555,0.41269850816740156,0.012698508167401541,-0.4,0.1935857795600472,0.4,0.2984592352901607,0.023093963471002548,0.342,-0.047091334686268936
98,power,static,RV,,5,0.5585160592035204,0.3829362718802817,-0.017063728119718378,-0.4,0.3979792166662489,0.4,0.4056229457853006,0.023093963471002548,0.522,0.0412333432657801
99,power,static,RV,,1,0.5073570530880128,0.358637040781536,-0.04136295921846399,-0.4,0.34877915602802045,0.4,0.3585948327515965,0.023093963471002548,0.556,0.11554804576181985
99,power,static,RV,,2,0.4852530763139379,0.36723667750831285,-0.03276332249168722,-0.4,0.2630675037193745,0.4,0.31749393091426853,0.023093963471002548,0.434,0.10532393309771276
99,power,static,RV,,3,0.5165696868224006,0.36131249618154865,-0.03868750381845143,-0.4,0.3565520438524287,0.4,0.36866053362997875,0.023093963471002548,0.558,0.10468696589074136
99,power,static,RV,,4,0.45231143192705825,0.372267071062138,-0.027732928937861952,-0.4,0.1528295202943534,0.4,0.25873637281217793,0.023093963471002548,0.216,0.11347192782897031
99,power,static,RV,,5,0.44743212712108976,0.3872323962853135,-0.012767603714686498,-0.4,0.14448971790493154,0.4,0.22443574084093418,0.023093963471002548,0.336,0.060354917597930144
