rep,setting,assumption,hypothesis,method,lag,source_t,pvalue,reject,stat,statistic
0,power,static,H0,RV,,1,0.07973421926910298,1,0.5548814822329484,likelihood
0,power,static,H0,TWFE,,1,0.5687286950312587,0,0.14797567756461824,likelihood
0,power,static,H0,RV,,2,0.10631229235880399,0,1.9083524806490377,likelihood
0,power,static,H0,TWFE,,2,0.5687286950312587,0,0.14797567756461824,likelihood
0,power,static,H0,RV,,3,0.1362126245847176,0,1.3111054459845208,likelihood
0,power,static,H0,TWFE,,3,0.5687286950312587,0,0.14797567756461824,likelihood
0,power,static,H0,RV,,4,0.10631229235880399,0,1.0365931505855568,likelihood
0,power,static,H0,TWFE,,4,0.5687286950312587,0,0.14797567756461824,likelihood
0,power,static,H0,RV,,5,0.10299003322259136,0,0.9500043873345337,likelihood
0,power,static,H0,TWFE,,5,0.5687286950312587,0,0.14797567756461824,likelihood
1,power,static,H0,RV,,1,0.8039867109634552,0,-1.231162507519031,likelihood
1,power,static,H0,TWFE,,1,0.14899807967884593,0,-0.3689261282303454,likelihood
1,power,static,H0,RV,,2,0.7641196013289037,0,0.8228905484240834,likelihood
1,power,static,H0,TWFE,,2,0.14899807967884593,0,-0.3689261282303454,likelihood
1,power,static,H0,RV,,3,0.8338870431893688,0,-1.2281578744913555,likelihood
1,power,static,H0,TWFE,,3,0.14899807967884593,0,-0.3689261282303454,likelihood
1,power,static,H0,RV,,4,0.7840531561461794,0,-0.634727120586762,likelihood
1,power,static,H0,TWFE,,4,0.14899807967884593,0,-0.3689261282303454,likelihood
1,power,static,H0,RV,,5,0.7807308970099668,0,-0.703151158599481,likelihood
1,power,static,H0,TWFE,,5,0.14899807967884593,0,-0.3689261282303454,likelihood
2,power,static,H0,RV,,1,0.019933554817275746,1,1.7627918163063303,likelihood
2,power,static,H0,TWFE,,1,0.3726908755833319,0,-0.25858670232626096,likelihood
2,power,static,H0,RV,,2,0.0033222591362126247,1,5.721440599314096,likelihood
2,power,static,H0,TWFE,,2,0.3726908755833319,0,-0.25858670232626096,likelihood
2,power,static,H0,RV,,3,0.06312292358803986,1,1.214694669447222,likelihood
2,power,static,H0,TWFE,,3,0.3726908755833319,0,-0.25858670232626096,likelihood
2,power,static,H0,RV,,4,0.2823920265780731,0,-0.5578875803362606,likelihood
2,power,static,H0,TWFE,,4,0.3726908755833319,0,-0.25858670232626096,likelihood
2,power,static,H0,RV,,5,0.036544850498338874,1,2.2222498403186064,likelihood
2,power,static,H0,TWFE,,5,0.3726908755833319,0,-0.25858670232626096,likelihood
3,power,static,H0,RV,,1,0.16943521594684385,0,0.06454444699050557,likelihood
3,power,static,H0,TWFE,,1,0.3307433603490958,0,-0.3321093377229742,likelihood
3,power,static,H0,RV,,2,0.12956810631229235,0,0.5237314538520631,likelihood
3,power,static,H0,TWFE,,2,0.3307433603490958,0,-0.3321093377229742,likelihood
3,power,static,H0,RV,,3,0.15282392026578073,0,-0.22734603516152915,likelihood
3,power,static,H0,TWFE,,3,0.3307433603490958,0,-0.3321093377229742,likelihood
3,power,static,H0,RV,,4,0.2059800664451827,0,1.5134657167292667,likelihood
3,power,static,H0,TWFE,,4,0.3307433603490958,0,-0.3321093377229742,likelihood
3,power,static,H0,RV,,5,0.17275747508305647,0,0.3109383360313446,likelihood
3,power,static,H0,TWFE,,5,0.3307433603490958,0,-0.3321093377229742,likelihood
4,power,static,H0,RV,,1,0.22259136212624583,0,-0.9518861738671001,likelihood
4,power,static,H0,TWFE,,1,0.8327529277702372,0,-0.06205206933024509,likelihood
4,power,static,H0,RV,,2,0.2558139534883721,0,-0.22203152468111856,likelihood
4,power,static,H0,TWFE,,2,0.8327529277702372,0,-0.06205206933024509,likelihood
4,power,static,H0,RV,,3,0.17940199335548174,0,-0.5025544121187616,likelihood
4,power,static,H0,TWFE,,3,0.8327529277702372,0,-0.06205206933024509,likelihood
4,power,static,H0,RV,,4,0.04318936877076412,1,3.49430831031347,likelihood
4,power,static,H0,TWFE,,4,0.8327529277702372,0,-0.06205206933024509,likelihood
4,power,static,H0,RV,,5,0.07641196013289037,1,1.5896337595801084,likelihood
4,power,static,H0,TWFE,,5,0.8327529277702372,0,-0.06205206933024509,likelihood
5,power,static,H0,RV,,1,0.019933554817275746,1,0.46598672907538496,likelihood
5,power,static,H0,TWFE,,1,0.07325166437157656,1,-0.37217042318019367,likelihood
5,power,static,H0,RV,,2,0.2159468438538206,0,-0.6831834188393834,likelihood
5,power,static,H0,TWFE,,2,0.07325166437157656,1,-0.37217042318019367,likelihood
5,power,static,H0,RV,,3,0.0033222591362126247,1,2.3058476527304306,likelihood
5,power,static,H0,TWFE,,3,0.07325166437157656,1,-0.37217042318019367,likelihood
5,power,static,H0,RV,,4,0.016611295681063124,1,3.016852956282368,likelihood
5,power,static,H0,TWFE,,4,0.07325166437157656,1,-0.37217042318019367,likelihood
5,power,static,H0,RV,,5,0.029900332225913623,1,1.3836460607727066,likelihood
5,power,static,H0,TWFE,,5,0.07325166437157656,1,-0.37217042318019367,likelihood
6,power,static,H0,RV,,1,0.026578073089700997,1,0.37420490732308986,likelihood
6,power,static,H0,TWFE,,1,0.05143282032824266,1,-0.6080814422663472,likelihood
6,power,static,H0,RV,,2,0.006644518272425249,1,1.0059790510825115,likelihood
6,power,static,H0,TWFE,,2,0.05143282032824266,1,-0.6080814422663472,likelihood
6,power,static,H0,RV,,3,0.06976744186046512,1,0.6624557489790399,likelihood
6,power,static,H0,TWFE,,3,0.05143282032824266,1,-0.6080814422663472,likelihood
6,power,static,H0,RV,,4,0.05647840531561462,1,-0.4466946818906151,likelihood
6,power,static,H0,TWFE,,4,0.05143282032824266,1,-0.6080814422663472,likelihood
6,power,static,H0,RV,,5,0.03322259136212625,1,0.16391737773104748,likelihood
6,power,static,H0,TWFE,,5,0.05143282032824266,1,-0.6080814422663472,likelihood
7,power,static,H0,RV,,1,0.04983388704318937,1,0.6791434626265487,likelihood
7,power,static,H0,TWFE,,1,0.10928223094364092,0,-0.4021368865643658,likelihood
7,power,static,H0,RV,,2,0.053156146179401995,1,3.6788699315459326,likelihood
7,power,static,H0,TWFE,,2,0.10928223094364092,0,-0.4021368865643658,likelihood
7,power,static,H0,RV,,3,0.20930232558139536,0,0.16579120221288388,likelihood
7,power,static,H0,TWFE,,3,0.10928223094364092,0,-0.4021368865643658,likelihood
7,power,static,H0,RV,,4,0.0033222591362126247,1,4.88109349674353,likelihood
7,power,static,H0,TWFE,,4,0.10928223094364092,0,-0.4021368865643658,likelihood
7,power,static,H0,RV,,5,0.019933554817275746,1,3.386129652130074,likelihood
7,power,static,H0,TWFE,,5,0.10928223094364092,0,-0.4021368865643658,likelihood
8,power,static,H0,RV,,1,0.7009966777408638,0,-0.13910430297866014,likelihood
8,power,static,H0,TWFE,,1,0.014839580327590467,1,-0.8324731702184618,likelihood
8,power,static,H0,RV,,2,0.8704318936877077,0,-0.8642964614751604,likelihood
8,power,static,H0,TWFE,,2,0.014839580327590467,1,-0.8324731702184618,likelihood
8,power,static,H0,RV,,3,0.7906976744186046,0,-0.4250054995943822,likelihood
8,power,static,H0,TWFE,,3,0.014839580327590467,1,-0.8324731702184618,likelihood
8,power,static,H0,RV,,4,0.06312292358803986,1,0.7714549075505845,likelihood
8,power,static,H0,TWFE,,4,0.014839580327590467,1,-0.8324731702184618,likelihood
8,power,static,H0,RV,,5,0.8239202657807309,0,-1.2936054081159833,likelihood
8,power,static,H0,TWFE,,5,0.014839580327590467,1,-0.8324731702184618,likelihood
9,power,static,H0,RV,,1,0.009966777408637873,1,1.1841687554865683,likelihood
9,power,static,H0,TWFE,,1,0.36187351619572605,0,-0.23447542668216198,likelihood
9,power,static,H0,RV,,2,0.009966777408637873,1,3.252731366458504,likelihood
9,power,static,H0,TWFE,,2,0.36187351619572605,0,-0.23447542668216198,likelihood
9,power,static,H0,RV,,3,0.0033222591362126247,1,1.2134820406595672,likelihood
9,power,static,H0,TWFE,,3,0.36187351619572605,0,-0.23447542668216198,likelihood
9,power,static,H0,RV,,4,0.016611295681063124,1,0.947724809892458,likelihood
9,power,static,H0,TWFE,,4,0.36187351619572605,0,-0.23447542668216198,likelihood
9,power,static,H0,RV,,5,0.009966777408637873,1,2.3011214445881665,likelihood
9,power,static,H0,TWFE,,5,0.36187351619572605,0,-0.23447542668216198,likelihood
10,power,static,H0,RV,,1,0.2857142857142857,0,1.028913993328699,likelihood
10,power,static,H0,TWFE,,1,0.8174272824052111,0,0.04801604878133085,likelihood
10,power,static,H0,RV,,2,0.4850498338870432,0,0.20472515340099706,likelihood
10,power,static,H0,TWFE,,2,0.8174272824052111,0,0.04801604878133085,likelihood
10,power,static,H0,RV,,3,0.53156146179402,0,0.09042587383663622,likelihood
10,power,static,H0,TWFE,,3,0.8174272824052111,0,0.04801604878133085,likelihood
10,power,static,H0,RV,,4,0.009966777408637873,1,2.153897964373993,likelihood
10,power,static,H0,TWFE,,4,0.8174272824052111,0,0.04801604878133085,likelihood
10,power,static,H0,RV,,5,0.5249169435215947,0,-0.5001319072735417,likelihood
10,power,static,H0,TWFE,,5,0.8174272824052111,0,0.04801604878133085,likelihood
11,power,static,H0,RV,,1,0.09634551495016612,1,0.729323990559353,likelihood
11,power,static,H0,TWFE,,1,0.10915999252000676,0,-0.43435668308536274,likelihood
11,power,static,H0,RV,,2,0.37209302325581395,0,-0.7214677381050019,likelihood
11,power,static,H0,TWFE,,2,0.10915999252000676,0,-0.43435668308536274,likelihood
11,power,static,H0,RV,,3,0.10631229235880399,0,0.14809594825126265,likelihood
11,power,static,H0,TWFE,,3,0.10915999252000676,0,-0.43435668308536274,likelihood
11,power,static,H0,RV,,4,0.12624584717607973,0,4.788565190692897,likelihood
11,power,static,H0,TWFE,,4,0.10915999252000676,0,-0.43435668308536274,likelihood
11,power,static,H0,RV,,5,0.18272425249169436,0,1.181442186538152,likelihood
11,power,static,H0,TWFE,,5,0.10915999252000676,0,-0.43435668308536274,likelihood
12,power,static,H0,RV,,1,0.132890365448505,0,0.47447343553307925,likelihood
12,power,static,H0,TWFE,,1,0.014813011365181705,1,-0.8375704980875381,likelihood
12,power,static,H0,RV,,2,0.26245847176079734,0,2.3594357006404367,likelihood
12,power,static,H0,TWFE,,2,0.014813011365181705,1,-0.8375704980875381,likelihood
12,power,static,H0,RV,,3,0.2558139534883721,0,1.07660447467047,likelihood
12,power,static,H0,TWFE,,3,0.014813011365181705,1,-0.8375704980875381,likelihood
12,power,static,H0,RV,,4,0.2159468438538206,0,0.46707457031810407,likelihood
12,power,static,H0,TWFE,,4,0.014813011365181705,1,-0.8375704980875381,likelihood
12,power,static,H0,RV,,5,0.24916943521594684,0,0.5590264857798461,likelihood
12,power,static,H0,TWFE,,5,0.014813011365181705,1,-0.8375704980875381,likelihood
13,power,static,H0,RV,,1,0.7009966777408638,0,-0.9230688538782614,likelihood
13,power,static,H0,TWFE,,1,0.09627480707956132,1,-0.5590794427815869,likelihood
13,power,static,H0,RV,,2,0.5049833887043189,0,2.1266974196172326,likelihood
13,power,static,H0,TWFE,,2,0.09627480707956132,1,-0.5590794427815869,likelihood
13,power,static,H0,RV,,3,0.6578073089700996,0,0.0019178336564213527,likelihood
13,power,static,H0,TWFE,,3,0.09627480707956132,1,-0.5590794427815869,likelihood
13,power,static,H0,RV,,4,0.7275747508305648,0,-1.2174813675413145,likelihood
13,power,static,H0,TWFE,,4,0.09627480707956132,1,-0.5590794427815869,likelihood
13,power,static,H0,RV,,5,0.6345514950166113,0,1.077490011277924,likelihood
13,power,static,H0,TWFE,,5,0.09627480707956132,1,-0.5590794427815869,likelihood
14,power,static,H0,RV,,1,0.3920265780730897,0,0.40244832181082374,likelihood
14,power,static,H0,TWFE,,1,0.48555237265901896,0,-0.1880159413872788,likelihood
14,power,static,H0,RV,,2,0.33222591362126247,0,3.0687951829498497,likelihood
14,power,static,H0,TWFE,,2,0.48555237265901896,0,-0.1880159413872788,likelihood
14,power,static,H0,RV,,3,0.3023255813953488,0,1.1357771848379172,likelihood
14,power,static,H0,TWFE,,3,0.48555237265901896,0,-0.1880159413872788,likelihood
14,power,static,H0,RV,,4,0.023255813953488372,1,3.4937210491401913,likelihood
14,power,static,H0,TWFE,,4,0.48555237265901896,0,-0.1880159413872788,likelihood
14,power,static,H0,RV,,5,0.2558139534883721,0,3.2437224992296287,likelihood
14,power,static,H0,TWFE,,5,0.48555237265901896,0,-0.1880159413872788,likelihood
15,power,static,H0,RV,,1,0.19601328903654486,0,1.0496591971059615,likelihood
15,power,static,H0,TWFE,,1,0.049124957718266506,1,-0.6281484011423516,likelihood
15,power,static,H0,RV,,2,0.47840531561461797,0,0.35792209634935473,likelihood
15,power,static,H0,TWFE,,2,0.049124957718266506,1,-0.6281484011423516,likelihood
15,power,static,H0,RV,,3,0.3289036544850498,0,1.076089683578216,likelihood
15,power,static,H0,TWFE,,3,0.049124957718266506,1,-0.6281484011423516,likelihood
15,power,static,H0,RV,,4,0.006644518272425249,1,2.9947711241825417,likelihood
15,power,static,H0,TWFE,,4,0.049124957718266506,1,-0.6281484011423516,likelihood
15,power,static,H0,RV,,5,0.26245847176079734,0,1.4037654456337665,likelihood
15,power,static,H0,TWFE,,5,0.049124957718266506,1,-0.6281484011423516,likelihood
16,power,static,H0,RV,,1,0.04983388704318937,1,0.7296173893376551,likelihood
16,power,static,H0,TWFE,,1,0.0116260454061595,1,-0.6466787935570508,likelihood
16,power,static,H0,RV,,2,0.2591362126245847,0,-0.20082011902370703,likelihood
16,power,static,H0,TWFE,,2,0.0116260454061595,1,-0.6466787935570508,likelihood
16,power,static,H0,RV,,3,0.14285714285714285,0,0.3154726097433672,likelihood
16,power,static,H0,TWFE,,3,0.0116260454061595,1,-0.6466787935570508,likelihood
16,power,static,H0,RV,,4,0.04318936877076412,1,1.0653192908390996,likelihood
16,power,static,H0,TWFE,,4,0.0116260454061595,1,-0.6466787935570508,likelihood
16,power,static,H0,RV,,5,0.21926910299003322,0,-0.433990722966951,likelihood
16,power,static,H0,TWFE,,5,0.0116260454061595,1,-0.6466787935570508,likelihood
17,power,static,H0,RV,,1,0.4950166112956811,0,1.0851325577786604,likelihood
17,power,static,H0,TWFE,,1,0.42673090271920444,0,-0.2171293449190421,likelihood
17,power,static,H0,RV,,2,0.707641196013289,0,0.388360285775037,likelihood
17,power,static,H0,TWFE,,2,0.42673090271920444,0,-0.2171293449190421,likelihood
17,power,static,H0,RV,,3,0.5182724252491694,0,0.17941537076783173,likelihood
17,power,static,H0,TWFE,,3,0.42673090271920444,0,-0.2171293449190421,likelihood
17,power,static,H0,RV,,4,0.07641196013289037,1,1.6680286152600114,likelihood
17,power,static,H0,TWFE,,4,0.42673090271920444,0,-0.2171293449190421,likelihood
17,power,static,H0,RV,,5,0.5880398671096345,0,-0.26329319506229265,likelihood
17,power,static,H0,TWFE,,5,0.42673090271920444,0,-0.2171293449190421,likelihood
18,power,static,H0,RV,,1,0.12624584717607973,0,1.8084843351191702,likelihood
18,power,static,H0,TWFE,,1,0.31158891567250663,0,-0.2967553365342065,likelihood
18,power,static,H0,RV,,2,0.1461794019933555,0,0.8258460846833969,likelihood
18,power,static,H0,TWFE,,2,0.31158891567250663,0,-0.2967553365342065,likelihood
18,power,static,H0,RV,,3,0.1362126245847176,0,1.499114302531407,likelihood
18,power,static,H0,TWFE,,3,0.31158891567250663,0,-0.2967553365342065,likelihood
18,power,static,H0,RV,,4,0.2823920265780731,0,1.6894612510122016,likelihood
18,power,static,H0,TWFE,,4,0.31158891567250663,0,-0.2967553365342065,likelihood
18,power,static,H0,RV,,5,0.13953488372093023,0,0.6109858279114802,likelihood
18,power,static,H0,TWFE,,5,0.31158891567250663,0,-0.2967553365342065,likelihood
19,power,static,H0,RV,,1,0.0033222591362126247,1,1.0452940606391696,likelihood
19,power,static,H0,TWFE,,1,0.45808178095714946,0,-0.2365069100116783,likelihood
19,power,static,H0,RV,,2,0.019933554817275746,1,1.047186728132954,likelihood
19,power,static,H0,TWFE,,2,0.45808178095714946,0,-0.2365069100116783,likelihood
19,power,static,H0,RV,,3,0.0033222591362126247,1,4.351686016714735,likelihood
19,power,static,H0,TWFE,,3,0.45808178095714946,0,-0.2365069100116783,likelihood
19,power,static,H0,RV,,4,0.0033222591362126247,1,0.8468633979194378,likelihood
19,power,static,H0,TWFE,,4,0.45808178095714946,0,-0.2365069100116783,likelihood
19,power,static,H0,RV,,5,0.0033222591362126247,1,3.116406262305833,likelihood
19,power,static,H0,TWFE,,5,0.45808178095714946,0,-0.2365069100116783,likelihood
20,power,static,H0,RV,,1,0.08305647840531562,1,1.4908476691589352,likelihood
20,power,static,H0,TWFE,,1,0.2062218707953696,0,-0.306004927238573,likelihood
20,power,static,H0,RV,,2,0.019933554817275746,1,3.106120432957691,likelihood
20,power,static,H0,TWFE,,2,0.2062218707953696,0,-0.306004927238573,likelihood
20,power,static,H0,RV,,3,0.013289036544850499,1,1.6291520071820642,likelihood
20,power,static,H0,TWFE,,3,0.2062218707953696,0,-0.306004927238573,likelihood
20,power,static,H0,RV,,4,0.5182724252491694,0,0.5128807050362472,likelihood
20,power,static,H0,TWFE,,4,0.2062218707953696,0,-0.306004927238573,likelihood
20,power,static,H0,RV,,5,0.013289036544850499,1,1.3826701334086444,likelihood
20,power,static,H0,TWFE,,5,0.2062218707953696,0,-0.306004927238573,likelihood
21,power,static,H0,RV,,1,0.03322259136212625,1,0.31532259226616455,likelihood
21,power,static,H0,TWFE,,1,0.9705682314544251,0,-0.010094839377282453,likelihood
21,power,static,H0,RV,,2,0.0033222591362126247,1,5.01003399447584,likelihood
21,power,static,H0,TWFE,,2,0.9705682314544251,0,-0.010094839377282453,likelihood
21,power,static,H0,RV,,3,0.2026578073089701,0,-0.9644901848055843,likelihood
21,power,static,H0,TWFE,,3,0.9705682314544251,0,-0.010094839377282453,likelihood
21,power,static,H0,RV,,4,0.18272425249169436,0,2.0300430687309268,likelihood
21,power,static,H0,TWFE,,4,0.9705682314544251,0,-0.010094839377282453,likelihood
21,power,static,H0,RV,,5,0.06312292358803986,1,1.242533891425419,likelihood
21,power,static,H0,TWFE,,5,0.9705682314544251,0,-0.010094839377282453,likelihood
22,power,static,H0,RV,,1,0.0033222591362126247,1,2.539523037671619,likelihood
22,power,static,H0,TWFE,,1,0.5899979097907004,0,-0.1472295977960364,likelihood
22,power,static,H0,RV,,2,0.0033222591362126247,1,4.60616879059061,likelihood
22,power,static,H0,TWFE,,2,0.5899979097907004,0,-0.1472295977960364,likelihood
22,power,static,H0,RV,,3,0.006644518272425249,1,1.6158876948090939,likelihood
22,power,static,H0,TWFE,,3,0.5899979097907004,0,-0.1472295977960364,likelihood
22,power,static,H0,RV,,4,0.0033222591362126247,1,1.9763760230985128,likelihood
22,power,static,H0,TWFE,,4,0.5899979097907004,0,-0.1472295977960364,likelihood
22,power,static,H0,RV,,5,0.009966777408637873,1,2.008521627349181,likelihood
22,power,static,H0,TWFE,,5,0.5899979097907004,0,-0.1472295977960364,likelihood
23,power,static,H0,RV,,1,0.33554817275747506,0,-1.1211167289823016,likelihood
23,power,static,H0,TWFE,,1,0.8937910541864579,0,0.029216006327354563,likelihood
23,power,static,H0,RV,,2,0.2026578073089701,0,1.5014709620519444,likelihood
23,power,static,H0,TWFE,,2,0.8937910541864579,0,0.029216006327354563,likelihood
23,power,static,H0,RV,,3,0.1461794019933555,0,1.0735040236589533,likelihood
23,power,static,H0,TWFE,,3,0.8937910541864579,0,0.029216006327354563,likelihood
23,power,static,H0,RV,,4,0.04983388704318937,1,0.41892738023279125,likelihood
23,power,static,H0,TWFE,,4,0.8937910541864579,0,0.029216006327354563,likelihood
23,power,static,H0,RV,,5,0.09302325581395349,1,2.714478563643923,likelihood
23,power,static,H0,TWFE,,5,0.8937910541864579,0,0.029216006327354563,likelihood
24,power,static,H0,RV,,1,0.013289036544850499,1,0.5581458298688359,likelihood
24,power,static,H0,TWFE,,1,0.017860346580266886,1,-0.7850469227194066,likelihood
24,power,static,H0,RV,,2,0.016611295681063124,1,2.1432527508521964,likelihood
24,power,static,H0,TWFE,,2,0.017860346580266886,1,-0.7850469227194066,likelihood
24,power,static,H0,RV,,3,0.036544850498338874,1,-0.16277219180473881,likelihood
24,power,static,H0,TWFE,,3,0.017860346580266886,1,-0.7850469227194066,likelihood
24,power,static,H0,RV,,4,0.0033222591362126247,1,1.1535749110046443,likelihood
24,power,static,H0,TWFE,,4,0.017860346580266886,1,-0.7850469227194066,likelihood
24,power,static,H0,RV,,5,0.019933554817275746,1,0.35530019265378826,likelihood
24,power,static,H0,TWFE,,5,0.017860346580266886,1,-0.7850469227194066,likelihood
25,power,static,H0,RV,,1,0.5282392026578073,0,-0.2794607378789138,likelihood
25,power,static,H0,TWFE,,1,0.16672099422726586,0,-0.45604376116228157,likelihood
25,power,static,H0,RV,,2,0.5946843853820598,0,0.12584201094912312,likelihood
25,power,static,H0,TWFE,,2,0.16672099422726586,0,-0.45604376116228157,likelihood
25,power,static,H0,RV,,3,0.4750830564784053,0,0.12680164774954675,likelihood
25,power,static,H0,TWFE,,3,0.16672099422726586,0,-0.45604376116228157,likelihood
25,power,static,H0,RV,,4,0.4850498338870432,0,-0.09506640736428063,likelihood
25,power,static,H0,TWFE,,4,0.16672099422726586,0,-0.45604376116228157,likelihood
25,power,static,H0,RV,,5,0.5647840531561462,0,-0.6950675010164407,likelihood
25,power,static,H0,TWFE,,5,0.16672099422726586,0,-0.45604376116228157,likelihood
26,power,static,H0,RV,,1,0.016611295681063124,1,0.07357800363835694,likelihood
26,power,static,H0,TWFE,,1,0.07483312434583295,1,-0.5260700525066334,likelihood
26,power,static,H0,RV,,2,0.2956810631229236,0,-0.5572543947566339,likelihood
26,power,static,H0,TWFE,,2,0.07483312434583295,1,-0.5260700525066334,likelihood
26,power,static,H0,RV,,3,0.006644518272425249,1,1.4964893322056096,likelihood
26,power,static,H0,TWFE,,3,0.07483312434583295,1,-0.5260700525066334,likelihood
26,power,static,H0,RV,,4,0.0033222591362126247,1,1.4068904605959438,likelihood
26,power,static,H0,TWFE,,4,0.07483312434583295,1,-0.5260700525066334,likelihood
26,power,static,H0,RV,,5,0.04318936877076412,1,2.774595737667527,likelihood
26,power,static,H0,TWFE,,5,0.07483312434583295,1,-0.5260700525066334,likelihood
27,power,static,H0,RV,,1,0.07641196013289037,1,0.6355682956017181,likelihood
27,power,static,H0,TWFE,,1,0.012314641148650215,1,-0.7564833356400602,likelihood
27,power,static,H0,RV,,2,0.1362126245847176,0,-0.03838745259763128,likelihood
27,power,static,H0,TWFE,,2,0.012314641148650215,1,-0.7564833356400602,likelihood
27,power,static,H0,RV,,3,0.04983388704318937,1,0.9848346199249247,likelihood
27,power,static,H0,TWFE,,3,0.012314641148650215,1,-0.7564833356400602,likelihood
27,power,static,H0,RV,,4,0.13953488372093023,0,0.42037009624695915,likelihood
27,power,static,H0,TWFE,,4,0.012314641148650215,1,-0.7564833356400602,likelihood
27,power,static,H0,RV,,5,0.1461794019933555,0,-0.4381964474190642,likelihood
27,power,static,H0,TWFE,,5,0.012314641148650215,1,-0.7564833356400602,likelihood
28,power,static,H0,RV,,1,0.7043189368770764,0,-0.9863520852313743,likelihood
28,power,static,H0,TWFE,,1,0.9955402657022794,0,-0.0015291440554310225,likelihood
28,power,static,H0,RV,,2,0.5681063122923588,0,1.6062701980661789,likelihood
28,power,static,H0,TWFE,,2,0.9955402657022794,0,-0.0015291440554310225,likelihood
28,power,static,H0,RV,,3,0.5514950166112956,0,-0.42245730782101465,likelihood
28,power,static,H0,TWFE,,3,0.9955402657022794,0,-0.0015291440554310225,likelihood
28,power,static,H0,RV,,4,0.21926910299003322,0,0.2834189943961472,likelihood
28,power,static,H0,TWFE,,4,0.9955402657022794,0,-0.0015291440554310225,likelihood
28,power,static,H0,RV,,5,0.584717607973422,0,0.5267135026265242,likelihood
28,power,static,H0,TWFE,,5,0.9955402657022794,0,-0.0015291440554310225,likelihood
29,power,static,H0,RV,,1,0.15282392026578073,0,0.7738323233897129,likelihood
29,power,static,H0,TWFE,,1,0.6023937740618884,0,-0.14018509866915785,likelihood
29,power,static,H0,RV,,2,0.16943521594684385,0,0.4386377670342164,likelihood
29,power,static,H0,TWFE,,2,0.6023937740618884,0,-0.14018509866915785,likelihood
29,power,static,H0,RV,,3,0.13953488372093023,0,0.25269208584242026,likelihood
29,power,static,H0,TWFE,,3,0.6023937740618884,0,-0.14018509866915785,likelihood
29,power,static,H0,RV,,4,0.013289036544850499,1,1.7683245726054604,likelihood
29,power,static,H0,TWFE,,4,0.6023937740618884,0,-0.14018509866915785,likelihood
29,power,static,H0,RV,,5,0.14950166112956811,0,0.12427824106936196,likelihood
29,power,static,H0,TWFE,,5,0.6023937740618884,0,-0.14018509866915785,likelihood
30,power,static,H0,RV,,1,0.6744186046511628,0,-1.0909170814900002,likelihood
30,power,static,H0,TWFE,,1,0.07011076568130523,1,-0.5904744060137621,likelihood
30,power,static,H0,RV,,2,0.8338870431893688,0,-1.8787825368078255,likelihood
30,power,static,H0,TWFE,,2,0.07011076568130523,1,-0.5904744060137621,likelihood
30,power,static,H0,RV,,3,0.8372093023255814,0,-1.3953995002288286,likelihood
30,power,static,H0,TWFE,,3,0.07011076568130523,1,-0.5904744060137621,likelihood
30,power,static,H0,RV,,4,0.8438538205980066,0,-1.8234815425190505,likelihood
30,power,static,H0,TWFE,,4,0.07011076568130523,1,-0.5904744060137621,likelihood
30,power,static,H0,RV,,5,0.8637873754152824,0,-2.6440133499377594,likelihood
30,power,static,H0,TWFE,,5,0.07011076568130523,1,-0.5904744060137621,likelihood
31,power,static,H0,RV,,1,0.23920265780730898,0,-0.14708720859226898,likelihood
31,power,static,H0,TWFE,,1,0.03276318911310915,1,-0.6978414186484044,likelihood
31,power,static,H0,RV,,2,0.3388704318936877,0,2.239189638732695,likelihood
31,power,static,H0,TWFE,,2,0.03276318911310915,1,-0.6978414186484044,likelihood
31,power,static,H0,RV,,3,0.42857142857142855,0,-0.28663092482589025,likelihood
31,power,static,H0,TWFE,,3,0.03276318911310915,1,-0.6978414186484044,likelihood
31,power,static,H0,RV,,4,0.006644518272425249,1,2.396654454210414,likelihood
31,power,static,H0,TWFE,,4,0.03276318911310915,1,-0.6978414186484044,likelihood
31,power,static,H0,RV,,5,0.18272425249169436,0,1.9249650320673495,likelihood
31,power,static,H0,TWFE,,5,0.03276318911310915,1,-0.6978414186484044,likelihood
32,power,static,H0,RV,,1,0.009966777408637873,1,0.5020481556019735,likelihood
32,power,static,H0,TWFE,,1,0.1468714039194896,0,-0.37102392609066526,likelihood
32,power,static,H0,RV,,2,0.019933554817275746,1,2.0367546773350815,likelihood
32,power,static,H0,TWFE,,2,0.1468714039194896,0,-0.37102392609066526,likelihood
32,power,static,H0,RV,,3,0.03322259136212625,1,-0.6470291373202401,likelihood
32,power,static,H0,TWFE,,3,0.1468714039194896,0,-0.37102392609066526,likelihood
32,power,static,H0,RV,,4,0.0033222591362126247,1,2.3389837359963606,likelihood
32,power,static,H0,TWFE,,4,0.1468714039194896,0,-0.37102392609066526,likelihood
32,power,static,H0,RV,,5,0.013289036544850499,1,0.5250568983124788,likelihood
32,power,static,H0,TWFE,,5,0.1468714039194896,0,-0.37102392609066526,likelihood
33,power,static,H0,RV,,1,0.006644518272425249,1,2.698594672858098,likelihood
33,power,static,H0,TWFE,,1,0.36669605242490455,0,-0.23902649426777225,likelihood
33,power,static,H0,RV,,2,0.04318936877076412,1,4.415466552826839,likelihood
33,power,static,H0,TWFE,,2,0.36669605242490455,0,-0.23902649426777225,likelihood
33,power,static,H0,RV,,3,0.07308970099667775,1,2.381466320192219,likelihood
33,power,static,H0,TWFE,,3,0.36669605242490455,0,-0.23902649426777225,likelihood
33,power,static,H0,RV,,4,0.0033222591362126247,1,1.30138757028014,likelihood
33,power,static,H0,TWFE,,4,0.36669605242490455,0,-0.23902649426777225,likelihood
33,power,static,H0,RV,,5,0.09302325581395349,1,1.611370867160519,likelihood
33,power,static,H0,TWFE,,5,0.36669605242490455,0,-0.23902649426777225,likelihood
34,power,static,H0,RV,,1,0.2823920265780731,0,0.34714466872125704,likelihood
34,power,static,H0,TWFE,,1,0.5552513510460932,0,-0.13894406535308124,likelihood
34,power,static,H0,RV,,2,0.5813953488372093,0,-0.32652022752632404,likelihood
34,power,static,H0,TWFE,,2,0.5552513510460932,0,-0.13894406535308124,likelihood
34,power,static,H0,RV,,3,0.17275747508305647,0,1.8053076344312096,likelihood
34,power,static,H0,TWFE,,3,0.5552513510460932,0,-0.13894406535308124,likelihood
34,power,static,H0,RV,,4,0.0033222591362126247,1,0.8559174844149823,likelihood
34,power,static,H0,TWFE,,4,0.5552513510460932,0,-0.13894406535308124,likelihood
34,power,static,H0,RV,,5,0.33554817275747506,0,0.3719697160273405,likelihood
34,power,static,H0,TWFE,,5,0.5552513510460932,0,-0.13894406535308124,likelihood
35,power,static,H0,RV,,1,0.016611295681063124,1,1.8615876309749315,likelihood
35,power,static,H0,TWFE,,1,0.3199489796663002,0,-0.36965132147913865,likelihood
35,power,static,H0,RV,,2,0.023255813953488372,1,4.120116276752093,likelihood
35,power,static,H0,TWFE,,2,0.3199489796663002,0,-0.36965132147913865,likelihood
35,power,static,H0,RV,,3,0.006644518272425249,1,1.794666829216475,likelihood
35,power,static,H0,TWFE,,3,0.3199489796663002,0,-0.36965132147913865,likelihood
35,power,static,H0,RV,,4,0.059800664451827246,1,-0.576274568535888,likelihood
35,power,static,H0,TWFE,,4,0.3199489796663002,0,-0.36965132147913865,likelihood
35,power,static,H0,RV,,5,0.016611295681063124,1,1.5737885177087194,likelihood
35,power,static,H0,TWFE,,5,0.3199489796663002,0,-0.36965132147913865,likelihood
36,power,static,H0,RV,,1,0.046511627906976744,1,0.5269604211304042,likelihood
36,power,static,H0,TWFE,,1,0.11709373294583993,0,-0.5061351038945072,likelihood
36,power,static,H0,RV,,2,0.12956810631229235,0,-0.5617241100881453,likelihood
36,power,static,H0,TWFE,,2,0.11709373294583993,0,-0.5061351038945072,likelihood
36,power,static,H0,RV,,3,0.006644518272425249,1,3.535971711614484,likelihood
36,power,static,H0,TWFE,,3,0.11709373294583993,0,-0.5061351038945072,likelihood
36,power,static,H0,RV,,4,0.05647840531561462,1,0.1996760172691528,likelihood
36,power,static,H0,TWFE,,4,0.11709373294583993,0,-0.5061351038945072,likelihood
36,power,static,H0,RV,,5,0.036544850498338874,1,0.8967257415115342,likelihood
36,power,static,H0,TWFE,,5,0.11709373294583993,0,-0.5061351038945072,likelihood
37,power,static,H0,RV,,1,0.23588039867109634,0,0.8478129412491626,likelihood
37,power,static,H0,TWFE,,1,0.9056715179828677,0,-0.0318252786487843,likelihood
37,power,static,H0,RV,,2,0.10963455149501661,0,1.764957226244314,likelihood
37,power,static,H0,TWFE,,2,0.9056715179828677,0,-0.0318252786487843,likelihood
37,power,static,H0,RV,,3,0.2956810631229236,0,0.21045973795826586,likelihood
37,power,static,H0,TWFE,,3,0.9056715179828677,0,-0.0318252786487843,likelihood
37,power,static,H0,RV,,4,0.029900332225913623,1,1.6023749067502533,likelihood
37,power,static,H0,TWFE,,4,0.9056715179828677,0,-0.0318252786487843,likelihood
37,power,static,H0,RV,,5,0.11295681063122924,0,0.14837582452374276,likelihood
37,power,static,H0,TWFE,,5,0.9056715179828677,0,-0.0318252786487843,likelihood
38,power,static,H0,RV,,1,0.0033222591362126247,1,3.086569236779144,likelihood
38,power,static,H0,TWFE,,1,0.3141765563323441,0,-0.26582114401925877,likelihood
38,power,static,H0,RV,,2,0.0033222591362126247,1,3.2620967751543417,likelihood
38,power,static,H0,TWFE,,2,0.3141765563323441,0,-0.26582114401925877,likelihood
38,power,static,H0,RV,,3,0.0033222591362126247,1,2.802639697750364,likelihood
38,power,static,H0,TWFE,,3,0.3141765563323441,0,-0.26582114401925877,likelihood
38,power,static,H0,RV,,4,0.0033222591362126247,1,3.262065568102753,likelihood
38,power,static,H0,TWFE,,4,0.3141765563323441,0,-0.26582114401925877,likelihood
38,power,static,H0,RV,,5,0.0033222591362126247,1,2.504003625396716,likelihood
38,power,static,H0,TWFE,,5,0.3141765563323441,0,-0.26582114401925877,likelihood
39,power,static,H0,RV,,1,0.07973421926910298,1,0.18833385709879602,likelihood
39,power,static,H0,TWFE,,1,0.7827268584126779,0,-0.07817153236617551,likelihood
39,power,static,H0,RV,,2,0.21926910299003322,0,-0.6769438595023278,likelihood
39,power,static,H0,TWFE,,2,0.7827268584126779,0,-0.07817153236617551,likelihood
39,power,static,H0,RV,,3,0.11627906976744186,0,0.1588193802458008,likelihood
39,power,static,H0,TWFE,,3,0.7827268584126779,0,-0.07817153236617551,likelihood
39,power,static,H0,RV,,4,0.04318936877076412,1,3.182257170689746,likelihood
39,power,static,H0,TWFE,,4,0.7827268584126779,0,-0.07817153236617551,likelihood
39,power,static,H0,RV,,5,0.23920265780730898,0,-0.4666395745433386,likelihood
39,power,static,H0,TWFE,,5,0.7827268584126779,0,-0.07817153236617551,likelihood
40,power,static,H0,RV,,1,0.2059800664451827,0,-0.24356122982840273,likelihood
40,power,static,H0,TWFE,,1,0.8558933335966237,0,0.04956149726297078,likelihood
40,power,static,H0,RV,,2,0.029900332225913623,1,2.630929101854864,likelihood
40,power,static,H0,TWFE,,2,0.8558933335966237,0,0.04956149726297078,likelihood
40,power,static,H0,RV,,3,0.12624584717607973,0,0.13348362525736257,likelihood
40,power,static,H0,TWFE,,3,0.8558933335966237,0,0.04956149726297078,likelihood
40,power,static,H0,RV,,4,0.36212624584717606,0,-1.4352742353622086,likelihood
40,power,static,H0,TWFE,,4,0.8558933335966237,0,0.04956149726297078,likelihood
40,power,static,H0,RV,,5,0.07641196013289037,1,0.5180406160555757,likelihood
40,power,static,H0,TWFE,,5,0.8558933335966237,0,0.04956149726297078,likelihood
41,power,static,H0,RV,,1,0.0033222591362126247,1,2.1552400159296874,likelihood
41,power,static,H0,TWFE,,1,0.34005750952478286,0,-0.24221350619958218,likelihood
41,power,static,H0,RV,,2,0.013289036544850499,1,1.1438198283743657,likelihood
41,power,static,H0,TWFE,,2,0.34005750952478286,0,-0.24221350619958218,likelihood
41,power,static,H0,RV,,3,0.0033222591362126247,1,2.403358718413243,likelihood
41,power,static,H0,TWFE,,3,0.34005750952478286,0,-0.24221350619958218,likelihood
41,power,static,H0,RV,,4,0.006644518272425249,1,0.07485346837302845,likelihood
41,power,static,H0,TWFE,,4,0.34005750952478286,0,-0.24221350619958218,likelihood
41,power,static,H0,RV,,5,0.009966777408637873,1,0.8299544556705156,likelihood
41,power,static,H0,TWFE,,5,0.34005750952478286,0,-0.24221350619958218,likelihood
42,power,static,H0,RV,,1,0.03986710963455149,1,1.787719349934076,likelihood
42,power,static,H0,TWFE,,1,0.10264197662615233,0,-0.5411621317172344,likelihood
42,power,static,H0,RV,,2,0.08637873754152824,1,3.639844029253195,likelihood
42,power,static,H0,TWFE,,2,0.10264197662615233,0,-0.5411621317172344,likelihood
42,power,static,H0,RV,,3,0.45514950166112955,0,-0.7519148369316946,likelihood
42,power,static,H0,TWFE,,3,0.10264197662615233,0,-0.5411621317172344,likelihood
42,power,static,H0,RV,,4,0.0033222591362126247,1,1.6581581942723418,likelihood
42,power,static,H0,TWFE,,4,0.10264197662615233,0,-0.5411621317172344,likelihood
42,power,static,H0,RV,,5,0.4983388704318937,0,-0.8866681743720377,likelihood
42,power,static,H0,TWFE,,5,0.10264197662615233,0,-0.5411621317172344,likelihood
43,power,static,H0,RV,,1,0.023255813953488372,1,2.356924803762567,likelihood
43,power,static,H0,TWFE,,1,0.9545539362729003,0,0.015571953203911089,likelihood
43,power,static,H0,RV,,2,0.04318936877076412,1,2.657757604725032,likelihood
43,power,static,H0,TWFE,,2,0.9545539362729003,0,0.015571953203911089,likelihood
43,power,static,H0,RV,,3,0.006644518272425249,1,1.7033960592958735,likelihood
43,power,static,H0,TWFE,,3,0.9545539362729003,0,0.015571953203911089,likelihood
43,power,static,H0,RV,,4,0.016611295681063124,1,2.6193487162920968,likelihood
43,power,static,H0,TWFE,,4,0.9545539362729003,0,0.015571953203911089,likelihood
43,power,static,H0,RV,,5,0.036544850498338874,1,1.6944629245394711,likelihood
43,power,static,H0,TWFE,,5,0.9545539362729003,0,0.015571953203911089,likelihood
44,power,static,H0,RV,,1,0.013289036544850499,1,0.38582858194579045,likelihood
44,power,static,H0,TWFE,,1,0.39722160509375437,0,-0.23719098814960837,likelihood
44,power,static,H0,RV,,2,0.07308970099667775,1,0.6586513760235295,likelihood
44,power,static,H0,TWFE,,2,0.39722160509375437,0,-0.23719098814960837,likelihood
44,power,static,H0,RV,,3,0.03322259136212625,1,0.6668878687172632,likelihood
44,power,static,H0,TWFE,,3,0.39722160509375437,0,-0.23719098814960837,likelihood
44,power,static,H0,RV,,4,0.006644518272425249,1,0.8426981056125484,likelihood
44,power,static,H0,TWFE,,4,0.39722160509375437,0,-0.23719098814960837,likelihood
44,power,static,H0,RV,,5,0.029900332225913623,1,0.04494851386669585,likelihood
44,power,static,H0,TWFE,,5,0.39722160509375437,0,-0.23719098814960837,likelihood
45,power,static,H0,RV,,1,0.3122923588039867,0,0.0799704802067028,likelihood
45,power,static,H0,TWFE,,1,0.07343810833103723,1,-0.690153912044322,likelihood
45,power,static,H0,RV,,2,0.6644518272425249,0,-1.0139374994474308,likelihood
45,power,static,H0,TWFE,,2,0.07343810833103723,1,-0.690153912044322,likelihood
45,power,static,H0,RV,,3,0.46511627906976744,0,0.10606759533745205,likelihood
45,power,static,H0,TWFE,,3,0.07343810833103723,1,-0.690153912044322,likelihood
45,power,static,H0,RV,,4,0.029900332225913623,1,1.9654932775295557,likelihood
45,power,static,H0,TWFE,,4,0.07343810833103723,1,-0.690153912044322,likelihood
45,power,static,H0,RV,,5,0.6212624584717608,0,-0.6854178025172795,likelihood
45,power,static,H0,TWFE,,5,0.07343810833103723,1,-0.690153912044322,likelihood
46,power,static,H0,RV,,1,0.0033222591362126247,1,0.9196744044280454,likelihood
46,power,static,H0,TWFE,,1,0.15348367216589767,0,-0.29092403112766246,likelihood
46,power,static,H0,RV,,2,0.29900332225913623,0,-0.9042036226299028,likelihood
46,power,static,H0,TWFE,,2,0.15348367216589767,0,-0.29092403112766246,likelihood
46,power,static,H0,RV,,3,0.0664451827242525,1,0.054813524283465975,likelihood
46,power,static,H0,TWFE,,3,0.15348367216589767,0,-0.29092403112766246,likelihood
46,power,static,H0,RV,,4,0.006644518272425249,1,2.4127285856705223,likelihood
46,power,static,H0,TWFE,,4,0.15348367216589767,0,-0.29092403112766246,likelihood
46,power,static,H0,RV,,5,0.2558139534883721,0,-0.6314704424149583,likelihood
46,power,static,H0,TWFE,,5,0.15348367216589767,0,-0.29092403112766246,likelihood
47,power,static,H0,RV,,1,0.08970099667774087,1,0.3969362814448858,likelihood
47,power,static,H0,TWFE,,1,0.00047014001289283786,1,-0.8215502899747383,likelihood
47,power,static,H0,RV,,2,0.08970099667774087,1,3.5467097850885425,likelihood
47,power,static,H0,TWFE,,2,0.00047014001289283786,1,-0.8215502899747383,likelihood
47,power,static,H0,RV,,3,0.09966777408637874,1,0.32513145844433994,likelihood
47,power,static,H0,TWFE,,3,0.00047014001289283786,1,-0.8215502899747383,likelihood
47,power,static,H0,RV,,4,0.12624584717607973,0,0.2420431704855904,likelihood
47,power,static,H0,TWFE,,4,0.00047014001289283786,1,-0.8215502899747383,likelihood
47,power,static,H0,RV,,5,0.1362126245847176,0,1.8766590539778671,likelihood
47,power,static,H0,TWFE,,5,0.00047014001289283786,1,-0.8215502899747383,likelihood
48,power,static,H0,RV,,1,0.006644518272425249,1,1.807206297589858,likelihood
48,power,static,H0,TWFE,,1,0.5809099395130111,0,-0.1301595855433835,likelihood
48,power,static,H0,RV,,2,0.023255813953488372,1,3.559186395718035,likelihood
48,power,static,H0,TWFE,,2,0.5809099395130111,0,-0.1301595855433835,likelihood
48,power,static,H0,RV,,3,0.029900332225913623,1,1.301587776964805,likelihood
48,power,static,H0,TWFE,,3,0.5809099395130111,0,-0.1301595855433835,likelihood
48,power,static,H0,RV,,4,0.0033222591362126247,1,1.9940957566727988,likelihood
48,power,static,H0,TWFE,,4,0.5809099395130111,0,-0.1301595855433835,likelihood
48,power,static,H0,RV,,5,0.013289036544850499,1,1.2843505011672403,likelihood
48,power,static,H0,TWFE,,5,0.5809099395130111,0,-0.1301595855433835,likelihood
49,power,static,H0,RV,,1,0.14285714285714285,0,-0.02538742232149547,likelihood
49,power,static,H0,TWFE,,1,0.3597585677909183,0,-0.2508617334655505,likelihood
49,power,static,H0,RV,,2,0.521594684385382,0,-0.9280209545577962,likelihood
49,power,static,H0,TWFE,,2,0.3597585677909183,0,-0.2508617334655505,likelihood
49,power,static,H0,RV,,3,0.1893687707641196,0,0.24159361250119246,likelihood
49,power,static,H0,TWFE,,3,0.3597585677909183,0,-0.2508617334655505,likelihood
49,power,static,H0,RV,,4,0.28903654485049834,0,0.7613026055048664,likelihood
49,power,static,H0,TWFE,,4,0.3597585677909183,0,-0.2508617334655505,likelihood
49,power,static,H0,RV,,5,0.4485049833887043,0,-0.9499564302613775,likelihood
49,power,static,H0,TWFE,,5,0.3597585677909183,0,-0.2508617334655505,likelihood
50,power,static,H0,RV,,1,0.0033222591362126247,1,2.3642738190743438,likelihood
50,power,static,H0,TWFE,,1,0.4936249898786087,0,-0.22161156504372992,likelihood
50,power,static,H0,RV,,2,0.0033222591362126247,1,4.4614588687968695,likelihood
50,power,static,H0,TWFE,,2,0.4936249898786087,0,-0.22161156504372992,likelihood
50,power,static,H0,RV,,3,0.013289036544850499,1,3.283915814775665,likelihood
50,power,static,H0,TWFE,,3,0.4936249898786087,0,-0.22161156504372992,likelihood
50,power,static,H0,RV,,4,0.013289036544850499,1,0.6759981452980333,likelihood
50,power,static,H0,TWFE,,4,0.4936249898786087,0,-0.22161156504372992,likelihood
50,power,static,H0,RV,,5,0.009966777408637873,1,2.567031893155136,likelihood
50,power,static,H0,TWFE,,5,0.4936249898786087,0,-0.22161156504372992,likelihood
51,power,static,H0,RV,,1,0.3222591362126246,0,-0.3156684027796236,likelihood
51,power,static,H0,TWFE,,1,0.027561826984956492,1,-0.6177716099143078,likelihood
51,power,static,H0,RV,,2,0.36212624584717606,0,1.0478639006809,likelihood
51,power,static,H0,TWFE,,2,0.027561826984956492,1,-0.6177716099143078,likelihood
51,power,static,H0,RV,,3,0.3521594684385382,0,0.3721046073616872,likelihood
51,power,static,H0,TWFE,,3,0.027561826984956492,1,-0.6177716099143078,likelihood
51,power,static,H0,RV,,4,0.11295681063122924,0,0.7588705446378181,likelihood
51,power,static,H0,TWFE,,4,0.027561826984956492,1,-0.6177716099143078,likelihood
51,power,static,H0,RV,,5,0.47840531561461797,0,0.42569263057917583,likelihood
51,power,static,H0,TWFE,,5,0.027561826984956492,1,-0.6177716099143078,likelihood
52,power,static,H0,RV,,1,0.036544850498338874,1,0.39155777410673026,likelihood
52,power,static,H0,TWFE,,1,0.4522564567060564,0,-0.20845872517693534,likelihood
52,power,static,H0,RV,,2,0.15614617940199335,0,3.734929909498136,likelihood
52,power,static,H0,TWFE,,2,0.4522564567060564,0,-0.20845872517693534,likelihood
52,power,static,H0,RV,,3,0.013289036544850499,1,2.0279787130288,likelihood
52,power,static,H0,TWFE,,3,0.4522564567060564,0,-0.20845872517693534,likelihood
52,power,static,H0,RV,,4,0.32558139534883723,0,0.3503675396553992,likelihood
52,power,static,H0,TWFE,,4,0.4522564567060564,0,-0.20845872517693534,likelihood
52,power,static,H0,RV,,5,0.09634551495016612,1,2.7547772434427142,likelihood
52,power,static,H0,TWFE,,5,0.4522564567060564,0,-0.20845872517693534,likelihood
53,power,static,H0,RV,,1,0.0033222591362126247,1,1.2963196293759165,likelihood
53,power,static,H0,TWFE,,1,0.9316502805477093,0,-0.019558811074196093,likelihood
53,power,static,H0,RV,,2,0.0033222591362126247,1,1.568530794467166,likelihood
53,power,static,H0,TWFE,,2,0.9316502805477093,0,-0.019558811074196093,likelihood
53,power,static,H0,RV,,3,0.009966777408637873,1,2.9778971139071255,likelihood
53,power,static,H0,TWFE,,3,0.9316502805477093,0,-0.019558811074196093,likelihood
53,power,static,H0,RV,,4,0.0033222591362126247,1,0.45656802418104575,likelihood
53,power,static,H0,TWFE,,4,0.9316502805477093,0,-0.019558811074196093,likelihood
53,power,static,H0,RV,,5,0.03322259136212625,1,0.39520260550639014,likelihood
53,power,static,H0,TWFE,,5,0.9316502805477093,0,-0.019558811074196093,likelihood
54,power,static,H0,RV,,1,0.521594684385382,0,-0.02360941055199355,likelihood
54,power,static,H0,TWFE,,1,0.12491026940478793,0,-0.4978565580362895,likelihood
54,power,static,H0,RV,,2,0.7740863787375415,0,-1.1503095826023935,likelihood
54,power,static,H0,TWFE,,2,0.12491026940478793,0,-0.4978565580362895,likelihood
54,power,static,H0,RV,,3,0.6843853820598007,0,-0.6565568762238694,likelihood
54,power,static,H0,TWFE,,3,0.12491026940478793,0,-0.4978565580362895,likelihood
54,power,static,H0,RV,,4,0.7043189368770764,0,-0.11107643713915696,likelihood
54,power,static,H0,TWFE,,4,0.12491026940478793,0,-0.4978565580362895,likelihood
54,power,static,H0,RV,,5,0.7940199335548173,0,-1.8400696492579445,likelihood
54,power,static,H0,TWFE,,5,0.12491026940478793,0,-0.4978565580362895,likelihood
55,power,static,H0,RV,,1,0.12624584717607973,0,-0.4705292517896429,likelihood
55,power,static,H0,TWFE,,1,0.6535776982751449,0,-0.13186776765712652,likelihood
55,power,static,H0,RV,,2,0.21262458471760798,0,-0.24239088165329167,likelihood
55,power,static,H0,TWFE,,2,0.6535776982751449,0,-0.13186776765712652,likelihood
55,power,static,H0,RV,,3,0.06976744186046512,1,1.2030035106170582,likelihood
55,power,static,H0,TWFE,,3,0.6535776982751449,0,-0.13186776765712652,likelihood
55,power,static,H0,RV,,4,0.4684385382059801,0,0.17098249797575632,likelihood
55,power,static,H0,TWFE,,4,0.6535776982751449,0,-0.13186776765712652,likelihood
55,power,static,H0,RV,,5,0.10299003322259136,0,0.16274038204194524,likelihood
55,power,static,H0,TWFE,,5,0.6535776982751449,0,-0.13186776765712652,likelihood
56,power,static,H0,RV,,1,0.026578073089700997,1,1.426282616838968,likelihood
56,power,static,H0,TWFE,,1,0.7953441768513674,0,-0.06945853550460089,likelihood
56,power,static,H0,RV,,2,0.016611295681063124,1,1.95682884641123,likelihood
56,power,static,H0,TWFE,,2,0.7953441768513674,0,-0.06945853550460089,likelihood
56,power,static,H0,RV,,3,0.15614617940199335,0,0.7154318905965276,likelihood
56,power,static,H0,TWFE,,3,0.7953441768513674,0,-0.06945853550460089,likelihood
56,power,static,H0,RV,,4,0.03322259136212625,1,2.3039538879871744,likelihood
56,power,static,H0,TWFE,,4,0.7953441768513674,0,-0.06945853550460089,likelihood
56,power,static,H0,RV,,5,0.12624584717607973,0,1.402972163127286,likelihood
56,power,static,H0,TWFE,,5,0.7953441768513674,0,-0.06945853550460089,likelihood
57,power,static,H0,RV,,1,0.760797342192691,0,-0.8304976314388416,likelihood
57,power,static,H0,TWFE,,1,0.03287963810176059,1,-0.6586218588923879,likelihood
57,power,static,H0,RV,,2,0.8172757475083057,0,-1.4113392997497929,likelihood
57,power,static,H0,TWFE,,2,0.03287963810176059,1,-0.6586218588923879,likelihood
57,power,static,H0,RV,,3,0.6943521594684385,0,0.40266373200413685,likelihood
57,power,static,H0,TWFE,,3,0.03287963810176059,1,-0.6586218588923879,likelihood
57,power,static,H0,RV,,4,0.867109634551495,0,-1.5579477926179792,likelihood
57,power,static,H0,TWFE,,4,0.03287963810176059,1,-0.6586218588923879,likelihood
57,power,static,H0,RV,,5,0.7807308970099668,0,-0.6291521586666491,likelihood
57,power,static,H0,TWFE,,5,0.03287963810176059,1,-0.6586218588923879,likelihood
58,power,static,H0,RV,,1,0.0033222591362126247,1,0.750463096260922,likelihood
58,power,static,H0,TWFE,,1,0.11948989508544439,0,-0.4971490940242541,likelihood
58,power,static,H0,RV,,2,0.20930232558139536,0,1.055865807557286,likelihood
58,power,static,H0,TWFE,,2,0.11948989508544439,0,-0.4971490940242541,likelihood
58,power,static,H0,RV,,3,0.4019933554817276,0,-0.8230431905133788,likelihood
58,power,static,H0,TWFE,,3,0.11948989508544439,0,-0.4971490940242541,likelihood
58,power,static,H0,RV,,4,0.0033222591362126247,1,2.643455630783297,likelihood
58,power,static,H0,TWFE,,4,0.11948989508544439,0,-0.4971490940242541,likelihood
58,power,static,H0,RV,,5,0.4850498338870432,0,-0.5930207521811726,likelihood
58,power,static,H0,TWFE,,5,0.11948989508544439,0,-0.4971490940242541,likelihood
59,power,static,H0,RV,,1,0.42524916943521596,0,-0.602296162083079,likelihood
59,power,static,H0,TWFE,,1,0.9202627507038109,0,0.02591515085653026,likelihood
59,power,static,H0,RV,,2,0.48172757475083056,0,0.9971085823062186,likelihood
59,power,static,H0,TWFE,,2,0.9202627507038109,0,0.02591515085653026,likelihood
59,power,static,H0,RV,,3,0.17275747508305647,0,0.6680629370414823,likelihood
59,power,static,H0,TWFE,,3,0.9202627507038109,0,0.02591515085653026,likelihood
59,power,static,H0,RV,,4,0.627906976744186,0,0.03697067533025313,likelihood
59,power,static,H0,TWFE,,4,0.9202627507038109,0,0.02591515085653026,likelihood
59,power,static,H0,RV,,5,0.28903654485049834,0,0.9337108506351927,likelihood
59,power,static,H0,TWFE,,5,0.9202627507038109,0,0.02591515085653026,likelihood
60,power,static,H0,RV,,1,0.8770764119601329,0,-0.35724610375309707,likelihood
60,power,static,H0,TWFE,,1,0.049265090473935895,1,-0.6561867078098159,likelihood
60,power,static,H0,RV,,2,0.8039867109634552,0,0.6056243425558534,likelihood
60,power,static,H0,TWFE,,2,0.049265090473935895,1,-0.6561867078098159,likelihood
60,power,static,H0,RV,,3,0.9335548172757475,0,-1.467836656696813,likelihood
60,power,static,H0,TWFE,,3,0.049265090473935895,1,-0.6561867078098159,likelihood
60,power,static,H0,RV,,4,0.9069767441860465,0,0.13319809490956072,likelihood
60,power,static,H0,TWFE,,4,0.049265090473935895,1,-0.6561867078098159,likelihood
60,power,static,H0,RV,,5,0.8837209302325582,0,-0.6843950641394229,likelihood
60,power,static,H0,TWFE,,5,0.049265090473935895,1,-0.6561867078098159,likelihood
61,power,static,H0,RV,,1,0.19601328903654486,0,-0.48932802635731976,likelihood
61,power,static,H0,TWFE,,1,0.6920961650867332,0,-0.10534352267457792,likelihood
61,power,static,H0,RV,,2,0.07641196013289037,1,3.0195431847937266,likelihood
61,power,static,H0,TWFE,,2,0.6920961650867332,0,-0.10534352267457792,likelihood
61,power,static,H0,RV,,3,0.09302325581395349,1,0.3325689125187563,likelihood
61,power,static,H0,TWFE,,3,0.6920961650867332,0,-0.10534352267457792,likelihood
61,power,static,H0,RV,,4,0.2691029900332226,0,-0.9597916142089241,likelihood
61,power,static,H0,TWFE,,4,0.6920961650867332,0,-0.10534352267457792,likelihood
61,power,static,H0,RV,,5,0.06976744186046512,1,1.1019122255758407,likelihood
61,power,static,H0,TWFE,,5,0.6920961650867332,0,-0.10534352267457792,likelihood
62,power,static,H0,RV,,1,0.10963455149501661,0,0.4516258940703842,likelihood
62,power,static,H0,TWFE,,1,0.7184545067458752,0,-0.08794623914084428,likelihood
62,power,static,H0,RV,,2,0.026578073089700997,1,2.8391939104480217,likelihood
62,power,static,H0,TWFE,,2,0.7184545067458752,0,-0.08794623914084428,likelihood
62,power,static,H0,RV,,3,0.09966777408637874,1,1.3884034439830117,likelihood
62,power,static,H0,TWFE,,3,0.7184545067458752,0,-0.08794623914084428,likelihood
62,power,static,H0,RV,,4,0.24584717607973422,0,-0.6145013459411662,likelihood
62,power,static,H0,TWFE,,4,0.7184545067458752,0,-0.08794623914084428,likelihood
62,power,static,H0,RV,,5,0.04983388704318937,1,1.0891242297745016,likelihood
62,power,static,H0,TWFE,,5,0.7184545067458752,0,-0.08794623914084428,likelihood
63,power,static,H0,RV,,1,0.053156146179401995,1,-0.06754844714559316,likelihood
63,power,static,H0,TWFE,,1,0.03505332270093468,1,-0.6903168736219953,likelihood
63,power,static,H0,RV,,2,0.16611295681063123,0,-0.2434877293176379,likelihood
63,power,static,H0,TWFE,,2,0.03505332270093468,1,-0.6903168736219953,likelihood
63,power,static,H0,RV,,3,0.03322259136212625,1,1.2439711879108408,likelihood
63,power,static,H0,TWFE,,3,0.03505332270093468,1,-0.6903168736219953,likelihood
63,power,static,H0,RV,,4,0.006644518272425249,1,0.7514502441619787,likelihood
63,power,static,H0,TWFE,,4,0.03505332270093468,1,-0.6903168736219953,likelihood
63,power,static,H0,RV,,5,0.059800664451827246,1,0.41789784996623663,likelihood
63,power,static,H0,TWFE,,5,0.03505332270093468,1,-0.6903168736219953,likelihood
64,power,static,H0,RV,,1,0.18272425249169436,0,0.9058599641209281,likelihood
64,power,static,H0,TWFE,,1,0.4737511811733611,0,-0.20324025982815655,likelihood
64,power,static,H0,RV,,2,0.2059800664451827,0,1.1517718587852925,likelihood
64,power,static,H0,TWFE,,2,0.4737511811733611,0,-0.20324025982815655,likelihood
64,power,static,H0,RV,,3,0.26245847176079734,0,1.145320437583048,likelihood
64,power,static,H0,TWFE,,3,0.4737511811733611,0,-0.20324025982815655,likelihood
64,power,static,H0,RV,,4,0.023255813953488372,1,1.1569897050354867,likelihood
64,power,static,H0,TWFE,,4,0.4737511811733611,0,-0.20324025982815655,likelihood
64,power,static,H0,RV,,5,0.24584717607973422,0,0.7424394247192625,likelihood
64,power,static,H0,TWFE,,5,0.4737511811733611,0,-0.20324025982815655,likelihood
65,power,static,H0,RV,,1,0.3488372093023256,0,-0.13974248655031132,likelihood
65,power,static,H0,TWFE,,1,0.09223135531460061,1,-0.5391199350455607,likelihood
65,power,static,H0,RV,,2,0.8704318936877077,0,-0.17069361200144986,likelihood
65,power,static,H0,TWFE,,2,0.09223135531460061,1,-0.5391199350455607,likelihood
65,power,static,H0,RV,,3,0.813953488372093,0,-1.4633644775345416,likelihood
65,power,static,H0,TWFE,,3,0.09223135531460061,1,-0.5391199350455607,likelihood
65,power,static,H0,RV,,4,0.9069767441860465,0,-2.149307629259119,likelihood
65,power,static,H0,TWFE,,4,0.09223135531460061,1,-0.5391199350455607,likelihood
65,power,static,H0,RV,,5,0.920265780730897,0,-2.609321608189018,likelihood
65,power,static,H0,TWFE,,5,0.09223135531460061,1,-0.5391199350455607,likelihood
66,power,static,H0,RV,,1,0.45514950166112955,0,0.8326039623858618,likelihood
66,power,static,H0,TWFE,,1,0.04950607695805602,1,-0.6603699992903124,likelihood
66,power,static,H0,RV,,2,0.5282392026578073,0,2.7852260312866735,likelihood
66,power,static,H0,TWFE,,2,0.04950607695805602,1,-0.6603699992903124,likelihood
66,power,static,H0,RV,,3,0.6976744186046512,0,0.7507594438816213,likelihood
66,power,static,H0,TWFE,,3,0.04950607695805602,1,-0.6603699992903124,likelihood
66,power,static,H0,RV,,4,0.04983388704318937,1,0.21538038722560943,likelihood
66,power,static,H0,TWFE,,4,0.04950607695805602,1,-0.6603699992903124,likelihood
66,power,static,H0,RV,,5,0.6378737541528239,0,0.1632752301655211,likelihood
66,power,static,H0,TWFE,,5,0.04950607695805602,1,-0.6603699992903124,likelihood
67,power,static,H0,RV,,1,0.15614617940199335,0,-0.004542779012307996,likelihood
67,power,static,H0,TWFE,,1,0.015281827120458304,1,-0.6997930312888997,likelihood
67,power,static,H0,RV,,2,0.33222591362126247,0,-0.6800408105057812,likelihood
67,power,static,H0,TWFE,,2,0.015281827120458304,1,-0.6997930312888997,likelihood
67,power,static,H0,RV,,3,0.2292358803986711,0,0.3360155636520078,likelihood
67,power,static,H0,TWFE,,3,0.015281827120458304,1,-0.6997930312888997,likelihood
67,power,static,H0,RV,,4,0.13953488372093023,0,2.564769408876162,likelihood
67,power,static,H0,TWFE,,4,0.015281827120458304,1,-0.6997930312888997,likelihood
67,power,static,H0,RV,,5,0.18272425249169436,0,0.21721767181857238,likelihood
67,power,static,H0,TWFE,,5,0.015281827120458304,1,-0.6997930312888997,likelihood
68,power,static,H0,RV,,1,0.026578073089700997,1,0.7209610906134336,likelihood
68,power,static,H0,TWFE,,1,0.962745011634072,0,-0.011577864958486839,likelihood
68,power,static,H0,RV,,2,0.036544850498338874,1,1.0185696075306827,likelihood
68,power,static,H0,TWFE,,2,0.962745011634072,0,-0.011577864958486839,likelihood
68,power,static,H0,RV,,3,0.053156146179401995,1,0.49633998719674893,likelihood
68,power,static,H0,TWFE,,3,0.962745011634072,0,-0.011577864958486839,likelihood
68,power,static,H0,RV,,4,0.11295681063122924,0,-0.2695557653500197,likelihood
68,power,static,H0,TWFE,,4,0.962745011634072,0,-0.011577864958486839,likelihood
68,power,static,H0,RV,,5,0.09302325581395349,1,-0.4062161499616139,likelihood
68,power,static,H0,TWFE,,5,0.962745011634072,0,-0.011577864958486839,likelihood
69,power,static,H0,RV,,1,0.0033222591362126247,1,0.6205357228425289,likelihood
69,power,static,H0,TWFE,,1,0.7248482689602724,0,0.08409176528402026,likelihood
69,power,static,H0,RV,,2,0.029900332225913623,1,0.3215882629836512,likelihood
69,power,static,H0,TWFE,,2,0.7248482689602724,0,0.08409176528402026,likelihood
69,power,static,H0,RV,,3,0.009966777408637873,1,0.8197938190335108,likelihood
69,power,static,H0,TWFE,,3,0.7248482689602724,0,0.08409176528402026,likelihood
69,power,static,H0,RV,,4,0.0033222591362126247,1,1.0832627245281858,likelihood
69,power,static,H0,TWFE,,4,0.7248482689602724,0,0.08409176528402026,likelihood
69,power,static,H0,RV,,5,0.019933554817275746,1,0.5785634119871632,likelihood
69,power,static,H0,TWFE,,5,0.7248482689602724,0,0.08409176528402026,likelihood
70,power,static,H0,RV,,1,0.6976744186046512,0,-0.4525100943604624,likelihood
70,power,static,H0,TWFE,,1,0.06456788897631181,1,-0.5768817020273075,likelihood
70,power,static,H0,RV,,2,0.7441860465116279,0,1.9711988482169782,likelihood
70,power,static,H0,TWFE,,2,0.06456788897631181,1,-0.5768817020273075,likelihood
70,power,static,H0,RV,,3,0.7873754152823921,0,-0.33226410538459905,likelihood
70,power,static,H0,TWFE,,3,0.06456788897631181,1,-0.5768817020273075,likelihood
70,power,static,H0,RV,,4,0.8305647840531561,0,-1.1162718373267038,likelihood
70,power,static,H0,TWFE,,4,0.06456788897631181,1,-0.5768817020273075,likelihood
70,power,static,H0,RV,,5,0.8006644518272426,0,0.1864115919302458,likelihood
70,power,static,H0,TWFE,,5,0.06456788897631181,1,-0.5768817020273075,likelihood
71,power,static,H0,RV,,1,0.8305647840531561,0,-0.6591074726482529,likelihood
71,power,static,H0,TWFE,,1,0.40817603734402164,0,-0.24948556036724642,likelihood
71,power,static,H0,RV,,2,0.7342192691029901,0,0.3276604577166024,likelihood
71,power,static,H0,TWFE,,2,0.40817603734402164,0,-0.24948556036724642,likelihood
71,power,static,H0,RV,,3,0.7508305647840532,0,1.9382694556916964,likelihood
71,power,static,H0,TWFE,,3,0.40817603734402164,0,-0.24948556036724642,likelihood
71,power,static,H0,RV,,4,0.8704318936877077,0,-1.3515025258816558,likelihood
71,power,static,H0,TWFE,,4,0.40817603734402164,0,-0.24948556036724642,likelihood
71,power,static,H0,RV,,5,0.7541528239202658,0,1.2863036833961412,likelihood
71,power,static,H0,TWFE,,5,0.40817603734402164,0,-0.24948556036724642,likelihood
72,power,static,H0,RV,,1,0.12624584717607973,0,0.677691785997099,likelihood
72,power,static,H0,TWFE,,1,0.013830979650734503,1,-0.8201815390350389,likelihood
72,power,static,H0,RV,,2,0.16943521594684385,0,0.2600325800030583,likelihood
72,power,static,H0,TWFE,,2,0.013830979650734503,1,-0.8201815390350389,likelihood
72,power,static,H0,RV,,3,0.22259136212624583,0,1.130284377432778,likelihood
72,power,static,H0,TWFE,,3,0.013830979650734503,1,-0.8201815390350389,likelihood
72,power,static,H0,RV,,4,0.023255813953488372,1,3.2007433124969014,likelihood
72,power,static,H0,TWFE,,4,0.013830979650734503,1,-0.8201815390350389,likelihood
72,power,static,H0,RV,,5,0.15282392026578073,0,0.9320343155483769,likelihood
72,power,static,H0,TWFE,,5,0.013830979650734503,1,-0.8201815390350389,likelihood
73,power,static,H0,RV,,1,0.22591362126245848,0,-0.40633625800056644,likelihood
73,power,static,H0,TWFE,,1,0.45894898284869146,0,-0.20083095197365558,likelihood
73,power,static,H0,RV,,2,0.24584717607973422,0,0.07742183645279935,likelihood
73,power,static,H0,TWFE,,2,0.45894898284869146,0,-0.20083095197365558,likelihood
73,power,static,H0,RV,,3,0.24584717607973422,0,-0.27363944941154206,likelihood
73,power,static,H0,TWFE,,3,0.45894898284869146,0,-0.20083095197365558,likelihood
73,power,static,H0,RV,,4,0.06312292358803986,1,0.9353720310539885,likelihood
73,power,static,H0,TWFE,,4,0.45894898284869146,0,-0.20083095197365558,likelihood
73,power,static,H0,RV,,5,0.33222591362126247,0,-0.5023790168475936,likelihood
73,power,static,H0,TWFE,,5,0.45894898284869146,0,-0.20083095197365558,likelihood
74,power,static,H0,RV,,1,0.0033222591362126247,1,1.6308102640331228,likelihood
74,power,static,H0,TWFE,,1,0.8224694725642845,0,-0.052232062448424516,likelihood
74,power,static,H0,RV,,2,0.036544850498338874,1,-0.2512010020329581,likelihood
74,power,static,H0,TWFE,,2,0.8224694725642845,0,-0.052232062448424516,likelihood
74,power,static,H0,RV,,3,0.0033222591362126247,1,1.8609588116458293,likelihood
74,power,static,H0,TWFE,,3,0.8224694725642845,0,-0.052232062448424516,likelihood
74,power,static,H0,RV,,4,0.0033222591362126247,1,2.5759781534191886,likelihood
74,power,static,H0,TWFE,,4,0.8224694725642845,0,-0.052232062448424516,likelihood
74,power,static,H0,RV,,5,0.0033222591362126247,1,0.69131620499812,likelihood
74,power,static,H0,TWFE,,5,0.8224694725642845,0,-0.052232062448424516,likelihood
75,power,static,H0,RV,,1,0.06976744186046512,1,0.06840605814422711,likelihood
75,power,static,H0,TWFE,,1,0.5021709961062144,0,-0.17650949503422161,likelihood
75,power,static,H0,RV,,2,0.03322259136212625,1,2.565886040289379,likelihood
75,power,static,H0,TWFE,,2,0.5021709961062144,0,-0.17650949503422161,likelihood
75,power,static,H0,RV,,3,0.046511627906976744,1,-0.10153468453749645,likelihood
75,power,static,H0,TWFE,,3,0.5021709961062144,0,-0.17650949503422161,likelihood
75,power,static,H0,RV,,4,0.3122923588039867,0,0.899263204991579,likelihood
75,power,static,H0,TWFE,,4,0.5021709961062144,0,-0.17650949503422161,likelihood
75,power,static,H0,RV,,5,0.08970099667774087,1,0.1594855804026564,likelihood
75,power,static,H0,TWFE,,5,0.5021709961062144,0,-0.17650949503422161,likelihood
76,power,static,H0,RV,,1,0.023255813953488372,1,0.4457468153703671,likelihood
76,power,static,H0,TWFE,,1,0.4956476708323573,0,-0.2071514905343475,likelihood
76,power,static,H0,RV,,2,0.0033222591362126247,1,1.233011680586907,likelihood
76,power,static,H0,TWFE,,2,0.4956476708323573,0,-0.2071514905343475,likelihood
76,power,static,H0,RV,,3,0.009966777408637873,1,1.3939607383740313,likelihood
76,power,static,H0,TWFE,,3,0.4956476708323573,0,-0.2071514905343475,likelihood
76,power,static,H0,RV,,4,0.13953488372093023,0,0.43119507838085686,likelihood
76,power,static,H0,TWFE,,4,0.4956476708323573,0,-0.2071514905343475,likelihood
76,power,static,H0,RV,,5,0.013289036544850499,1,1.0577222546546767,likelihood
76,power,static,H0,TWFE,,5,0.4956476708323573,0,-0.2071514905343475,likelihood
77,power,static,H0,RV,,1,0.5282392026578073,0,0.04341764299320292,likelihood
77,power,static,H0,TWFE,,1,0.9645643713502378,0,-0.01086285916135676,likelihood
77,power,static,H0,RV,,2,0.8372093023255814,0,-1.582292177585824,likelihood
77,power,static,H0,TWFE,,2,0.9645643713502378,0,-0.01086285916135676,likelihood
77,power,static,H0,RV,,3,0.4717607973421927,0,1.2986534163329764,likelihood
77,power,static,H0,TWFE,,3,0.9645643713502378,0,-0.01086285916135676,likelihood
77,power,static,H0,RV,,4,0.7441860465116279,0,-0.8284028486043425,likelihood
77,power,static,H0,TWFE,,4,0.9645643713502378,0,-0.01086285916135676,likelihood
77,power,static,H0,RV,,5,0.6445182724252492,0,-0.41871470572105685,likelihood
77,power,static,H0,TWFE,,5,0.9645643713502378,0,-0.01086285916135676,likelihood
78,power,static,H0,RV,,1,0.0033222591362126247,1,1.0625199195649266,likelihood
78,power,static,H0,TWFE,,1,0.01501590936237647,1,-0.7070470278382426,likelihood
78,power,static,H0,RV,,2,0.0033222591362126247,1,3.369299320388096,likelihood
78,power,static,H0,TWFE,,2,0.01501590936237647,1,-0.7070470278382426,likelihood
78,power,static,H0,RV,,3,0.0033222591362126247,1,0.9648394453283199,likelihood
78,power,static,H0,TWFE,,3,0.01501590936237647,1,-0.7070470278382426,likelihood
78,power,static,H0,RV,,4,0.009966777408637873,1,0.6882468646362118,likelihood
78,power,static,H0,TWFE,,4,0.01501590936237647,1,-0.7070470278382426,likelihood
78,power,static,H0,RV,,5,0.0033222591362126247,1,1.421532157790208,likelihood
78,power,static,H0,TWFE,,5,0.01501590936237647,1,-0.7070470278382426,likelihood
79,power,static,H0,RV,,1,0.07641196013289037,1,-0.3371704832501401,likelihood
79,power,static,H0,TWFE,,1,0.6468418177839005,0,0.11143704176130576,likelihood
79,power,static,H0,RV,,2,0.1760797342192691,0,-0.08952898400242368,likelihood
79,power,static,H0,TWFE,,2,0.6468418177839005,0,0.11143704176130576,likelihood
79,power,static,H0,RV,,3,0.08970099667774087,1,0.5215710127331827,likelihood
79,power,static,H0,TWFE,,3,0.6468418177839005,0,0.11143704176130576,likelihood
79,power,static,H0,RV,,4,0.0033222591362126247,1,1.4087348914852946,likelihood
79,power,static,H0,TWFE,,4,0.6468418177839005,0,0.11143704176130576,likelihood
79,power,static,H0,RV,,5,0.07973421926910298,1,0.8113405476397023,likelihood
79,power,static,H0,TWFE,,5,0.6468418177839005,0,0.11143704176130576,likelihood
80,power,static,H0,RV,,1,0.7873754152823921,0,-1.730538541880335,likelihood
80,power,static,H0,TWFE,,1,0.1566946964029668,0,-0.4534068263512972,likelihood
80,power,static,H0,RV,,2,0.7873754152823921,0,-0.6287634131916832,likelihood
80,power,static,H0,TWFE,,2,0.1566946964029668,0,-0.4534068263512972,likelihood
80,power,static,H0,RV,,3,0.7873754152823921,0,-1.8543531408579716,likelihood
80,power,static,H0,TWFE,,3,0.1566946964029668,0,-0.4534068263512972,likelihood
80,power,static,H0,RV,,4,0.04318936877076412,1,1.0871974714694779,likelihood
80,power,static,H0,TWFE,,4,0.1566946964029668,0,-0.4534068263512972,likelihood
80,power,static,H0,RV,,5,0.7807308970099668,0,-1.4300605393914032,likelihood
80,power,static,H0,TWFE,,5,0.1566946964029668,0,-0.4534068263512972,likelihood
81,power,static,H0,RV,,1,0.11627906976744186,0,1.1365543140089762,likelihood
81,power,static,H0,TWFE,,1,0.4252800876428753,0,-0.21610952611897843,likelihood
81,power,static,H0,RV,,2,0.28903654485049834,0,-0.9695716026609557,likelihood
81,power,static,H0,TWFE,,2,0.4252800876428753,0,-0.21610952611897843,likelihood
81,power,static,H0,RV,,3,0.12292358803986711,0,0.9515831115992412,likelihood
81,power,static,H0,TWFE,,3,0.4252800876428753,0,-0.21610952611897843,likelihood
81,power,static,H0,RV,,4,0.08305647840531562,1,1.0551353302047097,likelihood
81,power,static,H0,TWFE,,4,0.4252800876428753,0,-0.21610952611897843,likelihood
81,power,static,H0,RV,,5,0.2591362126245847,0,-0.4160555366110884,likelihood
81,power,static,H0,TWFE,,5,0.4252800876428753,0,-0.21610952611897843,likelihood
82,power,static,H0,RV,,1,0.03986710963455149,1,2.256516567843258,likelihood
82,power,static,H0,TWFE,,1,0.034057275253061084,1,-0.5544229194347711,likelihood
82,power,static,H0,RV,,2,0.029900332225913623,1,2.5360319075330535,likelihood
82,power,static,H0,TWFE,,2,0.034057275253061084,1,-0.5544229194347711,likelihood
82,power,static,H0,RV,,3,0.029900332225913623,1,2.8662245178721895,likelihood
82,power,static,H0,TWFE,,3,0.034057275253061084,1,-0.5544229194347711,likelihood
82,power,static,H0,RV,,4,0.006644518272425249,1,0.11842850361208708,likelihood
82,power,static,H0,TWFE,,4,0.034057275253061084,1,-0.5544229194347711,likelihood
82,power,static,H0,RV,,5,0.09302325581395349,1,0.06121986136345168,likelihood
82,power,static,H0,TWFE,,5,0.034057275253061084,1,-0.5544229194347711,likelihood
83,power,static,H0,RV,,1,0.0033222591362126247,1,2.467359120720154,likelihood
83,power,static,H0,TWFE,,1,0.2752107291281194,0,-0.3681966528401574,likelihood
83,power,static,H0,RV,,2,0.0033222591362126247,1,2.0327077471969788,likelihood
83,power,static,H0,TWFE,,2,0.2752107291281194,0,-0.3681966528401574,likelihood
83,power,static,H0,RV,,3,0.0033222591362126247,1,0.17695779498422942,likelihood
83,power,static,H0,TWFE,,3,0.2752107291281194,0,-0.3681966528401574,likelihood
83,power,static,H0,RV,,4,0.0033222591362126247,1,3.1307201036927443,likelihood
83,power,static,H0,TWFE,,4,0.2752107291281194,0,-0.3681966528401574,likelihood
83,power,static,H0,RV,,5,0.0033222591362126247,1,0.2188764579323091,likelihood
83,power,static,H0,TWFE,,5,0.2752107291281194,0,-0.3681966528401574,likelihood
84,power,static,H0,RV,,1,0.023255813953488372,1,0.6415982321250202,likelihood
84,power,static,H0,TWFE,,1,0.17434401572849542,0,-0.4475855092189333,likelihood
84,power,static,H0,RV,,2,0.019933554817275746,1,0.37404504359362145,likelihood
84,power,static,H0,TWFE,,2,0.17434401572849542,0,-0.4475855092189333,likelihood
84,power,static,H0,RV,,3,0.05647840531561462,1,1.6415832142764473,likelihood
84,power,static,H0,TWFE,,3,0.17434401572849542,0,-0.4475855092189333,likelihood
84,power,static,H0,RV,,4,0.019933554817275746,1,0.8489539581276512,likelihood
84,power,static,H0,TWFE,,4,0.17434401572849542,0,-0.4475855092189333,likelihood
84,power,static,H0,RV,,5,0.05647840531561462,1,0.8727701408047978,likelihood
84,power,static,H0,TWFE,,5,0.17434401572849542,0,-0.4475855092189333,likelihood
85,power,static,H0,RV,,1,0.0033222591362126247,1,1.5356729680180121,likelihood
85,power,static,H0,TWFE,,1,0.4078405169686814,0,-0.18502979798131772,likelihood
85,power,static,H0,RV,,2,0.06312292358803986,1,-0.37457074613072183,likelihood
85,power,static,H0,TWFE,,2,0.4078405169686814,0,-0.18502979798131772,likelihood
85,power,static,H0,RV,,3,0.0033222591362126247,1,3.621176604601865,likelihood
85,power,static,H0,TWFE,,3,0.4078405169686814,0,-0.18502979798131772,likelihood
85,power,static,H0,RV,,4,0.0033222591362126247,1,3.6492652248190027,likelihood
85,power,static,H0,TWFE,,4,0.4078405169686814,0,-0.18502979798131772,likelihood
85,power,static,H0,RV,,5,0.0033222591362126247,1,0.839343442894154,likelihood
85,power,static,H0,TWFE,,5,0.4078405169686814,0,-0.18502979798131772,likelihood
86,power,static,H0,RV,,1,0.06976744186046512,1,-0.02147070909934712,likelihood
86,power,static,H0,TWFE,,1,0.40085779101014796,0,-0.19780142481170526,likelihood
86,power,static,H0,RV,,2,0.23255813953488372,0,0.7214846764455238,likelihood
86,power,static,H0,TWFE,,2,0.40085779101014796,0,-0.19780142481170526,likelihood
86,power,static,H0,RV,,3,0.06312292358803986,1,0.7016148146922653,likelihood
86,power,static,H0,TWFE,,3,0.40085779101014796,0,-0.19780142481170526,likelihood
86,power,static,H0,RV,,4,0.059800664451827246,1,0.2681218573214384,likelihood
86,power,static,H0,TWFE,,4,0.40085779101014796,0,-0.19780142481170526,likelihood
86,power,static,H0,RV,,5,0.15946843853820597,0,0.7747487304473173,likelihood
86,power,static,H0,TWFE,,5,0.40085779101014796,0,-0.19780142481170526,likelihood
87,power,static,H0,RV,,1,0.17275747508305647,0,1.9468454956497723,likelihood
87,power,static,H0,TWFE,,1,0.23784389575510717,0,-0.3028268488764425,likelihood
87,power,static,H0,RV,,2,0.2691029900332226,0,-0.34691354515629225,likelihood
87,power,static,H0,TWFE,,2,0.23784389575510717,0,-0.3028268488764425,likelihood
87,power,static,H0,RV,,3,0.19933554817275748,0,0.5900664203983691,likelihood
87,power,static,H0,TWFE,,3,0.23784389575510717,0,-0.3028268488764425,likelihood
87,power,static,H0,RV,,4,0.08637873754152824,1,2.4666356750190084,likelihood
87,power,static,H0,TWFE,,4,0.23784389575510717,0,-0.3028268488764425,likelihood
87,power,static,H0,RV,,5,0.26578073089701,0,-0.2868574308946847,likelihood
87,power,static,H0,TWFE,,5,0.23784389575510717,0,-0.3028268488764425,likelihood
88,power,static,H0,RV,,1,0.07641196013289037,1,0.39557570572931905,likelihood
88,power,static,H0,TWFE,,1,0.19222726772596227,0,-0.35551306340444,likelihood
88,power,static,H0,RV,,2,0.18604651162790697,0,2.601886025234769,likelihood
88,power,static,H0,TWFE,,2,0.19222726772596227,0,-0.35551306340444,likelihood
88,power,static,H0,RV,,3,0.07308970099667775,1,0.8664247309115247,likelihood
88,power,static,H0,TWFE,,3,0.19222726772596227,0,-0.35551306340444,likelihood
88,power,static,H0,RV,,4,0.8438538205980066,0,-0.015194499878300419,likelihood
88,power,static,H0,TWFE,,4,0.19222726772596227,0,-0.35551306340444,likelihood
88,power,static,H0,RV,,5,0.16943521594684385,0,0.024681763542804224,likelihood
88,power,static,H0,TWFE,,5,0.19222726772596227,0,-0.35551306340444,likelihood
89,power,static,H0,RV,,1,0.42524916943521596,0,0.328599866161421,likelihood
89,power,static,H0,TWFE,,1,0.27482753122652853,0,0.2889375128813363,likelihood
89,power,static,H0,RV,,2,0.4983388704318937,0,3.025925896839172,likelihood
89,power,static,H0,TWFE,,2,0.27482753122652853,0,0.2889375128813363,likelihood
89,power,static,H0,RV,,3,0.5780730897009967,0,-0.7301654408456898,likelihood
89,power,static,H0,TWFE,,3,0.27482753122652853,0,0.2889375128813363,likelihood
89,power,static,H0,RV,,4,0.2724252491694352,0,1.404088097738779,likelihood
89,power,static,H0,TWFE,,4,0.27482753122652853,0,0.2889375128813363,likelihood
89,power,static,H0,RV,,5,0.40863787375415284,0,0.5648329261609867,likelihood
89,power,static,H0,TWFE,,5,0.27482753122652853,0,0.2889375128813363,likelihood
90,power,static,H0,RV,,1,0.6910299003322259,0,0.3447469471847343,likelihood
90,power,static,H0,TWFE,,1,0.9906215349691547,0,0.0037714204422391946,likelihood
90,power,static,H0,RV,,2,0.0033222591362126247,1,0.6294189737270007,likelihood
90,power,static,H0,TWFE,,2,0.9906215349691547,0,0.0037714204422391946,likelihood
90,power,static,H0,RV,,3,0.8239202657807309,0,-0.9027083630635847,likelihood
90,power,static,H0,TWFE,,3,0.9906215349691547,0,0.0037714204422391946,likelihood
90,power,static,H0,RV,,4,0.8073089700996677,0,-0.9516685982417394,likelihood
90,power,static,H0,TWFE,,4,0.9906215349691547,0,0.0037714204422391946,likelihood
90,power,static,H0,RV,,5,0.8272425249169435,0,-2.3015647175441942,likelihood
90,power,static,H0,TWFE,,5,0.9906215349691547,0,0.0037714204422391946,likelihood
91,power,static,H0,RV,,1,0.10299003322259136,0,0.6990463433466547,likelihood
91,power,static,H0,TWFE,,1,0.18491345770893766,0,-0.3708891800496921,likelihood
91,power,static,H0,RV,,2,0.23588039867109634,0,0.25374052487459786,likelihood
91,power,static,H0,TWFE,,2,0.18491345770893766,0,-0.3708891800496921,likelihood
91,power,static,H0,RV,,3,0.28903654485049834,0,-0.9396196056178902,likelihood
91,power,static,H0,TWFE,,3,0.18491345770893766,0,-0.3708891800496921,likelihood
91,power,static,H0,RV,,4,0.0664451827242525,1,1.1918213902575223,likelihood
91,power,static,H0,TWFE,,4,0.18491345770893766,0,-0.3708891800496921,likelihood
91,power,static,H0,RV,,5,0.4750830564784053,0,-0.9490549979693302,likelihood
91,power,static,H0,TWFE,,5,0.18491345770893766,0,-0.3708891800496921,likelihood
92,power,static,H0,RV,,1,0.12624584717607973,0,0.739346174308259,likelihood
92,power,static,H0,TWFE,,1,0.2009803548236224,0,-0.3173801350050586,likelihood
92,power,static,H0,RV,,2,0.1362126245847176,0,0.17757210952453398,likelihood
92,power,static,H0,TWFE,,2,0.2009803548236224,0,-0.3173801350050586,likelihood
92,power,static,H0,RV,,3,0.2724252491694352,0,1.2228286810095148,likelihood
92,power,static,H0,TWFE,,3,0.2009803548236224,0,-0.3173801350050586,likelihood
92,power,static,H0,RV,,4,0.17940199335548174,0,0.9333213196579934,likelihood
92,power,static,H0,TWFE,,4,0.2009803548236224,0,-0.3173801350050586,likelihood
92,power,static,H0,RV,,5,0.10299003322259136,0,0.7379739467322042,likelihood
92,power,static,H0,TWFE,,5,0.2009803548236224,0,-0.3173801350050586,likelihood
93,power,static,H0,RV,,1,0.06312292358803986,1,0.655425384748859,likelihood
93,power,static,H0,TWFE,,1,0.11174976960325156,0,-0.37903433494001965,likelihood
93,power,static,H0,RV,,2,0.23255813953488372,0,-0.18925287589342304,likelihood
93,power,static,H0,TWFE,,2,0.11174976960325156,0,-0.37903433494001965,likelihood
93,power,static,H0,RV,,3,0.07973421926910298,1,1.0059082974434541,likelihood
93,power,static,H0,TWFE,,3,0.11174976960325156,0,-0.37903433494001965,likelihood
93,power,static,H0,RV,,4,0.0033222591362126247,1,1.4025306912520914,likelihood
93,power,static,H0,TWFE,,4,0.11174976960325156,0,-0.37903433494001965,likelihood
93,power,static,H0,RV,,5,0.09634551495016612,1,0.45569233188583497,likelihood
93,power,static,H0,TWFE,,5,0.11174976960325156,0,-0.37903433494001965,likelihood
94,power,static,H0,RV,,1,0.016611295681063124,1,0.6083243224315126,likelihood
94,power,static,H0,TWFE,,1,0.5090210651470228,0,-0.21113201735070045,likelihood
94,power,static,H0,RV,,2,0.09966777408637874,1,0.3778681312663722,likelihood
94,power,static,H0,TWFE,,2,0.5090210651470228,0,-0.21113201735070045,likelihood
94,power,static,H0,RV,,3,0.036544850498338874,1,1.4334092479283587,likelihood
94,power,static,H0,TWFE,,3,0.5090210651470228,0,-0.21113201735070045,likelihood
94,power,static,H0,RV,,4,0.0033222591362126247,1,1.3882059670008355,likelihood
94,power,static,H0,TWFE,,4,0.5090210651470228,0,-0.21113201735070045,likelihood
94,power,static,H0,RV,,5,0.023255813953488372,1,1.2004944003852127,likelihood
94,power,static,H0,TWFE,,5,0.5090210651470228,0,-0.21113201735070045,likelihood
95,power,static,H0,RV,,1,0.0033222591362126247,1,1.2160132785591347,likelihood
95,power,static,H0,TWFE,,1,0.7588568692091817,0,0.07730140210444708,likelihood
95,power,static,H0,RV,,2,0.09302325581395349,1,-0.15514701232763772,likelihood
95,power,static,H0,TWFE,,2,0.7588568692091817,0,0.07730140210444708,likelihood
95,power,static,H0,RV,,3,0.013289036544850499,1,1.83289120702795,likelihood
95,power,static,H0,TWFE,,3,0.7588568692091817,0,0.07730140210444708,likelihood
95,power,static,H0,RV,,4,0.029900332225913623,1,0.8879144319378071,likelihood
95,power,static,H0,TWFE,,4,0.7588568692091817,0,0.07730140210444708,likelihood
95,power,static,H0,RV,,5,0.06312292358803986,1,0.19565391293861084,likelihood
95,power,static,H0,TWFE,,5,0.7588568692091817,0,0.07730140210444708,likelihood
96,power,static,H0,RV,,1,0.0033222591362126247,1,2.73739682805321,likelihood
96,power,static,H0,TWFE,,1,0.5979940422779264,0,-0.15405244956418976,likelihood
96,power,static,H0,RV,,2,0.0033222591362126247,1,6.377737778669621,likelihood
96,power,static,H0,TWFE,,2,0.5979940422779264,0,-0.15405244956418976,likelihood
96,power,static,H0,RV,,3,0.016611295681063124,1,1.7480803808209857,likelihood
96,power,static,H0,TWFE,,3,0.5979940422779264,0,-0.15405244956418976,likelihood
96,power,static,H0,RV,,4,0.006644518272425249,1,1.005652449919243,likelihood
96,power,static,H0,TWFE,,4,0.5979940422779264,0,-0.15405244956418976,likelihood
96,power,static,H0,RV,,5,0.0033222591362126247,1,1.982325119747093,likelihood
96,power,static,H0,TWFE,,5,0.5979940422779264,0,-0.15405244956418976,likelihood
97,power,static,H0,RV,,1,0.019933554817275746,1,1.9673705554647813,likelihood
97,power,static,H0,TWFE,,1,0.30438852600401795,0,-0.28745124422249985,likelihood
97,power,static,H0,RV,,2,0.016611295681063124,1,1.5638169128624266,likelihood
97,power,static,H0,TWFE,,2,0.30438852600401795,0,-0.28745124422249985,likelihood
97,power,static,H0,RV,,3,0.016611295681063124,1,3.423534113834298,likelihood
97,power,static,H0,TWFE,,3,0.30438852600401795,0,-0.28745124422249985,likelihood
97,power,static,H0,RV,,4,0.07641196013289037,1,1.0485584466796245,likelihood
97,power,static,H0,TWFE,,4,0.30438852600401795,0,-0.28745124422249985,likelihood
97,power,static,H0,RV,,5,0.016611295681063124,1,2.343555563533477,likelihood
97,power,static,H0,TWFE,,5,0.30438852600401795,0,-0.28745124422249985,likelihood
98,power,static,H0,RV,,1,0.0033222591362126247,1,1.4864930466166832,likelihood
98,power,static,H0,TWFE,,1,0.030031048666733694,1,-0.6881115982838345,likelihood
98,power,static,H0,RV,,2,0.0033222591362126247,1,2.446238843459544,likelihood
98,power,static,H0,TWFE,,2,0.030031048666733694,1,-0.6881115982838345,likelihood
98,power,static,H0,RV,,3,0.009966777408637873,1,2.5345973854046187,likelihood
98,power,static,H0,TWFE,,3,0.030031048666733694,1,-0.6881115982838345,likelihood
98,power,static,H0,RV,,4,0.0033222591362126247,1,0.9364499833484032,likelihood
98,power,static,H0,TWFE,,4,0.030031048666733694,1,-0.6881115982838345,likelihood
98,power,static,H0,RV,,5,0.0033222591362126247,1,1.9631030425877352,likelihood
98,power,static,H0,TWFE,,5,0.030031048666733694,1,-0.6881115982838345,likelihood
99,power,static,H0,RV,,1,0.0033222591362126247,1,1.68503554485249,likelihood
99,power,static,H0,TWFE,,1,0.09508278155866008,1,-0.5622905313693235,likelihood
99,power,static,H0,RV,,2,0.013289036544850499,1,0.2822097773140415,likelihood
99,power,static,H0,TWFE,,2,0.09508278155866008,1,-0.5622905313693235,likelihood
99,power,static,H0,RV,,3,0.0033222591362126247,1,1.6764199872639878,likelihood
99,power,static,H0,TWFE,,3,0.09508278155866008,1,-0.5622905313693235,likelihood
99,power,static,H0,RV,,4,0.03986710963455149,1,0.1053942254409002,likelihood
99,power,static,H0,TWFE,,4,0.09508278155866008,1,-0.5622905313693235,likelihood
99,power,static,H0,RV,,5,0.08970099667774087,1,-0.5928530632377967,likelihood
99,power,static,H0,TWFE,,5,0.09508278155866008,1,-0.5622905313693235,likelihood
