rep,N,assumption,option,experiment,dgp_name,mu_rmse,mu_nmse,mu_mse,mu_variance,moment_rmse,moment_nmse,moment_mse,moment_variance,tau_rmse,tau_nmse,tau_mse,tau_variance,mu_config,moment_config
0,200,lagged,nonparametric,raw,lagged_shared_easy_linear_last_lag,0.0630444517560852,0.019633285854213638,0.003974602897225354,0.20244206327655218,0.025747569917515607,0.11221697230123093,0.0006629373566573546,0.00590763895213454,0.31462117529222233,0.01887300592036134,0.0989864839422593,5.244871132873788,"{'n_estimators': 40, 'learning_rate': 0.1, 'max_depth': 1, 'subsample': 1.0, 'min_samples_leaf': 50}","{'n_estimators': 60, 'learning_rate': 0.1, 'max_depth': 1, 'subsample': 1.0, 'min_samples_leaf': 50}"
1,200,lagged,nonparametric,raw,lagged_shared_easy_linear_last_lag,0.06235986779726453,0.01916751187281137,0.00388875311169231,0.20288252004207222,0.029028797788501436,0.14181726009016948,0.0008426711010457058,0.005941950228836202,0.637704925762205,0.07771558993228278,0.4066675723413795,5.232766973727252,"{'n_estimators': 40, 'learning_rate': 0.1, 'max_depth': 1, 'subsample': 1.0, 'min_samples_leaf': 50}","{'n_estimators': 60, 'learning_rate': 0.1, 'max_depth': 1, 'subsample': 1.0, 'min_samples_leaf': 50}"
2,200,lagged,nonparametric,raw,lagged_shared_easy_linear_last_lag,0.1028349044427723,0.052681913462453746,0.01057501757175411,0.20073336135163153,0.03791917274333648,0.24694908877559338,0.0014378636615389922,0.005822510496670033,0.7986876334806718,0.12096112307355435,0.6379019358749559,5.273611220417149,"{'n_estimators': 40, 'learning_rate': 0.1, 'max_depth': 1, 'subsample': 1.0, 'min_samples_leaf': 50}","{'n_estimators': 60, 'learning_rate': 0.1, 'max_depth': 1, 'subsample': 1.0, 'min_samples_leaf': 50}"
3,200,lagged,nonparametric,raw,lagged_shared_easy_linear_last_lag,0.0614149848579591,0.018986121177305356,0.003771800365103345,0.19866092341240738,0.023928855754534784,0.09966644748929254,0.0005725901377213325,0.005745064183037602,0.3290499344829842,0.02043285749421971,0.10827385938325619,5.299007219811815,"{'n_estimators': 40, 'learning_rate': 0.1, 'max_depth': 1, 'subsample': 1.0, 'min_samples_leaf': 50}","{'n_estimators': 60, 'learning_rate': 0.1, 'max_depth': 1, 'subsample': 1.0, 'min_samples_leaf': 50}"
4,200,lagged,nonparametric,raw,lagged_shared_easy_linear_last_lag,0.06437992968315744,0.020559641451772782,0.0041447753460082965,0.20159764729996826,0.026594843854610417,0.12139585889495381,0.0007072857196511095,0.005826275509637751,1.0592756058033856,0.21270298097112172,1.1220648090501297,5.2752660255498265,"{'n_estimators': 40, 'learning_rate': 0.1, 'max_depth': 1, 'subsample': 1.0, 'min_samples_leaf': 50}","{'n_estimators': 60, 'learning_rate': 0.1, 'max_depth': 1, 'subsample': 1.0, 'min_samples_leaf': 50}"
5,200,lagged,nonparametric,raw,lagged_shared_easy_linear_last_lag,0.07752911836209961,0.030020031271085712,0.00601076419400445,0.2002251143486921,0.027036479196799405,0.12654230511948517,0.0007309712073589671,0.005776496695462924,0.7411472935855131,0.10381168437242198,0.5492993107891309,5.291305252485187,"{'n_estimators': 40, 'learning_rate': 0.1, 'max_depth': 1, 'subsample': 1.0, 'min_samples_leaf': 50}","{'n_estimators': 60, 'learning_rate': 0.1, 'max_depth': 1, 'subsample': 1.0, 'min_samples_leaf': 50}"
6,200,lagged,nonparametric,raw,lagged_shared_easy_linear_last_lag,0.0651115101387949,0.021273676912391366,0.004239508752554391,0.1992842502033575,0.023638069228348397,0.09647633663463084,0.0005587583168441913,0.005791661834759397,0.3753681725786164,0.026679587186064762,0.14090126498500993,5.28123857398383,"{'n_estimators': 40, 'learning_rate': 0.1, 'max_depth': 1, 'subsample': 1.0, 'min_samples_leaf': 50}","{'n_estimators': 60, 'learning_rate': 0.1, 'max_depth': 1, 'subsample': 1.0, 'min_samples_leaf': 50}"
7,200,lagged,nonparametric,raw,lagged_shared_easy_linear_last_lag,0.08295056637160006,0.034401606993205484,0.006880796461369226,0.20001380931792584,0.03245950595402523,0.18203419000425797,0.0010536195267793996,0.00578803095591413,0.5276054881362358,0.05266580295807801,0.27836755111147565,5.285546511710004,"{'n_estimators': 40, 'learning_rate': 0.1, 'max_depth': 1, 'subsample': 1.0, 'min_samples_leaf': 50}","{'n_estimators': 60, 'learning_rate': 0.1, 'max_depth': 1, 'subsample': 1.0, 'min_samples_leaf': 50}"
8,200,lagged,nonparametric,raw,lagged_shared_easy_linear_last_lag,0.058191326946581946,0.01713054566606272,0.003386230531803994,0.19767207640749276,0.02825144096675237,0.13837290163609617,0.000798143916697894,0.005768065186613742,0.6321098818223767,0.07559946792366186,0.399562902697499,5.285260778567463,"{'n_estimators': 40, 'learning_rate': 0.1, 'max_depth': 1, 'subsample': 1.0, 'min_samples_leaf': 50}","{'n_estimators': 60, 'learning_rate': 0.1, 'max_depth': 1, 'subsample': 1.0, 'min_samples_leaf': 50}"
9,200,lagged,nonparametric,raw,lagged_shared_easy_linear_last_lag,0.06670722386648167,0.022011118595043653,0.004449853715972902,0.20216390624395147,0.026576948194990093,0.11840591313896909,0.0007063341753591872,0.005965362342421077,1.397545418388791,0.3740954933077625,1.953133196459501,5.220948210816025,"{'n_estimators': 40, 'learning_rate': 0.1, 'max_depth': 1, 'subsample': 1.0, 'min_samples_leaf': 50}","{'n_estimators': 60, 'learning_rate': 0.1, 'max_depth': 1, 'subsample': 1.0, 'min_samples_leaf': 50}"
10,200,lagged,nonparametric,raw,lagged_shared_easy_linear_last_lag,0.07528923097326913,0.027738737012906606,0.005668468300546269,0.2043520690184552,0.02864476841973339,0.1368762593121464,0.0008205227578201554,0.005994631661791347,0.4418621404816721,0.03742076206295174,0.19524215119104493,5.217481965294971,"{'n_estimators': 40, 'learning_rate': 0.1, 'max_depth': 1, 'subsample': 1.0, 'min_samples_leaf': 50}","{'n_estimators': 60, 'learning_rate': 0.1, 'max_depth': 1, 'subsample': 1.0, 'min_samples_leaf': 50}"
11,200,lagged,nonparametric,raw,lagged_shared_easy_linear_last_lag,0.06968833466694797,0.0241668536286413,0.004856463988652544,0.20095557590074178,0.02109140132193065,0.0761181695521123,0.00044484720972273804,0.0058441658849689646,0.271040993150506,0.013952130236546794,0.07346321996801264,5.265376592857484,"{'n_estimators': 40, 'learning_rate': 0.1, 'max_depth': 1, 'subsample': 1.0, 'min_samples_leaf': 50}","{'n_estimators': 60, 'learning_rate': 0.1, 'max_depth': 1, 'subsample': 1.0, 'min_samples_leaf': 50}"
12,200,lagged,nonparametric,raw,lagged_shared_easy_linear_last_lag,0.06854246581369154,0.023284249208528344,0.004698069619821073,0.2017702859021242,0.03241351323365402,0.1792543031705963,0.0010506358401482642,0.005861147105341032,0.9329142898727947,0.16541880565744657,0.8703290722488607,5.261367163121466,"{'n_estimators': 40, 'learning_rate': 0.1, 'max_depth': 1, 'subsample': 1.0, 'min_samples_leaf': 50}","{'n_estimators': 60, 'learning_rate': 0.1, 'max_depth': 1, 'subsample': 1.0, 'min_samples_leaf': 50}"
13,200,lagged,nonparametric,raw,lagged_shared_easy_linear_last_lag,0.05829259524590995,0.016847239943440853,0.003398026660503483,0.20169634147262433,0.021451362210275667,0.07823629339832415,0.000460160940676443,0.00588168125927985,0.5925352460038857,0.0668419654843305,0.35109801775688537,5.252658493999431,"{'n_estimators': 40, 'learning_rate': 0.1, 'max_depth': 1, 'subsample': 1.0, 'min_samples_leaf': 50}","{'n_estimators': 60, 'learning_rate': 0.1, 'max_depth': 1, 'subsample': 1.0, 'min_samples_leaf': 50}"
14,200,lagged,nonparametric,raw,lagged_shared_easy_linear_last_lag,0.06427412742839851,0.02060427554121184,0.004131163456682009,0.20050030142622693,0.02690112069771241,0.12462735408615899,0.000723670294792891,0.0058066730221408205,0.30737463145024124,0.017895708626083424,0.09447916405917162,5.279431288988801,"{'n_estimators': 40, 'learning_rate': 0.1, 'max_depth': 1, 'subsample': 1.0, 'min_samples_leaf': 50}","{'n_estimators': 60, 'learning_rate': 0.1, 'max_depth': 1, 'subsample': 1.0, 'min_samples_leaf': 50}"
15,200,lagged,nonparametric,raw,lagged_shared_easy_linear_last_lag,0.06563108138170838,0.021716851195248243,0.004307438843332429,0.19834546015008467,0.020701219861568664,0.07336284543845485,0.00042854050375700485,0.005841383348694043,0.3101224553618151,0.018295491377998404,0.096175937319641,5.256810835663,"{'n_estimators': 40, 'learning_rate': 0.1, 'max_depth': 1, 'subsample': 1.0, 'min_samples_leaf': 50}","{'n_estimators': 60, 'learning_rate': 0.1, 'max_depth': 1, 'subsample': 1.0, 'min_samples_leaf': 50}"
16,200,lagged,nonparametric,raw,lagged_shared_easy_linear_last_lag,0.07212280324173805,0.025665181309291202,0.005201698747446459,0.2026753165995894,0.03663073959415595,0.22784645607105566,0.0013418110832148643,0.00588910227682633,1.0289286019309904,0.20153138430176293,1.0586940678716628,5.253246642152905,"{'n_estimators': 40, 'learning_rate': 0.1, 'max_depth': 1, 'subsample': 1.0, 'min_samples_leaf': 50}","{'n_estimators': 60, 'learning_rate': 0.1, 'max_depth': 1, 'subsample': 1.0, 'min_samples_leaf': 50}"
17,200,lagged,nonparametric,raw,lagged_shared_easy_linear_last_lag,0.0712038538401764,0.024654386528791653,0.005069988801693203,0.20564246430437103,0.025821336050548836,0.11234830115016076,0.0006667413954353729,0.005934592589381748,0.9503201207436638,0.17215907340843223,0.9031083318902516,5.245778302649821,"{'n_estimators': 40, 'learning_rate': 0.1, 'max_depth': 1, 'subsample': 1.0, 'min_samples_leaf': 50}","{'n_estimators': 60, 'learning_rate': 0.1, 'max_depth': 1, 'subsample': 1.0, 'min_samples_leaf': 50}"
18,200,lagged,nonparametric,raw,lagged_shared_easy_linear_last_lag,0.0744924084589591,0.027685894984665078,0.005549118918016402,0.20043126368463074,0.030079118988555583,0.15579774059037083,0.0009047533991276851,0.005807230552248483,0.7118937452312528,0.09600283308070628,0.5067927044993799,5.278934883862611,"{'n_estimators': 40, 'learning_rate': 0.1, 'max_depth': 1, 'subsample': 1.0, 'min_samples_leaf': 50}","{'n_estimators': 60, 'learning_rate': 0.1, 'max_depth': 1, 'subsample': 1.0, 'min_samples_leaf': 50}"
19,200,lagged,nonparametric,raw,lagged_shared_easy_linear_last_lag,0.0642504968752069,0.020631670797131095,0.004128126348710971,0.20008686593065458,0.03199012290168797,0.17507653098327233,0.0010233679632651012,0.005845260684099794,1.2386198370494237,0.29157565099146776,1.534179100732341,5.261684559446409,"{'n_estimators': 40, 'learning_rate': 0.1, 'max_depth': 1, 'subsample': 1.0, 'min_samples_leaf': 50}","{'n_estimators': 60, 'learning_rate': 0.1, 'max_depth': 1, 'subsample': 1.0, 'min_samples_leaf': 50}"
0,400,lagged,nonparametric,raw,lagged_shared_easy_linear_last_lag,0.044763729480843124,0.009968998608471377,0.0020037914770341036,0.20100228274997825,0.022150344211682105,0.08390750677455892,0.0004906377486959989,0.005847364169861881,0.40907031366154195,0.03178790093194045,0.1673385215191523,5.264220556035857,"{'n_estimators': 40, 'learning_rate': 0.1, 'max_depth': 1, 'subsample': 1.0, 'min_samples_leaf': 50}","{'n_estimators': 60, 'learning_rate': 0.1, 'max_depth': 1, 'subsample': 1.0, 'min_samples_leaf': 50}"
1,400,lagged,nonparametric,raw,lagged_shared_easy_linear_last_lag,0.06032104709777473,0.018314927555346593,0.003638628722971957,0.1986701127796571,0.01704483370931686,0.05025145205568883,0.0002905263561782644,0.005781451963941303,0.27426723644615364,0.014237827729480216,0.07522251698781034,5.2832860754494115,"{'n_estimators': 40, 'learning_rate': 0.1, 'max_depth': 1, 'subsample': 1.0, 'min_samples_leaf': 50}","{'n_estimators': 60, 'learning_rate': 0.1, 'max_depth': 1, 'subsample': 1.0, 'min_samples_leaf': 50}"
2,400,lagged,nonparametric,raw,lagged_shared_easy_linear_last_lag,0.05864511471154827,0.01718815029199129,0.0034392494795306553,0.20009421730115728,0.01759462341269377,0.0533249593633614,0.0003095707730345118,0.0058053635057659725,0.24690061615771286,0.01154880902628125,0.060959914259058265,5.278458940686764,"{'n_estimators': 40, 'learning_rate': 0.1, 'max_depth': 1, 'subsample': 1.0, 'min_samples_leaf': 50}","{'n_estimators': 60, 'learning_rate': 0.1, 'max_depth': 1, 'subsample': 1.0, 'min_samples_leaf': 50}"
3,400,lagged,nonparametric,raw,lagged_shared_easy_linear_last_lag,0.05140346071717751,0.013028693845560862,0.0026423157737024113,0.20280741914913455,0.022215705758882945,0.08475949577443599,0.0004935375823652649,0.0058227998863829835,0.7114886534574231,0.09585115596337508,0.506216103998657,5.281272812109676,"{'n_estimators': 40, 'learning_rate': 0.1, 'max_depth': 1, 'subsample': 1.0, 'min_samples_leaf': 50}","{'n_estimators': 60, 'learning_rate': 0.1, 'max_depth': 1, 'subsample': 1.0, 'min_samples_leaf': 50}"
4,400,lagged,nonparametric,raw,lagged_shared_easy_linear_last_lag,0.05514982625972203,0.015117328065955483,0.0030415033364775256,0.20119318197023522,0.02044922107925288,0.07168319906562658,0.00041817064274816024,0.005833593480744651,0.39277024449413306,0.02926918530315252,0.15426846495998106,5.270678475063846,"{'n_estimators': 40, 'learning_rate': 0.1, 'max_depth': 1, 'subsample': 1.0, 'min_samples_leaf': 50}","{'n_estimators': 60, 'learning_rate': 0.1, 'max_depth': 1, 'subsample': 1.0, 'min_samples_leaf': 50}"
5,400,lagged,nonparametric,raw,lagged_shared_easy_linear_last_lag,0.05955517314085146,0.017555192135896437,0.003546818647836795,0.20203815602703343,0.020535183754436307,0.07199064283990042,0.0004216937718284648,0.005857619201515774,0.5604574350947548,0.0596738482832672,0.31411253655299126,5.263822354173021,"{'n_estimators': 40, 'learning_rate': 0.1, 'max_depth': 1, 'subsample': 1.0, 'min_samples_leaf': 50}","{'n_estimators': 60, 'learning_rate': 0.1, 'max_depth': 1, 'subsample': 1.0, 'min_samples_leaf': 50}"
6,400,lagged,nonparametric,raw,lagged_shared_easy_linear_last_lag,0.04335409725970414,0.00925694339262496,0.001879577749203886,0.20304518127456112,0.01664937889851065,0.046766952823537725,0.0002772018177061717,0.00592730124522153,0.2887230854923612,0.015911053655434812,0.08336102009622931,5.2391891763720695,"{'n_estimators': 40, 'learning_rate': 0.1, 'max_depth': 1, 'subsample': 1.0, 'min_samples_leaf': 50}","{'n_estimators': 60, 'learning_rate': 0.1, 'max_depth': 1, 'subsample': 1.0, 'min_samples_leaf': 50}"
7,400,lagged,nonparametric,raw,lagged_shared_easy_linear_last_lag,0.05340489348938522,0.014070746274230642,0.00285208264861258,0.20269590489567163,0.02186239547646799,0.08181580963725475,0.00047796433596948795,0.005841955706221446,0.8190744629584741,0.12723477250773693,0.6708829758707128,5.272795813973869,"{'n_estimators': 40, 'learning_rate': 0.1, 'max_depth': 1, 'subsample': 1.0, 'min_samples_leaf': 50}","{'n_estimators': 60, 'learning_rate': 0.1, 'max_depth': 1, 'subsample': 1.0, 'min_samples_leaf': 50}"
8,400,lagged,nonparametric,raw,lagged_shared_easy_linear_last_lag,0.05484012024312912,0.014965941201024647,0.0030074387882808606,0.20095219858774774,0.022025280049881815,0.08320084916020828,0.0004851129612757219,0.005830625121885564,0.27876488072385924,0.014742847087835251,0.07770985872498747,5.2710211441525505,"{'n_estimators': 40, 'learning_rate': 0.1, 'max_depth': 1, 'subsample': 1.0, 'min_samples_leaf': 50}","{'n_estimators': 60, 'learning_rate': 0.1, 'max_depth': 1, 'subsample': 1.0, 'min_samples_leaf': 50}"
9,400,lagged,nonparametric,raw,lagged_shared_easy_linear_last_lag,0.05816829012625728,0.016669338276268535,0.0033835499762124403,0.20298046149975038,0.023689864403746402,0.09504938457005992,0.0005612096754678908,0.005904400938590286,0.606146013467122,0.07000798293700261,0.36741298964208446,5.248158484621743,"{'n_estimators': 40, 'learning_rate': 0.1, 'max_depth': 1, 'subsample': 1.0, 'min_samples_leaf': 50}","{'n_estimators': 60, 'learning_rate': 0.1, 'max_depth': 1, 'subsample': 1.0, 'min_samples_leaf': 50}"
10,400,lagged,nonparametric,raw,lagged_shared_easy_linear_last_lag,0.04433924614901519,0.009760389269920278,0.001965968749062958,0.2014231906837683,0.020884790950931216,0.0749218812979533,0.00043617449306409834,0.005821723714191006,0.5464332186458486,0.05658818576153989,0.2985892624396618,5.276530046358151,"{'n_estimators': 40, 'learning_rate': 0.1, 'max_depth': 1, 'subsample': 1.0, 'min_samples_leaf': 50}","{'n_estimators': 60, 'learning_rate': 0.1, 'max_depth': 1, 'subsample': 1.0, 'min_samples_leaf': 50}"
11,400,lagged,nonparametric,raw,lagged_shared_easy_linear_last_lag,0.05670922866970171,0.016038034038766188,0.0032159366163125183,0.20051937840630257,0.021554316147577354,0.07970547617066163,0.0004645885445897139,0.005828815872010584,0.7047084746554334,0.09423129417083939,0.4966140342511876,5.2701603922666775,"{'n_estimators': 40, 'learning_rate': 0.1, 'max_depth': 1, 'subsample': 1.0, 'min_samples_leaf': 50}","{'n_estimators': 60, 'learning_rate': 0.1, 'max_depth': 1, 'subsample': 1.0, 'min_samples_leaf': 50}"
12,400,lagged,nonparametric,raw,lagged_shared_easy_linear_last_lag,0.05734779940295477,0.016173864654338465,0.0032887700963615397,0.20333854441395754,0.02081550533416326,0.07354489791510571,0.0004332852623165792,0.005891438761893839,0.6182614276960502,0.07274327078734467,0.38224719297675835,5.254743000135469,"{'n_estimators': 40, 'learning_rate': 0.1, 'max_depth': 1, 'subsample': 1.0, 'min_samples_leaf': 50}","{'n_estimators': 60, 'learning_rate': 0.1, 'max_depth': 1, 'subsample': 1.0, 'min_samples_leaf': 50}"
13,400,lagged,nonparametric,raw,lagged_shared_easy_linear_last_lag,0.043930295576777405,0.009528531865302909,0.0019298708694630285,0.20253601464989995,0.0161249364955225,0.04407116343961895,0.00026001357698463343,0.005899857337346518,0.24253966893970974,0.011208352051388528,0.05882549100938401,5.248362180245445,"{'n_estimators': 40, 'learning_rate': 0.1, 'max_depth': 1, 'subsample': 1.0, 'min_samples_leaf': 50}","{'n_estimators': 60, 'learning_rate': 0.1, 'max_depth': 1, 'subsample': 1.0, 'min_samples_leaf': 50}"
14,400,lagged,nonparametric,raw,lagged_shared_easy_linear_last_lag,0.05211989110128279,0.013421440899838991,0.0027164830484095767,0.20239876393913597,0.020113892195364542,0.06908256380520841,0.0004045686592467466,0.005856306381267288,0.42163735417458686,0.033761470134520584,0.177778058435346,5.265708445959249,"{'n_estimators': 40, 'learning_rate': 0.1, 'max_depth': 1, 'subsample': 1.0, 'min_samples_leaf': 50}","{'n_estimators': 60, 'learning_rate': 0.1, 'max_depth': 1, 'subsample': 1.0, 'min_samples_leaf': 50}"
15,400,lagged,nonparametric,raw,lagged_shared_easy_linear_last_lag,0.0634029466389018,0.019945081643885778,0.004019933642495429,0.20155012219404733,0.029574436638253116,0.1496273065624812,0.0008746473024700483,0.0058455058943723895,1.20990528505713,0.27793067480234984,1.463870798809175,5.267035744975633,"{'n_estimators': 40, 'learning_rate': 0.1, 'max_depth': 1, 'subsample': 1.0, 'min_samples_leaf': 50}","{'n_estimators': 60, 'learning_rate': 0.1, 'max_depth': 1, 'subsample': 1.0, 'min_samples_leaf': 50}"
16,400,lagged,nonparametric,raw,lagged_shared_easy_linear_last_lag,0.044673659897353,0.00982636417658586,0.0019957358886243657,0.20310013477617497,0.01761867218069078,0.05254192091852924,0.0003104176094106472,0.005907998869930477,0.6353068485584287,0.07692084806961046,0.4036147918252422,5.247144330233932,"{'n_estimators': 40, 'learning_rate': 0.1, 'max_depth': 1, 'subsample': 1.0, 'min_samples_leaf': 50}","{'n_estimators': 60, 'learning_rate': 0.1, 'max_depth': 1, 'subsample': 1.0, 'min_samples_leaf': 50}"
17,400,lagged,nonparametric,raw,lagged_shared_easy_linear_last_lag,0.05502117320184311,0.01509742717486268,0.0030273295005072186,0.20051956306487392,0.022278545781438903,0.085022715413042,0.0004963336021356692,0.005837658791823701,0.5820507182062646,0.06432839476812545,0.33878303856442854,5.266461875592994,"{'n_estimators': 40, 'learning_rate': 0.1, 'max_depth': 1, 'subsample': 1.0, 'min_samples_leaf': 50}","{'n_estimators': 60, 'learning_rate': 0.1, 'max_depth': 1, 'subsample': 1.0, 'min_samples_leaf': 50}"
18,400,lagged,nonparametric,raw,lagged_shared_easy_linear_last_lag,0.045489572207423515,0.010311645988983835,0.002069301179614398,0.20067612695636364,0.018544172948835994,0.05896331320185051,0.0003438863503563406,0.005832208735949188,0.34060861289129524,0.02201690500774999,0.11601422717573222,5.269324963472159,"{'n_estimators': 40, 'learning_rate': 0.1, 'max_depth': 1, 'subsample': 1.0, 'min_samples_leaf': 50}","{'n_estimators': 60, 'learning_rate': 0.1, 'max_depth': 1, 'subsample': 1.0, 'min_samples_leaf': 50}"
19,400,lagged,nonparametric,raw,lagged_shared_easy_linear_last_lag,0.05162182473935562,0.013116565381947585,0.002664812789420748,0.2031639161489903,0.020271990305366125,0.06951625782613463,0.00041095359094085813,0.005911618429874114,0.29378785626878406,0.01645304023164532,0.08631130449100771,5.245918278677697,"{'n_estimators': 40, 'learning_rate': 0.1, 'max_depth': 1, 'subsample': 1.0, 'min_samples_leaf': 50}","{'n_estimators': 60, 'learning_rate': 0.1, 'max_depth': 1, 'subsample': 1.0, 'min_samples_leaf': 50}"
0,800,lagged,nonparametric,raw,lagged_shared_easy_linear_last_lag,0.04879439060926089,0.01186499901689662,0.0023808925549291277,0.20066521299652565,0.014138464088076473,0.034216819726230155,0.0001998961667698281,0.005842044011372289,0.23578908148629543,0.010559281898792865,0.05559649094815086,5.265177261202454,"{'n_estimators': 40, 'learning_rate': 0.1, 'max_depth': 1, 'subsample': 1.0, 'min_samples_leaf': 50}","{'n_estimators': 60, 'learning_rate': 0.1, 'max_depth': 1, 'subsample': 1.0, 'min_samples_leaf': 50}"
1,800,lagged,nonparametric,raw,lagged_shared_easy_linear_last_lag,0.03421460256517336,0.005804830192381765,0.0011706390286927678,0.20166636919527975,0.018652073618515824,0.05975048828882473,0.0003478998502705339,0.005822544053344622,0.4742010968154716,0.04261181923412569,0.22486668022099632,5.27709645498805,"{'n_estimators': 40, 'learning_rate': 0.1, 'max_depth': 1, 'subsample': 1.0, 'min_samples_leaf': 50}","{'n_estimators': 60, 'learning_rate': 0.1, 'max_depth': 1, 'subsample': 1.0, 'min_samples_leaf': 50}"
2,800,lagged,nonparametric,raw,lagged_shared_easy_linear_last_lag,0.03638078789103097,0.00656019413966331,0.0013235617275721855,0.20175648759689221,0.014309941810215011,0.03496103420857727,0.00020477443461173968,0.0058572190224710444,0.18297025324648025,0.006361104435316262,0.033478113573081114,5.2629404081488955,"{'n_estimators': 40, 'learning_rate': 0.1, 'max_depth': 1, 'subsample': 1.0, 'min_samples_leaf': 50}","{'n_estimators': 60, 'learning_rate': 0.1, 'max_depth': 1, 'subsample': 1.0, 'min_samples_leaf': 50}"
3,800,lagged,nonparametric,raw,lagged_shared_easy_linear_last_lag,0.03478117381997797,0.006048557115851919,0.0012097300522955212,0.2000030799287798,0.01250304631916579,0.026875737172666336,0.0001563261672592052,0.005816628070696976,0.16837494182541368,0.0053761109768313345,0.028350121034711444,5.273351156047179,"{'n_estimators': 40, 'learning_rate': 0.1, 'max_depth': 1, 'subsample': 1.0, 'min_samples_leaf': 50}","{'n_estimators': 60, 'learning_rate': 0.1, 'max_depth': 1, 'subsample': 1.0, 'min_samples_leaf': 50}"
4,800,lagged,nonparametric,raw,lagged_shared_easy_linear_last_lag,0.03538762768516366,0.006204010778355808,0.0012522841931837613,0.20185074428830097,0.016974488893438992,0.04928819767082739,0.0002881332731934837,0.005845887794838632,0.24018041354440417,0.010950389753059595,0.057686631050361,5.267997975528045,"{'n_estimators': 40, 'learning_rate': 0.1, 'max_depth': 1, 'subsample': 1.0, 'min_samples_leaf': 50}","{'n_estimators': 60, 'learning_rate': 0.1, 'max_depth': 1, 'subsample': 1.0, 'min_samples_leaf': 50}"
5,800,lagged,nonparametric,raw,lagged_shared_easy_linear_last_lag,0.04753394296778185,0.011265329962426596,0.002259475734064338,0.20056897947955338,0.019338879199571783,0.06429315088547424,0.0003739922486956301,0.005816984290625678,0.6292252947267564,0.07505215650897167,0.3959244715239734,5.275324386936769,"{'n_estimators': 40, 'learning_rate': 0.1, 'max_depth': 1, 'subsample': 1.0, 'min_samples_leaf': 50}","{'n_estimators': 60, 'learning_rate': 0.1, 'max_depth': 1, 'subsample': 1.0, 'min_samples_leaf': 50}"
6,800,lagged,nonparametric,raw,lagged_shared_easy_linear_last_lag,0.04721783108854648,0.011029991693604243,0.0022295235727065065,0.20213284240270998,0.014314041338421813,0.03490887120543554,0.00020489177943804854,0.005869332704351253,0.2658981374239882,0.013443103636632637,0.07070181948554613,5.259337530723391,"{'n_estimators': 40, 'learning_rate': 0.1, 'max_depth': 1, 'subsample': 1.0, 'min_samples_leaf': 50}","{'n_estimators': 60, 'learning_rate': 0.1, 'max_depth': 1, 'subsample': 1.0, 'min_samples_leaf': 50}"
7,800,lagged,nonparametric,raw,lagged_shared_easy_linear_last_lag,0.042492269295402375,0.008992298724098426,0.0018055929498729953,0.20079325712725646,0.014278575199545914,0.035011444015343736,0.00020387770972908766,0.005823173406950551,0.20669395587515438,0.008101248181824757,0.04272239139532026,5.27355667132485,"{'n_estimators': 40, 'learning_rate': 0.1, 'max_depth': 1, 'subsample': 1.0, 'min_samples_leaf': 50}","{'n_estimators': 60, 'learning_rate': 0.1, 'max_depth': 1, 'subsample': 1.0, 'min_samples_leaf': 50}"
8,800,lagged,nonparametric,raw,lagged_shared_easy_linear_last_lag,0.041089762004282514,0.008375932648896267,0.001688368541568579,0.20157379629730696,0.018556090064495132,0.05871964734511653,0.00034432847848165493,0.005863939823376533,0.4987772145557666,0.047300964962957756,0.24877870976000926,5.259484874247965,"{'n_estimators': 40, 'learning_rate': 0.1, 'max_depth': 1, 'subsample': 1.0, 'min_samples_leaf': 50}","{'n_estimators': 60, 'learning_rate': 0.1, 'max_depth': 1, 'subsample': 1.0, 'min_samples_leaf': 50}"
9,800,lagged,nonparametric,raw,lagged_shared_easy_linear_last_lag,0.0419963542163124,0.00880079883971837,0.0017636937674619802,0.20040155440235236,0.014477416454910514,0.03584344665768862,0.0002095955872089137,0.005847528816371634,0.4604247955142081,0.0402878030315933,0.21199099232430035,5.2619149313766025,"{'n_estimators': 40, 'learning_rate': 0.1, 'max_depth': 1, 'subsample': 1.0, 'min_samples_leaf': 50}","{'n_estimators': 60, 'learning_rate': 0.1, 'max_depth': 1, 'subsample': 1.0, 'min_samples_leaf': 50}"
10,800,lagged,nonparametric,raw,lagged_shared_easy_linear_last_lag,0.03873254758775021,0.007398260710443163,0.0015002102426373344,0.20277877481658393,0.01477763400503618,0.03725539971274632,0.00021837846678680162,0.005861659476762694,0.23716977391053223,0.010683860835843452,0.05624950165677298,5.264904000626875,"{'n_estimators': 40, 'learning_rate': 0.1, 'max_depth': 1, 'subsample': 1.0, 'min_samples_leaf': 50}","{'n_estimators': 60, 'learning_rate': 0.1, 'max_depth': 1, 'subsample': 1.0, 'min_samples_leaf': 50}"
11,800,lagged,nonparametric,raw,lagged_shared_easy_linear_last_lag,0.046632557090742814,0.010909724269630069,0.002174595380821388,0.19932633741027855,0.01363335417947202,0.032028218538751874,0.0001858683461829272,0.005803268325961985,0.15320365227647617,0.004448316589109492,0.023471359070851426,5.276458768315804,"{'n_estimators': 40, 'learning_rate': 0.1, 'max_depth': 1, 'subsample': 1.0, 'min_samples_leaf': 50}","{'n_estimators': 60, 'learning_rate': 0.1, 'max_depth': 1, 'subsample': 1.0, 'min_samples_leaf': 50}"
12,800,lagged,nonparametric,raw,lagged_shared_easy_linear_last_lag,0.059421609358815214,0.01752507493052163,0.0035309276587916355,0.2014786055289373,0.01913068164407344,0.06271352511675275,0.00036598298016688846,0.00583579027786341,0.566684814480391,0.06092625584967441,0.32113167896267514,5.27082576278797,"{'n_estimators': 40, 'learning_rate': 0.1, 'max_depth': 1, 'subsample': 1.0, 'min_samples_leaf': 50}","{'n_estimators': 60, 'learning_rate': 0.1, 'max_depth': 1, 'subsample': 1.0, 'min_samples_leaf': 50}"
13,800,lagged,nonparametric,raw,lagged_shared_easy_linear_last_lag,0.04561655729220416,0.01034333492478828,0.002080870299192944,0.20117982394692085,0.018356349521534518,0.05783403742413615,0.0003369555677567405,0.005826250124742584,0.2978965624693016,0.016827309103746833,0.0887423619310265,5.273710810438894,"{'n_estimators': 40, 'learning_rate': 0.1, 'max_depth': 1, 'subsample': 1.0, 'min_samples_leaf': 50}","{'n_estimators': 60, 'learning_rate': 0.1, 'max_depth': 1, 'subsample': 1.0, 'min_samples_leaf': 50}"
14,800,lagged,nonparametric,raw,lagged_shared_easy_linear_last_lag,0.04117337441103053,0.008478752920979993,0.0016952467603909033,0.19994057807677723,0.018611825810423022,0.05981929905918093,0.00034640005999752856,0.00579077430604503,0.2980182225894439,0.016807959151473314,0.08881486099537131,5.2840954808952025,"{'n_estimators': 40, 'learning_rate': 0.1, 'max_depth': 1, 'subsample': 1.0, 'min_samples_leaf': 50}","{'n_estimators': 60, 'learning_rate': 0.1, 'max_depth': 1, 'subsample': 1.0, 'min_samples_leaf': 50}"
15,800,lagged,nonparametric,raw,lagged_shared_easy_linear_last_lag,0.03558079327544942,0.00628516551354056,0.0012659928501102668,0.20142553881562106,0.012386708123792287,0.02632379204002499,0.00015343053814402186,0.00582858799031434,0.16796773407239357,0.005349837080277814,0.028213159689414326,5.2736483870550375,"{'n_estimators': 40, 'learning_rate': 0.1, 'max_depth': 1, 'subsample': 1.0, 'min_samples_leaf': 50}","{'n_estimators': 60, 'learning_rate': 0.1, 'max_depth': 1, 'subsample': 1.0, 'min_samples_leaf': 50}"
16,800,lagged,nonparametric,raw,lagged_shared_easy_linear_last_lag,0.05414099713865432,0.014558826081419084,0.0029312475711677755,0.2013381817170564,0.018144159072227686,0.05677081476571745,0.00032921050843830223,0.005798939292960521,0.3718948497451085,0.026165125315109145,0.13830577926693682,5.285882547907067,"{'n_estimators': 40, 'learning_rate': 0.1, 'max_depth': 1, 'subsample': 1.0, 'min_samples_leaf': 50}","{'n_estimators': 60, 'learning_rate': 0.1, 'max_depth': 1, 'subsample': 1.0, 'min_samples_leaf': 50}"
17,800,lagged,nonparametric,raw,lagged_shared_easy_linear_last_lag,0.046787034834910236,0.01090732857401737,0.002189026628643104,0.20069319575259162,0.01681657468255189,0.0485481836691164,0.00028279718405384524,0.005825082684478364,0.2086253184928352,0.008255196948432696,0.04352452351623692,5.272378574141752,"{'n_estimators': 40, 'learning_rate': 0.1, 'max_depth': 1, 'subsample': 1.0, 'min_samples_leaf': 50}","{'n_estimators': 60, 'learning_rate': 0.1, 'max_depth': 1, 'subsample': 1.0, 'min_samples_leaf': 50}"
18,800,lagged,nonparametric,raw,lagged_shared_easy_linear_last_lag,0.03506058918267604,0.006061390015171795,0.0012292449138363798,0.20279917820162574,0.015475038411695702,0.040603407053098554,0.00023947681384345744,0.005897948749233898,0.20860850253244165,0.00828888277152292,0.04351750732882771,5.250105295050786,"{'n_estimators': 40, 'learning_rate': 0.1, 'max_depth': 1, 'subsample': 1.0, 'min_samples_leaf': 50}","{'n_estimators': 60, 'learning_rate': 0.1, 'max_depth': 1, 'subsample': 1.0, 'min_samples_leaf': 50}"
19,800,lagged,nonparametric,raw,lagged_shared_easy_linear_last_lag,0.03991570597701914,0.007908691720846952,0.0015932635836438415,0.20145728773876356,0.015566297447184085,0.041460690363023085,0.00024230961621420975,0.005844321792343205,0.535026502934823,0.05434657805413305,0.2862533588426662,5.267182757257274,"{'n_estimators': 40, 'learning_rate': 0.1, 'max_depth': 1, 'subsample': 1.0, 'min_samples_leaf': 50}","{'n_estimators': 60, 'learning_rate': 0.1, 'max_depth': 1, 'subsample': 1.0, 'min_samples_leaf': 50}"
0,1600,lagged,nonparametric,raw,lagged_shared_easy_linear_last_lag,0.028829679388905505,0.004123611277311534,0.0008311504136670829,0.20155886619093907,0.010303337313707014,0.018103375890695605,0.00010615875980002728,0.0058640311310438255,0.12287774670449053,0.002870852976186216,0.015098940635172933,5.259391811569228,"{'n_estimators': 40, 'learning_rate': 0.1, 'max_depth': 1, 'subsample': 1.0, 'min_samples_leaf': 50}","{'n_estimators': 60, 'learning_rate': 0.1, 'max_depth': 1, 'subsample': 1.0, 'min_samples_leaf': 50}"
1,1600,lagged,nonparametric,raw,lagged_shared_easy_linear_last_lag,0.032714890835403056,0.005312666136307834,0.001070264082372339,0.2014551742783041,0.010129924233479682,0.017487180143570178,0.00010261536497603893,0.00586803384728494,0.13085244200839277,0.0032568370633538064,0.01712236157955979,5.257358979428841,"{'n_estimators': 40, 'learning_rate': 0.1, 'max_depth': 1, 'subsample': 1.0, 'min_samples_leaf': 50}","{'n_estimators': 60, 'learning_rate': 0.1, 'max_depth': 1, 'subsample': 1.0, 'min_samples_leaf': 50}"
2,1600,lagged,nonparametric,raw,lagged_shared_easy_linear_last_lag,0.03660470126563738,0.006675319523844425,0.0013399041547465546,0.20072509637334662,0.010536254510213235,0.01901444931957523,0.00011101265910398871,0.005838331536096711,0.1391274068638805,0.003675075941044036,0.019356435340667742,5.266948398124491,"{'n_estimators': 40, 'learning_rate': 0.1, 'max_depth': 1, 'subsample': 1.0, 'min_samples_leaf': 50}","{'n_estimators': 60, 'learning_rate': 0.1, 'max_depth': 1, 'subsample': 1.0, 'min_samples_leaf': 50}"
3,1600,lagged,nonparametric,raw,lagged_shared_easy_linear_last_lag,0.031606643645184875,0.004963305178052183,0.0009989799225137055,0.20127312076863843,0.011975845376904935,0.024548339757348527,0.0001434208724915353,0.0058423858358324365,0.127223197136557,0.003072871106296769,0.01618574188964724,5.267302574611819,"{'n_estimators': 40, 'learning_rate': 0.1, 'max_depth': 1, 'subsample': 1.0, 'min_samples_leaf': 50}","{'n_estimators': 60, 'learning_rate': 0.1, 'max_depth': 1, 'subsample': 1.0, 'min_samples_leaf': 50}"
4,1600,lagged,nonparametric,raw,lagged_shared_easy_linear_last_lag,0.04297156787861437,0.009175767620080145,0.0018465556459463625,0.2012426341209188,0.01483831227513935,0.03792673009429088,0.0002201755111745511,0.005805285892750722,0.40982538775208954,0.03179305144803582,0.16795684844615053,5.282816238028229,"{'n_estimators': 40, 'learning_rate': 0.1, 'max_depth': 1, 'subsample': 1.0, 'min_samples_leaf': 50}","{'n_estimators': 60, 'learning_rate': 0.1, 'max_depth': 1, 'subsample': 1.0, 'min_samples_leaf': 50}"
5,1600,lagged,nonparametric,raw,lagged_shared_easy_linear_last_lag,0.037631372554054285,0.007066713400177902,0.0014161202003020303,0.20039304272144107,0.011040146930459684,0.020953888699537796,0.00012188484424613839,0.005816812620982707,0.1468768282046375,0.00408983511870489,0.021572802663454592,5.274736520499623,"{'n_estimators': 40, 'learning_rate': 0.1, 'max_depth': 1, 'subsample': 1.0, 'min_samples_leaf': 50}","{'n_estimators': 60, 'learning_rate': 0.1, 'max_depth': 1, 'subsample': 1.0, 'min_samples_leaf': 50}"
6,1600,lagged,nonparametric,raw,lagged_shared_easy_linear_last_lag,0.03142029071195244,0.004886352795553737,0.0009872346684236045,0.20203917108112288,0.011900654359353433,0.024262626877163296,0.00014162557418079786,0.005837190461602493,0.2642776477688808,0.01324700890165361,0.06984267511025263,5.2723354856003946,"{'n_estimators': 40, 'learning_rate': 0.1, 'max_depth': 1, 'subsample': 1.0, 'min_samples_leaf': 50}","{'n_estimators': 60, 'learning_rate': 0.1, 'max_depth': 1, 'subsample': 1.0, 'min_samples_leaf': 50}"
7,1600,lagged,nonparametric,raw,lagged_shared_easy_linear_last_lag,0.03469311318231255,0.005985737699102601,0.0012036121022807487,0.20107999427726306,0.01340552740276456,0.030785750622393648,0.00017970816494627153,0.0058373812985918,0.1350843331383364,0.0034634499941307516,0.01824777705942905,5.268670571352896,"{'n_estimators': 40, 'learning_rate': 0.1, 'max_depth': 1, 'subsample': 1.0, 'min_samples_leaf': 50}","{'n_estimators': 60, 'learning_rate': 0.1, 'max_depth': 1, 'subsample': 1.0, 'min_samples_leaf': 50}"
8,1600,lagged,nonparametric,raw,lagged_shared_easy_linear_last_lag,0.0315420564904076,0.004944984012328745,0.0009949013276440645,0.20119404333029076,0.011792742937251308,0.02374054966796109,0.00013906878598409061,0.005857858723960803,0.22985438797208033,0.010043187502960564,0.05283303967001963,5.26058481477572,"{'n_estimators': 40, 'learning_rate': 0.1, 'max_depth': 1, 'subsample': 1.0, 'min_samples_leaf': 50}","{'n_estimators': 60, 'learning_rate': 0.1, 'max_depth': 1, 'subsample': 1.0, 'min_samples_leaf': 50}"
9,1600,lagged,nonparametric,raw,lagged_shared_easy_linear_last_lag,0.03630123982187688,0.006545204764546582,0.0013177800126054197,0.20133518507219822,0.013016164513040456,0.028985225823993502,0.0001694205386305337,0.005845065332914885,0.21288806088532197,0.008605722072307477,0.04532132646751255,5.266417633141202,"{'n_estimators': 40, 'learning_rate': 0.1, 'max_depth': 1, 'subsample': 1.0, 'min_samples_leaf': 50}","{'n_estimators': 60, 'learning_rate': 0.1, 'max_depth': 1, 'subsample': 1.0, 'min_samples_leaf': 50}"
10,1600,lagged,nonparametric,raw,lagged_shared_easy_linear_last_lag,0.02993296544569584,0.00446709921585828,0.0008959824203732212,0.20057365576132002,0.01186369355638377,0.02422723845941541,0.0001407472247997818,0.00580946214879407,0.3683823086187263,0.025708990458217392,0.1357055253032625,5.27852408377579,"{'n_estimators': 40, 'learning_rate': 0.1, 'max_depth': 1, 'subsample': 1.0, 'min_samples_leaf': 50}","{'n_estimators': 60, 'learning_rate': 0.1, 'max_depth': 1, 'subsample': 1.0, 'min_samples_leaf': 50}"
11,1600,lagged,nonparametric,raw,lagged_shared_easy_linear_last_lag,0.02923085850775179,0.004245871931414515,0.0008544430891002052,0.20124090007951484,0.010172547055694226,0.017645575199643937,0.00010348071360031327,0.00586440013598431,0.1138913773815354,0.002466926264858671,0.012971245841863314,5.258059807720452,"{'n_estimators': 40, 'learning_rate': 0.1, 'max_depth': 1, 'subsample': 1.0, 'min_samples_leaf': 50}","{'n_estimators': 60, 'learning_rate': 0.1, 'max_depth': 1, 'subsample': 1.0, 'min_samples_leaf': 50}"
12,1600,lagged,nonparametric,raw,lagged_shared_easy_linear_last_lag,0.03241694009087747,0.005228675099079076,0.001050858004855539,0.2009797864550096,0.011386384793067424,0.02217301116705094,0.00012964975865579706,0.005847187722002161,0.155357216607082,0.004584897723773548,0.024135864751899792,5.264210066617373,"{'n_estimators': 40, 'learning_rate': 0.1, 'max_depth': 1, 'subsample': 1.0, 'min_samples_leaf': 50}","{'n_estimators': 60, 'learning_rate': 0.1, 'max_depth': 1, 'subsample': 1.0, 'min_samples_leaf': 50}"
13,1600,lagged,nonparametric,raw,lagged_shared_easy_linear_last_lag,0.029194747177336073,0.004238891761597636,0.0008523332627485726,0.20107455219081333,0.009760485116113946,0.01624516101809467,9.526706970188187e-05,0.005864335207005253,0.10743169188888296,0.002195270666999026,0.011541568422107882,5.257469429901968,"{'n_estimators': 40, 'learning_rate': 0.1, 'max_depth': 1, 'subsample': 1.0, 'min_samples_leaf': 50}","{'n_estimators': 60, 'learning_rate': 0.1, 'max_depth': 1, 'subsample': 1.0, 'min_samples_leaf': 50}"
14,1600,lagged,nonparametric,raw,lagged_shared_easy_linear_last_lag,0.031602341904363215,0.004962747358429946,0.0009987080138402712,0.2012409541952243,0.011382169663441046,0.022234934436523655,0.00012955378624735766,0.005826587283952113,0.3256775480095295,0.02011185566963284,0.1060658652774994,5.273798053237308,"{'n_estimators': 40, 'learning_rate': 0.1, 'max_depth': 1, 'subsample': 1.0, 'min_samples_leaf': 50}","{'n_estimators': 60, 'learning_rate': 0.1, 'max_depth': 1, 'subsample': 1.0, 'min_samples_leaf': 50}"
15,1600,lagged,nonparametric,raw,lagged_shared_easy_linear_last_lag,0.0359740718469663,0.0064274707833165265,0.0012941338452506933,0.20134418169738144,0.012818656617420435,0.028125500061429623,0.00016431795747533673,0.0058423123896978076,0.15987079699566153,0.004852053991307491,0.025558671732028023,5.26759837747409,"{'n_estimators': 40, 'learning_rate': 0.1, 'max_depth': 1, 'subsample': 1.0, 'min_samples_leaf': 50}","{'n_estimators': 60, 'learning_rate': 0.1, 'max_depth': 1, 'subsample': 1.0, 'min_samples_leaf': 50}"
16,1600,lagged,nonparametric,raw,lagged_shared_easy_linear_last_lag,0.03334473824223479,0.005533580723366351,0.0011118715684431551,0.20093166143725263,0.012902687753191526,0.028588647451778765,0.0001664793512563586,0.005823267838646924,0.18918935847568238,0.006786570128002597,0.035792613360440255,5.274035733124389,"{'n_estimators': 40, 'learning_rate': 0.1, 'max_depth': 1, 'subsample': 1.0, 'min_samples_leaf': 50}","{'n_estimators': 60, 'learning_rate': 0.1, 'max_depth': 1, 'subsample': 1.0, 'min_samples_leaf': 50}"
17,1600,lagged,nonparametric,raw,lagged_shared_easy_linear_last_lag,0.04358940001061311,0.009358829250547308,0.0019000357932852383,0.20302067090006193,0.011122068128287553,0.020974591891700905,0.0001237003994502698,0.0058976308139380195,0.18549210389538404,0.006552464149564979,0.03440732060753595,5.251050570008882,"{'n_estimators': 40, 'learning_rate': 0.1, 'max_depth': 1, 'subsample': 1.0, 'min_samples_leaf': 50}","{'n_estimators': 60, 'learning_rate': 0.1, 'max_depth': 1, 'subsample': 1.0, 'min_samples_leaf': 50}"
18,1600,lagged,nonparametric,raw,lagged_shared_easy_linear_last_lag,0.04158449453709733,0.008594412337646799,0.001729270185905878,0.2012086595299851,0.012156578578487535,0.02532527002470287,0.00014778240273494202,0.005835373229615777,0.1641615853568438,0.005113675769744787,0.026949026106872314,5.26999116101905,"{'n_estimators': 40, 'learning_rate': 0.1, 'max_depth': 1, 'subsample': 1.0, 'min_samples_leaf': 50}","{'n_estimators': 60, 'learning_rate': 0.1, 'max_depth': 1, 'subsample': 1.0, 'min_samples_leaf': 50}"
19,1600,lagged,nonparametric,raw,lagged_shared_easy_linear_last_lag,0.029900184950648986,0.0044196737987228975,0.0008940210600830161,0.2022821368267837,0.010735496012782052,0.019676299699288448,0.00011525087464045932,0.005857344948076143,0.3465900870118607,0.022816382566143684,0.1201246884148892,5.264843717738912,"{'n_estimators': 40, 'learning_rate': 0.1, 'max_depth': 1, 'subsample': 1.0, 'min_samples_leaf': 50}","{'n_estimators': 60, 'learning_rate': 0.1, 'max_depth': 1, 'subsample': 1.0, 'min_samples_leaf': 50}"
0,3200,lagged,nonparametric,raw,lagged_shared_easy_linear_last_lag,0.028456924875895264,0.004034456061152239,0.0008097965733923466,0.20072013701918195,0.007599204010878953,0.00989929954375014,5.7747901598958775e-05,0.005833534114584657,0.07869509513857977,0.0011753643458234607,0.006192917998870121,5.268934710224991,"{'n_estimators': 40, 'learning_rate': 0.1, 'max_depth': 1, 'subsample': 1.0, 'min_samples_leaf': 50}","{'n_estimators': 60, 'learning_rate': 0.1, 'max_depth': 1, 'subsample': 1.0, 'min_samples_leaf': 50}"
1,3200,lagged,nonparametric,raw,lagged_shared_easy_linear_last_lag,0.03023766348711538,0.004540510892909201,0.0009143162931600306,0.2013685936945763,0.009629735129943199,0.015877215513493265,9.273179867286216e-05,0.005840558037021918,0.15617848801540463,0.004629796632687994,0.024391720118777886,5.268421499675332,"{'n_estimators': 40, 'learning_rate': 0.1, 'max_depth': 1, 'subsample': 1.0, 'min_samples_leaf': 50}","{'n_estimators': 60, 'learning_rate': 0.1, 'max_depth': 1, 'subsample': 1.0, 'min_samples_leaf': 50}"
2,3200,lagged,nonparametric,raw,lagged_shared_easy_linear_last_lag,0.031017117548771744,0.004777940684325572,0.000962061581034324,0.20135486072283112,0.009235238706888433,0.014554636230553804,8.528963397321034e-05,0.005859963287448309,0.125411153165734,0.0029899281480825963,0.015727957338359192,5.260312810006934,"{'n_estimators': 40, 'learning_rate': 0.1, 'max_depth': 1, 'subsample': 1.0, 'min_samples_leaf': 50}","{'n_estimators': 60, 'learning_rate': 0.1, 'max_depth': 1, 'subsample': 1.0, 'min_samples_leaf': 50}"
3,3200,lagged,nonparametric,raw,lagged_shared_easy_linear_last_lag,0.031019840332724914,0.004763064885521751,0.0009622304942677472,0.20201918667802135,0.009888685732010372,0.016667425612140224,9.778610550646549e-05,0.005866899170993751,0.23578408790974215,0.01056939197481138,0.05559413611142901,5.25991809594337,"{'n_estimators': 40, 'learning_rate': 0.1, 'max_depth': 1, 'subsample': 1.0, 'min_samples_leaf': 50}","{'n_estimators': 60, 'learning_rate': 0.1, 'max_depth': 1, 'subsample': 1.0, 'min_samples_leaf': 50}"
4,3200,lagged,nonparametric,raw,lagged_shared_easy_linear_last_lag,0.026018297769758694,0.003361309439226687,0.0006769518188358303,0.2013952690388338,0.007307801446776507,0.009140513670130058,5.340396198550881e-05,0.0058425558904884765,0.10731243303462018,0.0021861506260822815,0.01151595828380984,5.26768748064133,"{'n_estimators': 40, 'learning_rate': 0.1, 'max_depth': 1, 'subsample': 1.0, 'min_samples_leaf': 50}","{'n_estimators': 60, 'learning_rate': 0.1, 'max_depth': 1, 'subsample': 1.0, 'min_samples_leaf': 50}"
5,3200,lagged,nonparametric,raw,lagged_shared_easy_linear_last_lag,0.028616334118679965,0.004077755313040291,0.0008188945783919272,0.2008199402679157,0.010865126172638724,0.02021608666091504,0.00011805096674735901,0.005839456900211749,0.21821190138693605,0.009040809754737504,0.04761643390690191,5.266832861066485,"{'n_estimators': 40, 'learning_rate': 0.1, 'max_depth': 1, 'subsample': 1.0, 'min_samples_leaf': 50}","{'n_estimators': 60, 'learning_rate': 0.1, 'max_depth': 1, 'subsample': 1.0, 'min_samples_leaf': 50}"
6,3200,lagged,nonparametric,raw,lagged_shared_easy_linear_last_lag,0.02993521025530419,0.00444370871332927,0.0008961168130292692,0.2016596655719789,0.009423434211265649,0.015176701991218214,8.880111233405183e-05,0.00585114686876209,0.11966472189099497,0.002719730166763355,0.01431964566524917,5.265097927817752,"{'n_estimators': 40, 'learning_rate': 0.1, 'max_depth': 1, 'subsample': 1.0, 'min_samples_leaf': 50}","{'n_estimators': 60, 'learning_rate': 0.1, 'max_depth': 1, 'subsample': 1.0, 'min_samples_leaf': 50}"
7,3200,lagged,nonparametric,raw,lagged_shared_easy_linear_last_lag,0.026520589313923655,0.003496219961592162,0.0007033416575578015,0.2011720272993073,0.00827306511543649,0.01171574664219995,6.844360640425218e-05,0.005842018310443766,0.08992118597495145,0.0015351621509040896,0.008085819687141806,5.267078583444683,"{'n_estimators': 40, 'learning_rate': 0.1, 'max_depth': 1, 'subsample': 1.0, 'min_samples_leaf': 50}","{'n_estimators': 60, 'learning_rate': 0.1, 'max_depth': 1, 'subsample': 1.0, 'min_samples_leaf': 50}"
8,3200,lagged,nonparametric,raw,lagged_shared_easy_linear_last_lag,0.030280891873508034,0.004544394611737964,0.000916932412655085,0.2017721811144416,0.009109294811659785,0.014199791331735023,8.297925196573188e-05,0.005843695166159384,0.1258994584435608,0.0030085063519705536,0.015850673636381887,5.268618969675697,"{'n_estimators': 40, 'learning_rate': 0.1, 'max_depth': 1, 'subsample': 1.0, 'min_samples_leaf': 50}","{'n_estimators': 60, 'learning_rate': 0.1, 'max_depth': 1, 'subsample': 1.0, 'min_samples_leaf': 50}"
9,3200,lagged,nonparametric,raw,lagged_shared_easy_linear_last_lag,0.027090358186748147,0.003632907935745305,0.0007338875066863124,0.20201103899863967,0.009542874082166843,0.015500462684569245,9.106644574809166e-05,0.005875079189652098,0.2880579295920929,0.015785594646435197,0.08297737080088317,5.256524867095941,"{'n_estimators': 40, 'learning_rate': 0.1, 'max_depth': 1, 'subsample': 1.0, 'min_samples_leaf': 50}","{'n_estimators': 60, 'learning_rate': 0.1, 'max_depth': 1, 'subsample': 1.0, 'min_samples_leaf': 50}"
10,3200,lagged,nonparametric,raw,lagged_shared_easy_linear_last_lag,0.029662095702470453,0.004358341453742366,0.0008798399214625161,0.20187494045631194,0.009677115383176664,0.01598871634578254,9.364656213931443e-05,0.005857040685071398,0.23324763369873913,0.010336263985279516,0.05440445862606119,5.263454832765668,"{'n_estimators': 40, 'learning_rate': 0.1, 'max_depth': 1, 'subsample': 1.0, 'min_samples_leaf': 50}","{'n_estimators': 60, 'learning_rate': 0.1, 'max_depth': 1, 'subsample': 1.0, 'min_samples_leaf': 50}"
11,3200,lagged,nonparametric,raw,lagged_shared_easy_linear_last_lag,0.02886176041123561,0.004130121334817281,0.0008330012140355673,0.20168928380222023,0.008058364102234811,0.011091590211739633,6.493723200418665e-05,0.005854636780166595,0.11414529442620677,0.0024752549246675574,0.013029148239645431,5.2637601524599855,"{'n_estimators': 40, 'learning_rate': 0.1, 'max_depth': 1, 'subsample': 1.0, 'min_samples_leaf': 50}","{'n_estimators': 60, 'learning_rate': 0.1, 'max_depth': 1, 'subsample': 1.0, 'min_samples_leaf': 50}"
12,3200,lagged,nonparametric,raw,lagged_shared_easy_linear_last_lag,0.03216266531188361,0.005128406849340151,0.0010344370399642414,0.20170728851150682,0.009333545019961241,0.014865997316816213,8.711506263964329e-05,0.005860021415522517,0.1399512443198924,0.003722509754970815,0.01958635078668621,5.26159824310246,"{'n_estimators': 40, 'learning_rate': 0.1, 'max_depth': 1, 'subsample': 1.0, 'min_samples_leaf': 50}","{'n_estimators': 60, 'learning_rate': 0.1, 'max_depth': 1, 'subsample': 1.0, 'min_samples_leaf': 50}"
13,3200,lagged,nonparametric,raw,lagged_shared_easy_linear_last_lag,0.03025032111806579,0.00455212759609536,0.0009150819277460971,0.20102290817397542,0.008239047329216214,0.011598877567853896,6.788190089306484e-05,0.005852454299646928,0.20532021949965057,0.008011195269372967,0.04215639253538469,5.262185119435274,"{'n_estimators': 40, 'learning_rate': 0.1, 'max_depth': 1, 'subsample': 1.0, 'min_samples_leaf': 50}","{'n_estimators': 60, 'learning_rate': 0.1, 'max_depth': 1, 'subsample': 1.0, 'min_samples_leaf': 50}"
14,3200,lagged,nonparametric,raw,lagged_shared_easy_linear_last_lag,0.027025342036327914,0.0036088320118735076,0.0007303691121805126,0.20238379336514062,0.010382240138433066,0.01832416639115558,0.00010779091029209064,0.005882445508905522,0.14096722044617943,0.0037815762803360543,0.01987175724032175,5.254887318723033,"{'n_estimators': 40, 'learning_rate': 0.1, 'max_depth': 1, 'subsample': 1.0, 'min_samples_leaf': 50}","{'n_estimators': 60, 'learning_rate': 0.1, 'max_depth': 1, 'subsample': 1.0, 'min_samples_leaf': 50}"
15,3200,lagged,nonparametric,raw,lagged_shared_easy_linear_last_lag,0.02762785714759379,0.0038051939592236438,0.0007632984905678493,0.200593845871547,0.008563050737272806,0.012590800421153266,7.332583792910836e-05,0.005823763023510146,0.13020878463791716,0.0032155771617706297,0.01695432759688349,5.272561267834026,"{'n_estimators': 40, 'learning_rate': 0.1, 'max_depth': 1, 'subsample': 1.0, 'min_samples_leaf': 50}","{'n_estimators': 60, 'learning_rate': 0.1, 'max_depth': 1, 'subsample': 1.0, 'min_samples_leaf': 50}"
16,3200,lagged,nonparametric,raw,lagged_shared_easy_linear_last_lag,0.032331858397918814,0.005198711521173036,0.0010453490674630734,0.20107849093099922,0.00998909242200388,0.017068590761113396,9.978196741533533e-05,0.005845940582433091,0.17387602618719056,0.005742130875787476,0.030232872482648575,5.265096379138596,"{'n_estimators': 40, 'learning_rate': 0.1, 'max_depth': 1, 'subsample': 1.0, 'min_samples_leaf': 50}","{'n_estimators': 60, 'learning_rate': 0.1, 'max_depth': 1, 'subsample': 1.0, 'min_samples_leaf': 50}"
17,3200,lagged,nonparametric,raw,lagged_shared_easy_linear_last_lag,0.03056268602462527,0.004622424882113216,0.0009340777770398248,0.20207527452837615,0.008639061294806235,0.01273466101422387,7.463338005541917e-05,0.005860649134834296,0.28438097635889426,0.015367100800714888,0.08087253971483797,5.262706398794217,"{'n_estimators': 40, 'learning_rate': 0.1, 'max_depth': 1, 'subsample': 1.0, 'min_samples_leaf': 50}","{'n_estimators': 60, 'learning_rate': 0.1, 'max_depth': 1, 'subsample': 1.0, 'min_samples_leaf': 50}"
18,3200,lagged,nonparametric,raw,lagged_shared_easy_linear_last_lag,0.027538275589133392,0.003781999024976207,0.0007583566224230601,0.2005174029434952,0.008014338282183264,0.011012784921966123,6.422961810126818e-05,0.005832277535281349,0.09089869089247715,0.001568236506952236,0.008262572005966109,5.2687027558259505,"{'n_estimators': 40, 'learning_rate': 0.1, 'max_depth': 1, 'subsample': 1.0, 'min_samples_leaf': 50}","{'n_estimators': 60, 'learning_rate': 0.1, 'max_depth': 1, 'subsample': 1.0, 'min_samples_leaf': 50}"
19,3200,lagged,nonparametric,raw,lagged_shared_easy_linear_last_lag,0.029814236947270707,0.0044175089301426,0.0008888887247480017,0.20121945168751654,0.008673653779349698,0.012879880734341124,7.52322698840273e-05,0.0058410688294215675,0.11169343136342526,0.002368308239719658,0.012475422609736189,5.267651566847114,"{'n_estimators': 40, 'learning_rate': 0.1, 'max_depth': 1, 'subsample': 1.0, 'min_samples_leaf': 50}","{'n_estimators': 60, 'learning_rate': 0.1, 'max_depth': 1, 'subsample': 1.0, 'min_samples_leaf': 50}"
0,6400,lagged,nonparametric,raw,lagged_shared_easy_linear_last_lag,0.022734755850742014,0.0025641489108372754,0.0005168691235928482,0.20157531468173356,0.006683927034398461,0.007633884048601382,4.467488060116261e-05,0.005852182233413353,0.0958821659052634,0.00174634718105653,0.009193389738684455,5.2643539832225725,"{'n_estimators': 40, 'learning_rate': 0.1, 'max_depth': 1, 'subsample': 1.0, 'min_samples_leaf': 50}","{'n_estimators': 60, 'learning_rate': 0.1, 'max_depth': 1, 'subsample': 1.0, 'min_samples_leaf': 50}"
1,6400,lagged,nonparametric,raw,lagged_shared_easy_linear_last_lag,0.023418344478922007,0.002725200524889742,0.0005484188581334568,0.20123981818022185,0.00690064955386774,0.008139108301342736,4.7618964265295036e-05,0.0058506365196589385,0.09013890260061261,0.0015435815644381683,0.008125021762042727,5.26374630873495,"{'n_estimators': 40, 'learning_rate': 0.1, 'max_depth': 1, 'subsample': 1.0, 'min_samples_leaf': 50}","{'n_estimators': 60, 'learning_rate': 0.1, 'max_depth': 1, 'subsample': 1.0, 'min_samples_leaf': 50}"
2,6400,lagged,nonparametric,raw,lagged_shared_easy_linear_last_lag,0.02647150002248959,0.003469082117474354,0.0007007403134406663,0.20199588528357937,0.006845077755407833,0.007996375561707555,4.6855089477579146e-05,0.005859540877739071,0.1418262469559163,0.003821999322119117,0.02011468432560056,5.262869673783177,"{'n_estimators': 40, 'learning_rate': 0.1, 'max_depth': 1, 'subsample': 1.0, 'min_samples_leaf': 50}","{'n_estimators': 60, 'learning_rate': 0.1, 'max_depth': 1, 'subsample': 1.0, 'min_samples_leaf': 50}"
3,6400,lagged,nonparametric,raw,lagged_shared_easy_linear_last_lag,0.020093047968989433,0.002005165937597154,0.0004037305766841104,0.20134521992125595,0.006213720466623414,0.006601552702994723,3.86103220373347e-05,0.005848672846286532,0.07524938728928625,0.0010755022505130626,0.0056624702874129955,5.2649543826726015,"{'n_estimators': 40, 'learning_rate': 0.1, 'max_depth': 1, 'subsample': 1.0, 'min_samples_leaf': 50}","{'n_estimators': 60, 'learning_rate': 0.1, 'max_depth': 1, 'subsample': 1.0, 'min_samples_leaf': 50}"
4,6400,lagged,nonparametric,raw,lagged_shared_easy_linear_last_lag,0.02808133665798487,0.003911254303183606,0.0007885614684990849,0.20161344862113084,0.006589316251103549,0.007417418281904988,4.3419088657057335e-05,0.005853665926186135,0.07236102469202528,0.0009947258387349696,0.005236117894479892,5.263880448846951,"{'n_estimators': 40, 'learning_rate': 0.1, 'max_depth': 1, 'subsample': 1.0, 'min_samples_leaf': 50}","{'n_estimators': 60, 'learning_rate': 0.1, 'max_depth': 1, 'subsample': 1.0, 'min_samples_leaf': 50}"
5,6400,lagged,nonparametric,raw,lagged_shared_easy_linear_last_lag,0.021121610291546303,0.0022091263505657505,0.0004461224213079547,0.20194518126756492,0.006753768197217844,0.0077923229672092415,4.561338486175117e-05,0.005853631202620346,0.10280353003548291,0.002007275458714956,0.010568565787756437,5.265129776718518,"{'n_estimators': 40, 'learning_rate': 0.1, 'max_depth': 1, 'subsample': 1.0, 'min_samples_leaf': 50}","{'n_estimators': 60, 'learning_rate': 0.1, 'max_depth': 1, 'subsample': 1.0, 'min_samples_leaf': 50}"
6,6400,lagged,nonparametric,raw,lagged_shared_easy_linear_last_lag,0.024276170830628552,0.002928278271802922,0.0005893324701978605,0.20125562378161974,0.007158087399208335,0.008754713704143753,5.123821521470515e-05,0.005852643152734194,0.09519603457085239,0.0017218947053009265,0.009062284998014923,5.262972799739898,"{'n_estimators': 40, 'learning_rate': 0.1, 'max_depth': 1, 'subsample': 1.0, 'min_samples_leaf': 50}","{'n_estimators': 60, 'learning_rate': 0.1, 'max_depth': 1, 'subsample': 1.0, 'min_samples_leaf': 50}"
7,6400,lagged,nonparametric,raw,lagged_shared_easy_linear_last_lag,0.023719893019079952,0.0027973164315251062,0.0005626333248365978,0.20113324273787941,0.006186471722707203,0.006548903931566244,3.827243237585583e-05,0.005844097390309793,0.09942803633633987,0.0018772896881933431,0.00988593440970052,5.266067603670959,"{'n_estimators': 40, 'learning_rate': 0.1, 'max_depth': 1, 'subsample': 1.0, 'min_samples_leaf': 50}","{'n_estimators': 60, 'learning_rate': 0.1, 'max_depth': 1, 'subsample': 1.0, 'min_samples_leaf': 50}"
8,6400,lagged,nonparametric,raw,lagged_shared_easy_linear_last_lag,0.02632612747533755,0.0034404897543834968,0.0006930649878477226,0.20144370055591498,0.007969270196670366,0.010849448118536052,6.350926746753855e-05,0.005853686452404368,0.12272789277650793,0.0028617610213349633,0.015062135665362028,5.26324020526906,"{'n_estimators': 40, 'learning_rate': 0.1, 'max_depth': 1, 'subsample': 1.0, 'min_samples_leaf': 50}","{'n_estimators': 60, 'learning_rate': 0.1, 'max_depth': 1, 'subsample': 1.0, 'min_samples_leaf': 50}"
9,6400,lagged,nonparametric,raw,lagged_shared_easy_linear_last_lag,0.02492233501304531,0.003080409341641215,0.0006211227825024642,0.20163644295778413,0.007446126078108894,0.009482117425657468,5.544479357109334e-05,0.005847300880398971,0.0988889160176575,0.0018567953818754224,0.009779017711147316,5.26661031506347,"{'n_estimators': 40, 'learning_rate': 0.1, 'max_depth': 1, 'subsample': 1.0, 'min_samples_leaf': 50}","{'n_estimators': 60, 'learning_rate': 0.1, 'max_depth': 1, 'subsample': 1.0, 'min_samples_leaf': 50}"
10,6400,lagged,nonparametric,raw,lagged_shared_easy_linear_last_lag,0.026444686528838187,0.003474443415021149,0.0006993214456085159,0.20127581948381196,0.0070752876681583745,0.008559424759232602,5.0059695587193974e-05,0.005848488303281971,0.07769009689602355,0.0011464410178792473,0.006035751155713528,5.264772510389421,"{'n_estimators': 40, 'learning_rate': 0.1, 'max_depth': 1, 'subsample': 1.0, 'min_samples_leaf': 50}","{'n_estimators': 60, 'learning_rate': 0.1, 'max_depth': 1, 'subsample': 1.0, 'min_samples_leaf': 50}"
11,6400,lagged,nonparametric,raw,lagged_shared_easy_linear_last_lag,0.024984776229556034,0.003103595243179214,0.0006242390432409882,0.20113416677412474,0.006917284025920019,0.008174209447933895,4.7848818295248266e-05,0.005853632525570101,0.20745339836813528,0.008178640358522464,0.04303691249448823,5.262110889818266,"{'n_estimators': 40, 'learning_rate': 0.1, 'max_depth': 1, 'subsample': 1.0, 'min_samples_leaf': 50}","{'n_estimators': 60, 'learning_rate': 0.1, 'max_depth': 1, 'subsample': 1.0, 'min_samples_leaf': 50}"
12,6400,lagged,nonparametric,raw,lagged_shared_easy_linear_last_lag,0.02731268517565219,0.00369966090879786,0.0007459827715042909,0.20163544440798087,0.006322170078054887,0.00683398284484973,3.9969834495852536e-05,0.0058486881520305335,0.12113930987616046,0.0027866787423655648,0.01467473239727243,5.266029475939984,"{'n_estimators': 40, 'learning_rate': 0.1, 'max_depth': 1, 'subsample': 1.0, 'min_samples_leaf': 50}","{'n_estimators': 60, 'learning_rate': 0.1, 'max_depth': 1, 'subsample': 1.0, 'min_samples_leaf': 50}"
13,6400,lagged,nonparametric,raw,lagged_shared_easy_linear_last_lag,0.02692403601170638,0.003603131103703338,0.000724903715159662,0.20118716036022058,0.0055914584843303255,0.005350882837990972,3.126440798198958e-05,0.005842850409658386,0.07456840683691167,0.001055756771982896,0.005560447298195174,5.266788190002969,"{'n_estimators': 40, 'learning_rate': 0.1, 'max_depth': 1, 'subsample': 1.0, 'min_samples_leaf': 50}","{'n_estimators': 60, 'learning_rate': 0.1, 'max_depth': 1, 'subsample': 1.0, 'min_samples_leaf': 50}"
14,6400,lagged,nonparametric,raw,lagged_shared_easy_linear_last_lag,0.02516192779499011,0.0031447560969214638,0.0006331226103602958,0.2013264593015931,0.006971171738630329,0.008314972052820103,4.85972354094782e-05,0.005844545850637704,0.1091209486426838,0.002260923215206536,0.011907381432679238,5.266601427502037,"{'n_estimators': 40, 'learning_rate': 0.1, 'max_depth': 1, 'subsample': 1.0, 'min_samples_leaf': 50}","{'n_estimators': 60, 'learning_rate': 0.1, 'max_depth': 1, 'subsample': 1.0, 'min_samples_leaf': 50}"
15,6400,lagged,nonparametric,raw,lagged_shared_easy_linear_last_lag,0.027501789495548615,0.0037621094666673753,0.0007563484254574681,0.20104370491044518,0.00727167118349303,0.009079650011768768,5.287720180084293e-05,0.005823704849009059,0.10889081543618041,0.00224812262669607,0.011857209686356307,5.274271761492892,"{'n_estimators': 40, 'learning_rate': 0.1, 'max_depth': 1, 'subsample': 1.0, 'min_samples_leaf': 50}","{'n_estimators': 60, 'learning_rate': 0.1, 'max_depth': 1, 'subsample': 1.0, 'min_samples_leaf': 50}"
16,6400,lagged,nonparametric,raw,lagged_shared_easy_linear_last_lag,0.022460579408638593,0.0025105197772693926,0.0005044776273717599,0.20094549022850686,0.004639002482617223,0.0036856375089366748,2.152034403372876e-05,0.005838974663554878,0.0688747641625732,0.0009005658551016586,0.004743733138450077,5.267502772370367,"{'n_estimators': 40, 'learning_rate': 0.1, 'max_depth': 1, 'subsample': 1.0, 'min_samples_leaf': 50}","{'n_estimators': 60, 'learning_rate': 0.1, 'max_depth': 1, 'subsample': 1.0, 'min_samples_leaf': 50}"
17,6400,lagged,nonparametric,raw,lagged_shared_easy_linear_last_lag,0.025883796664493176,0.003328201450191207,0.000669970929768828,0.2013011951936797,0.006730717328149616,0.007748547217679308,4.5302555751453505e-05,0.005846587041257217,0.0833251056553599,0.001318557679495565,0.00694307323247689,5.265657574519662,"{'n_estimators': 40, 'learning_rate': 0.1, 'max_depth': 1, 'subsample': 1.0, 'min_samples_leaf': 50}","{'n_estimators': 60, 'learning_rate': 0.1, 'max_depth': 1, 'subsample': 1.0, 'min_samples_leaf': 50}"
18,6400,lagged,nonparametric,raw,lagged_shared_easy_linear_last_lag,0.022400253515216077,0.0024944621318642047,0.0005017713575459502,0.20115412903500673,0.007949968292128773,0.010815351120673998,6.320199584585286e-05,0.00584373037367595,0.11284967114081668,0.002418216255693912,0.012735048276590473,5.266298349704925,"{'n_estimators': 40, 'learning_rate': 0.1, 'max_depth': 1, 'subsample': 1.0, 'min_samples_leaf': 50}","{'n_estimators': 60, 'learning_rate': 0.1, 'max_depth': 1, 'subsample': 1.0, 'min_samples_leaf': 50}"
19,6400,lagged,nonparametric,raw,lagged_shared_easy_linear_last_lag,0.022392788063517594,0.002495514143457059,0.0005014369572576161,0.20093532972847464,0.005916182383032538,0.005995129887439044,3.500121398930456e-05,0.005838274507219413,0.18871911487343343,0.0067609237384545565,0.03561490431861216,5.267757143309115,"{'n_estimators': 40, 'learning_rate': 0.1, 'max_depth': 1, 'subsample': 1.0, 'min_samples_leaf': 50}","{'n_estimators': 60, 'learning_rate': 0.1, 'max_depth': 1, 'subsample': 1.0, 'min_samples_leaf': 50}"
0,12800,lagged,nonparametric,raw,lagged_shared_easy_linear_last_lag,0.021378539989515798,0.0022699058505551376,0.0004570419720833261,0.20134842683961982,0.00460751277395326,0.003629992850209617,2.1229173962142468e-05,0.005848268808826048,0.1078317549061156,0.0022084313141621363,0.011627687366132587,5.2651342568668715,"{'n_estimators': 40, 'learning_rate': 0.1, 'max_depth': 1, 'subsample': 1.0, 'min_samples_leaf': 50}","{'n_estimators': 60, 'learning_rate': 0.1, 'max_depth': 1, 'subsample': 1.0, 'min_samples_leaf': 50}"
1,12800,lagged,nonparametric,raw,lagged_shared_easy_linear_last_lag,0.01882265458298817,0.0017568813241625768,0.0003542923255504855,0.20165979379361898,0.00481335327954304,0.0039593323986733655,2.3168369793687736e-05,0.005851584929179134,0.05876653950216726,0.0006559469968418333,0.0034535061650597847,5.264916497350043,"{'n_estimators': 40, 'learning_rate': 0.1, 'max_depth': 1, 'subsample': 1.0, 'min_samples_leaf': 50}","{'n_estimators': 60, 'learning_rate': 0.1, 'max_depth': 1, 'subsample': 1.0, 'min_samples_leaf': 50}"
2,12800,lagged,nonparametric,raw,lagged_shared_easy_linear_last_lag,0.021981919240934112,0.0024060892565841265,0.0004832047735149493,0.20082578906525886,0.005608697989050984,0.005392375146137275,3.1457493132384544e-05,0.005833698932263368,0.07759005184373317,0.0011425162902807967,0.006020216145113201,5.269260662912395,"{'n_estimators': 40, 'learning_rate': 0.1, 'max_depth': 1, 'subsample': 1.0, 'min_samples_leaf': 50}","{'n_estimators': 60, 'learning_rate': 0.1, 'max_depth': 1, 'subsample': 1.0, 'min_samples_leaf': 50}"
3,12800,lagged,nonparametric,raw,lagged_shared_easy_linear_last_lag,0.021019595683818535,0.002192320519292805,0.0004418234027112028,0.20153230279198656,0.004423069575362987,0.0033400087357690227,1.956354446850172e-05,0.005857333323410394,0.1020397678147295,0.0019787146681132604,0.010412114215683905,5.262059448728927,"{'n_estimators': 40, 'learning_rate': 0.1, 'max_depth': 1, 'subsample': 1.0, 'min_samples_leaf': 50}","{'n_estimators': 60, 'learning_rate': 0.1, 'max_depth': 1, 'subsample': 1.0, 'min_samples_leaf': 50}"
4,12800,lagged,nonparametric,raw,lagged_shared_easy_linear_last_lag,0.0240465259852041,0.0028778547481108896,0.0005782354119570961,0.20092585017943218,0.004365956670868413,0.0032659008422067618,1.9061577651900396e-05,0.005836545128853493,0.06311819663666533,0.000756182772821074,0.003983906746664751,5.268444204040882,"{'n_estimators': 40, 'learning_rate': 0.1, 'max_depth': 1, 'subsample': 1.0, 'min_samples_leaf': 50}","{'n_estimators': 60, 'learning_rate': 0.1, 'max_depth': 1, 'subsample': 1.0, 'min_samples_leaf': 50}"
5,12800,lagged,nonparametric,raw,lagged_shared_easy_linear_last_lag,0.0225247004955529,0.0025209419719358674,0.000507362132414361,0.20125894925885593,0.005128363275258764,0.004490759798981789,2.63001098830228e-05,0.0058564944597985285,0.055756099717126646,0.0005908595511478858,0.00310874265566617,5.261390206228697,"{'n_estimators': 40, 'learning_rate': 0.1, 'max_depth': 1, 'subsample': 1.0, 'min_samples_leaf': 50}","{'n_estimators': 60, 'learning_rate': 0.1, 'max_depth': 1, 'subsample': 1.0, 'min_samples_leaf': 50}"
6,12800,lagged,nonparametric,raw,lagged_shared_easy_linear_last_lag,0.021175507636812706,0.0022265559964876683,0.0004484021236767132,0.20138820868824114,0.005510263471777649,0.005194122639058424,3.0363003528407066e-05,0.005845646250260889,0.08126496464039751,0.0012539928069026595,0.006603994478005057,5.266373492457911,"{'n_estimators': 40, 'learning_rate': 0.1, 'max_depth': 1, 'subsample': 1.0, 'min_samples_leaf': 50}","{'n_estimators': 60, 'learning_rate': 0.1, 'max_depth': 1, 'subsample': 1.0, 'min_samples_leaf': 50}"
7,12800,lagged,nonparametric,raw,lagged_shared_easy_linear_last_lag,0.019503020502168383,0.0018909794303728698,0.00038036780870800025,0.20114857020575735,0.004482481094380001,0.0034427232782781336,2.0092636761474136e-05,0.005836262498426362,0.056669746556920315,0.0006094552524109078,0.003211460174825582,5.269394532447719,"{'n_estimators': 40, 'learning_rate': 0.1, 'max_depth': 1, 'subsample': 1.0, 'min_samples_leaf': 50}","{'n_estimators': 60, 'learning_rate': 0.1, 'max_depth': 1, 'subsample': 1.0, 'min_samples_leaf': 50}"
8,12800,lagged,nonparametric,raw,lagged_shared_easy_linear_last_lag,0.024688066832182342,0.003029491933228402,0.0006095006439103019,0.20118906316439097,0.004350635451679803,0.0032350332560415296,1.8928028833413124e-05,0.005850953401503498,0.08797935289554647,0.0014705947715464864,0.007740366535919101,5.263425850330805,"{'n_estimators': 40, 'learning_rate': 0.1, 'max_depth': 1, 'subsample': 1.0, 'min_samples_leaf': 50}","{'n_estimators': 60, 'learning_rate': 0.1, 'max_depth': 1, 'subsample': 1.0, 'min_samples_leaf': 50}"
9,12800,lagged,nonparametric,raw,lagged_shared_easy_linear_last_lag,0.021818614840573958,0.0023644226011213156,0.0004760519535613142,0.20133962233974118,0.005101231998424862,0.004447219451466236,2.6022567901753712e-05,0.0058514242856115735,0.06609742497946708,0.000829985384068091,0.004368869588916279,5.263790992924114,"{'n_estimators': 40, 'learning_rate': 0.1, 'max_depth': 1, 'subsample': 1.0, 'min_samples_leaf': 50}","{'n_estimators': 60, 'learning_rate': 0.1, 'max_depth': 1, 'subsample': 1.0, 'min_samples_leaf': 50}"
10,12800,lagged,nonparametric,raw,lagged_shared_easy_linear_last_lag,0.022648215989763597,0.0025452151470495223,0.0005129416875189835,0.20153175974675402,0.0047233630284990846,0.0038129716490862306,2.2310158298992046e-05,0.005851120950332432,0.06717062914053877,0.0008570196622939452,0.004511893419135797,5.26463232717324,"{'n_estimators': 40, 'learning_rate': 0.1, 'max_depth': 1, 'subsample': 1.0, 'min_samples_leaf': 50}","{'n_estimators': 60, 'learning_rate': 0.1, 'max_depth': 1, 'subsample': 1.0, 'min_samples_leaf': 50}"
11,12800,lagged,nonparametric,raw,lagged_shared_easy_linear_last_lag,0.024331802978821877,0.002936500507235426,0.0005920366362002051,0.20161298618592075,0.005875910270110483,0.005895124265030899,3.4526321502389857e-05,0.005856758899417176,0.09833075379639686,0.0018372937839290433,0.009668937142167615,5.26259721049654,"{'n_estimators': 40, 'learning_rate': 0.1, 'max_depth': 1, 'subsample': 1.0, 'min_samples_leaf': 50}","{'n_estimators': 60, 'learning_rate': 0.1, 'max_depth': 1, 'subsample': 1.0, 'min_samples_leaf': 50}"
12,12800,lagged,nonparametric,raw,lagged_shared_easy_linear_last_lag,0.020572977074982953,0.0021037179919296232,0.0004232473857277742,0.20119017251906135,0.004696340211010348,0.003772851244386281,2.205561137755272e-05,0.0058458735711803675,0.06945851711516933,0.0009162374791892423,0.00482448559983827,5.265540549713539,"{'n_estimators': 40, 'learning_rate': 0.1, 'max_depth': 1, 'subsample': 1.0, 'min_samples_leaf': 50}","{'n_estimators': 60, 'learning_rate': 0.1, 'max_depth': 1, 'subsample': 1.0, 'min_samples_leaf': 50}"
13,12800,lagged,nonparametric,raw,lagged_shared_easy_linear_last_lag,0.023647169813237653,0.00278111371635131,0.0005591886401760982,0.201066442155313,0.004580881468522615,0.0035925234055294913,2.0984475028653912e-05,0.005841151931357027,0.05638817627384573,0.0006036830738505404,0.003179626423490298,5.267045841138671,"{'n_estimators': 40, 'learning_rate': 0.1, 'max_depth': 1, 'subsample': 1.0, 'min_samples_leaf': 50}","{'n_estimators': 60, 'learning_rate': 0.1, 'max_depth': 1, 'subsample': 1.0, 'min_samples_leaf': 50}"
14,12800,lagged,nonparametric,raw,lagged_shared_easy_linear_last_lag,0.02103569960952311,0.002195358317147745,0.00044250065806209074,0.20156192936968795,0.004810701259043329,0.0039543809300122,2.3142846603761074e-05,0.005852457568798177,0.07785718957106202,0.0011515051860299336,0.006061741967904289,5.26418989809631,"{'n_estimators': 40, 'learning_rate': 0.1, 'max_depth': 1, 'subsample': 1.0, 'min_samples_leaf': 50}","{'n_estimators': 60, 'learning_rate': 0.1, 'max_depth': 1, 'subsample': 1.0, 'min_samples_leaf': 50}"
15,12800,lagged,nonparametric,raw,lagged_shared_easy_linear_last_lag,0.02209389018765723,0.0024258775384404865,0.00048813998362425644,0.20122202208857784,0.003981716289592608,0.0027109580013176017,1.585406461080713e-05,0.005848140990418004,0.049949438859454,0.0004738994939380609,0.0024949464423743334,5.264716409890122,"{'n_estimators': 40, 'learning_rate': 0.1, 'max_depth': 1, 'subsample': 1.0, 'min_samples_leaf': 50}","{'n_estimators': 60, 'learning_rate': 0.1, 'max_depth': 1, 'subsample': 1.0, 'min_samples_leaf': 50}"
16,12800,lagged,nonparametric,raw,lagged_shared_easy_linear_last_lag,0.022602539543802584,0.0025396297259230247,0.0005108747938291596,0.20116113330004548,0.006244979461931526,0.006686596498754124,3.899976847994657e-05,0.00583252907323078,0.10774774499488209,0.002202535840825232,0.011609576551482138,5.271004601283734,"{'n_estimators': 40, 'learning_rate': 0.1, 'max_depth': 1, 'subsample': 1.0, 'min_samples_leaf': 50}","{'n_estimators': 60, 'learning_rate': 0.1, 'max_depth': 1, 'subsample': 1.0, 'min_samples_leaf': 50}"
17,12800,lagged,nonparametric,raw,lagged_shared_easy_linear_last_lag,0.02102237303811642,0.002195796311194878,0.0004419401681537242,0.20126646806926976,0.004871933461138925,0.00405916614270485,2.3735735649765102e-05,0.005847441276189954,0.07459366077878873,0.0010567961128983593,0.0055642142283810056,5.265172875324685,"{'n_estimators': 40, 'learning_rate': 0.1, 'max_depth': 1, 'subsample': 1.0, 'min_samples_leaf': 50}","{'n_estimators': 60, 'learning_rate': 0.1, 'max_depth': 1, 'subsample': 1.0, 'min_samples_leaf': 50}"
18,12800,lagged,nonparametric,raw,lagged_shared_easy_linear_last_lag,0.02066982441773718,0.002119987324200236,0.0004272416414600842,0.20153028114036523,0.0053305020650956094,0.004856459959246781,2.841425226598856e-05,0.005850815718533281,0.08402505687315323,0.0013410333649676487,0.007060210182536636,5.264753560182268,"{'n_estimators': 40, 'learning_rate': 0.1, 'max_depth': 1, 'subsample': 1.0, 'min_samples_leaf': 50}","{'n_estimators': 60, 'learning_rate': 0.1, 'max_depth': 1, 'subsample': 1.0, 'min_samples_leaf': 50}"
19,12800,lagged,nonparametric,raw,lagged_shared_easy_linear_last_lag,0.022306197039694737,0.0024711748382570584,0.0004975664263736863,0.20134812748604397,0.004833888875686559,0.00399664919464946,2.3366481662486263e-05,0.0058465180516139095,0.06811254555345642,0.0008810180640990697,0.004639318861771676,5.265861224441351,"{'n_estimators': 40, 'learning_rate': 0.1, 'max_depth': 1, 'subsample': 1.0, 'min_samples_leaf': 50}","{'n_estimators': 60, 'learning_rate': 0.1, 'max_depth': 1, 'subsample': 1.0, 'min_samples_leaf': 50}"
0,25600,lagged,nonparametric,raw,lagged_shared_easy_linear_last_lag,0.020768647327098457,0.002143578479233057,0.0004313367117973939,0.20122272917748282,0.004603761855227373,0.003627194159598436,2.1194623219646585e-05,0.005843255774869528,0.054114712662705455,0.0005560167160585275,0.0029284021265671744,5.2667519554554625,"{'n_estimators': 40, 'learning_rate': 0.1, 'max_depth': 1, 'subsample': 1.0, 'min_samples_leaf': 50}","{'n_estimators': 60, 'learning_rate': 0.1, 'max_depth': 1, 'subsample': 1.0, 'min_samples_leaf': 50}"
1,25600,lagged,nonparametric,raw,lagged_shared_easy_linear_last_lag,0.017916996636747704,0.0015957768317932126,0.0003210187684812286,0.20116770846991938,0.0037851588665833167,0.0024523064861277097,1.4327427645274297e-05,0.005842429454198394,0.05081855512018924,0.0004903320593185135,0.002582525544503712,5.26689106988645,"{'n_estimators': 40, 'learning_rate': 0.1, 'max_depth': 1, 'subsample': 1.0, 'min_samples_leaf': 50}","{'n_estimators': 60, 'learning_rate': 0.1, 'max_depth': 1, 'subsample': 1.0, 'min_samples_leaf': 50}"
2,25600,lagged,nonparametric,raw,lagged_shared_easy_linear_last_lag,0.019266853840146928,0.0018436533756003735,0.0003712116568975844,0.20134568775798312,0.003912109795708646,0.002617552870621998,1.5304603053679545e-05,0.005846912673837521,0.0845963410717934,0.001359089444538507,0.007156540922735198,5.265687958576763,"{'n_estimators': 40, 'learning_rate': 0.1, 'max_depth': 1, 'subsample': 1.0, 'min_samples_leaf': 50}","{'n_estimators': 60, 'learning_rate': 0.1, 'max_depth': 1, 'subsample': 1.0, 'min_samples_leaf': 50}"
3,25600,lagged,nonparametric,raw,lagged_shared_easy_linear_last_lag,0.019535483593345313,0.001892136719575743,0.00038163511922586384,0.20169531898912385,0.003784006213226636,0.002447531852695054,1.4318703021737785e-05,0.0058502621757388,0.11874156620920934,0.0026776747554593276,0.014099559545816044,5.265598264714345,"{'n_estimators': 40, 'learning_rate': 0.1, 'max_depth': 1, 'subsample': 1.0, 'min_samples_leaf': 50}","{'n_estimators': 60, 'learning_rate': 0.1, 'max_depth': 1, 'subsample': 1.0, 'min_samples_leaf': 50}"
4,25600,lagged,nonparametric,raw,lagged_shared_easy_linear_last_lag,0.021009043983636372,0.002191321806916674,0.0004413799291063677,0.201421775529819,0.0036448443045310436,0.0022711237200470085,1.3284890004272387e-05,0.00584947877872431,0.05334134095775479,0.000540427379432296,0.0028452986551714492,5.2649047096029005,"{'n_estimators': 40, 'learning_rate': 0.1, 'max_depth': 1, 'subsample': 1.0, 'min_samples_leaf': 50}","{'n_estimators': 60, 'learning_rate': 0.1, 'max_depth': 1, 'subsample': 1.0, 'min_samples_leaf': 50}"
5,25600,lagged,nonparametric,raw,lagged_shared_easy_linear_last_lag,0.01817412710072241,0.0016402835234780356,0.0003302988958732128,0.2013669534233029,0.00402782498446332,0.0027763069570397873,1.6223374105466942e-05,0.005843508789375715,0.04991999038368872,0.00047311906607058876,0.0024920054399075737,5.267184560124596,"{'n_estimators': 40, 'learning_rate': 0.1, 'max_depth': 1, 'subsample': 1.0, 'min_samples_leaf': 50}","{'n_estimators': 60, 'learning_rate': 0.1, 'max_depth': 1, 'subsample': 1.0, 'min_samples_leaf': 50}"
6,25600,lagged,nonparametric,raw,lagged_shared_easy_linear_last_lag,0.019861731104566512,0.001958683787056203,0.00039448836247010495,0.20140482352335182,0.0034261091546344555,0.002007252028290764,1.1738223939470022e-05,0.005847907374872839,0.05114414440999085,0.0004967669078870113,0.0026157235074299985,5.265494673459489,"{'n_estimators': 40, 'learning_rate': 0.1, 'max_depth': 1, 'subsample': 1.0, 'min_samples_leaf': 50}","{'n_estimators': 60, 'learning_rate': 0.1, 'max_depth': 1, 'subsample': 1.0, 'min_samples_leaf': 50}"
7,25600,lagged,nonparametric,raw,lagged_shared_easy_linear_last_lag,0.019653467491118626,0.0019193480051362143,0.0003862587844244566,0.20124478905900348,0.004040314675226168,0.0027936283288450365,1.6324142674847934e-05,0.005843348059688665,0.05641672288061149,0.0006043231492554556,0.003182846620587712,5.266795793788597,"{'n_estimators': 40, 'learning_rate': 0.1, 'max_depth': 1, 'subsample': 1.0, 'min_samples_leaf': 50}","{'n_estimators': 60, 'learning_rate': 0.1, 'max_depth': 1, 'subsample': 1.0, 'min_samples_leaf': 50}"
8,25600,lagged,nonparametric,raw,lagged_shared_easy_linear_last_lag,0.020214307118283186,0.002029852849216837,0.00040861821227227427,0.20130435190409413,0.0031285027107216634,0.0016729197488006197,9.787529210992795e-06,0.00585056708070417,0.03981678815369244,0.0003011724874696497,0.0015853766188760224,5.264015422510288,"{'n_estimators': 40, 'learning_rate': 0.1, 'max_depth': 1, 'subsample': 1.0, 'min_samples_leaf': 50}","{'n_estimators': 60, 'learning_rate': 0.1, 'max_depth': 1, 'subsample': 1.0, 'min_samples_leaf': 50}"
9,25600,lagged,nonparametric,raw,lagged_shared_easy_linear_last_lag,0.02035532200329958,0.0020601455170488883,0.00041433913385801214,0.20112129479646831,0.004403209051122259,0.0033160715906845268,1.938824994788499e-05,0.005846752525593915,0.052840715345471405,0.0005303294500945091,0.002792141198221137,5.264918246051684,"{'n_estimators': 40, 'learning_rate': 0.1, 'max_depth': 1, 'subsample': 1.0, 'min_samples_leaf': 50}","{'n_estimators': 60, 'learning_rate': 0.1, 'max_depth': 1, 'subsample': 1.0, 'min_samples_leaf': 50}"
10,25600,lagged,nonparametric,raw,lagged_shared_easy_linear_last_lag,0.018045140495779446,0.0016169839601194035,0.00032562709551241925,0.2013792984615468,0.003830709003375065,0.002505680524824433,1.4674331468538781e-05,0.005856425559107131,0.04838963162232954,0.00044500494096829946,0.0023415564485447546,5.26186617939498,"{'n_estimators': 40, 'learning_rate': 0.1, 'max_depth': 1, 'subsample': 1.0, 'min_samples_leaf': 50}","{'n_estimators': 60, 'learning_rate': 0.1, 'max_depth': 1, 'subsample': 1.0, 'min_samples_leaf': 50}"
11,25600,lagged,nonparametric,raw,lagged_shared_easy_linear_last_lag,0.021878468526253757,0.0023777400512672276,0.00047866738505427623,0.201311907413583,0.003272701472476842,0.0018322476829977093,1.0710574927952091e-05,0.005845593380928009,0.04701621055933784,0.0004197640452289587,0.002210524055359991,5.266110998511722,"{'n_estimators': 40, 'learning_rate': 0.1, 'max_depth': 1, 'subsample': 1.0, 'min_samples_leaf': 50}","{'n_estimators': 60, 'learning_rate': 0.1, 'max_depth': 1, 'subsample': 1.0, 'min_samples_leaf': 50}"
12,25600,lagged,nonparametric,raw,lagged_shared_easy_linear_last_lag,0.01823659955891695,0.0016489853131524367,0.0003325735634722899,0.20168376323285414,0.0037878973518161692,0.0024474935523804238,1.4348166347895947e-05,0.005862391888199652,0.06089187302497281,0.0007048375305358462,0.0037078202004894112,5.260531739379109,"{'n_estimators': 40, 'learning_rate': 0.1, 'max_depth': 1, 'subsample': 1.0, 'min_samples_leaf': 50}","{'n_estimators': 60, 'learning_rate': 0.1, 'max_depth': 1, 'subsample': 1.0, 'min_samples_leaf': 50}"
13,25600,lagged,nonparametric,raw,lagged_shared_easy_linear_last_lag,0.018940326898681074,0.0017824592224429839,0.0003587359830289019,0.20125901255526585,0.003823437088482478,0.002501111882000654,1.461867116958337e-05,0.005844868946002452,0.056750923854027045,0.0006115715260853349,0.0032206673582855757,5.266215349987016,"{'n_estimators': 40, 'learning_rate': 0.1, 'max_depth': 1, 'subsample': 1.0, 'min_samples_leaf': 50}","{'n_estimators': 60, 'learning_rate': 0.1, 'max_depth': 1, 'subsample': 1.0, 'min_samples_leaf': 50}"
14,25600,lagged,nonparametric,raw,lagged_shared_easy_linear_last_lag,0.02095027729391039,0.0021805195376765527,0.00043891411869173726,0.2012887805442097,0.0035030461266057156,0.0021019271698425462,1.2271332165127306e-05,0.0058381338522050415,0.050445828678094995,0.00048295994384946596,0.002544781631019711,5.269136008954183,"{'n_estimators': 40, 'learning_rate': 0.1, 'max_depth': 1, 'subsample': 1.0, 'min_samples_leaf': 50}","{'n_estimators': 60, 'learning_rate': 0.1, 'max_depth': 1, 'subsample': 1.0, 'min_samples_leaf': 50}"
15,25600,lagged,nonparametric,raw,lagged_shared_easy_linear_last_lag,0.020522631278677914,0.0020891643488753905,0.00042117839460056904,0.2016013698622092,0.003373160793565051,0.0019432606002162806,1.1378213739244404e-05,0.0058552176367791505,0.0667732697638303,0.0008471416755053652,0.0044586695549532545,5.263192313485723,"{'n_estimators': 40, 'learning_rate': 0.1, 'max_depth': 1, 'subsample': 1.0, 'min_samples_leaf': 50}","{'n_estimators': 60, 'learning_rate': 0.1, 'max_depth': 1, 'subsample': 1.0, 'min_samples_leaf': 50}"
16,25600,lagged,nonparametric,raw,lagged_shared_easy_linear_last_lag,0.018364697719125224,0.0016769086576861095,0.00033726212231484316,0.20112134359197353,0.004053977092818248,0.0028138934712482254,1.6434730269095092e-05,0.005840565905220552,0.09403693030897942,0.00167877595306826,0.008842944261935852,5.2674951924191,"{'n_estimators': 40, 'learning_rate': 0.1, 'max_depth': 1, 'subsample': 1.0, 'min_samples_leaf': 50}","{'n_estimators': 60, 'learning_rate': 0.1, 'max_depth': 1, 'subsample': 1.0, 'min_samples_leaf': 50}"
17,25600,lagged,nonparametric,raw,lagged_shared_easy_linear_last_lag,0.01969499260544448,0.0019270684257502598,0.0003878927337285128,0.2012864351599221,0.004451111130505079,0.0033898385160031083,1.98123902961062e-05,0.005844641331017325,0.06590397038983563,0.0008247233579276163,0.004343333313144332,5.2664123931912865,"{'n_estimators': 40, 'learning_rate': 0.1, 'max_depth': 1, 'subsample': 1.0, 'min_samples_leaf': 50}","{'n_estimators': 60, 'learning_rate': 0.1, 'max_depth': 1, 'subsample': 1.0, 'min_samples_leaf': 50}"
18,25600,lagged,nonparametric,raw,lagged_shared_easy_linear_last_lag,0.01906680125720746,0.0018062744898658415,0.0003635429101818481,0.2012667023874371,0.004119750623715104,0.002900585472118473,1.6972345201600987e-05,0.005851351516700887,0.061511955358335396,0.00071885340855368,0.003783720652005847,5.263549712616128,"{'n_estimators': 40, 'learning_rate': 0.1, 'max_depth': 1, 'subsample': 1.0, 'min_samples_leaf': 50}","{'n_estimators': 60, 'learning_rate': 0.1, 'max_depth': 1, 'subsample': 1.0, 'min_samples_leaf': 50}"
19,25600,lagged,nonparametric,raw,lagged_shared_easy_linear_last_lag,0.019802306659759784,0.0019494945881848023,0.00039213134904716665,0.20114513342265025,0.003605670584827888,0.0022241797810389884,1.3000860366293083e-05,0.00584523808602376,0.08796607321170348,0.0014695334903847993,0.007738030036286777,5.265637079329553,"{'n_estimators': 40, 'learning_rate': 0.1, 'max_depth': 1, 'subsample': 1.0, 'min_samples_leaf': 50}","{'n_estimators': 60, 'learning_rate': 0.1, 'max_depth': 1, 'subsample': 1.0, 'min_samples_leaf': 50}"
